#options: 1080x1920 fps=24/1 timebase=1/24 bitdepth=8 cabac=1 ref=1 deblock=1:-1:-1 analyse=0x1:0 me=dia subme=2 psy=1 psy_rd=1.00:0.15 mixed_ref=0 me_range=16 chroma_me=1 trellis=0 8x8dct=0 cqm=0 deadzone=21,11 fast_pskip=1 chroma_qp_offset=0 threads=15 lookahead_threads=5 sliced_threads=0 nr=0 decimate=1 interlaced=0 bluray_compat=0 constrained_intra=0 bframes=3 b_pyramid=2 b_adapt=1 b_bias=0 direct=1 weightb=1 open_gop=0 weightp=2 keyint=250 keyint_min=24 scenecut=40 intra_refresh=0 rc_lookahead=40 rc=abr mbtree=1 bitrate=4526 ratetol=1.0 qcomp=0.60 qpmin=0 qpmax=69 qpstep=4 ip_ratio=1.40 aq=1:1.00
in:0 out:0 type:I dur:2 cpbdur:2 q:23.74 aq:16.62 tex:514361 mv:151153 misc:422 imb:8160 pmb:0 smb:0 d:- ref:;
in:4 out:1 type:P dur:2 cpbdur:2 q:24.44 aq:16.65 tex:413721 mv:63862 misc:1865 imb:5422 pmb:2347 smb:391 d:- ref:0 ;
in:2 out:2 type:B dur:2 cpbdur:2 q:24.44 aq:18.03 tex:267984 mv:77128 misc:4704 imb:1758 pmb:4662 smb:1740 d:- ref:0 ;
in:1 out:3 type:b dur:2 cpbdur:2 q:24.44 aq:18.68 tex:182994 mv:64604 misc:5610 imb:1196 pmb:4748 smb:2216 d:- ref:0 ;
in:3 out:4 type:b dur:2 cpbdur:2 q:24.44 aq:18.62 tex:177415 mv:62160 misc:5177 imb:1043 pmb:4524 smb:2593 d:- ref:0 ;
in:8 out:5 type:P dur:2 cpbdur:2 q:24.63 aq:16.27 tex:390314 mv:61611 misc:2339 imb:4783 pmb:2295 smb:1082 d:- ref:0 ;
in:6 out:6 type:B dur:2 cpbdur:2 q:24.54 aq:17.74 tex:253342 mv:75093 misc:4293 imb:1382 pmb:4443 smb:2335 d:- ref:0 ;
in:5 out:7 type:b dur:2 cpbdur:2 q:24.49 aq:18.71 tex:167222 mv:61865 misc:4841 imb:857 pmb:4485 smb:2818 d:- ref:0 ;
in:7 out:8 type:b dur:2 cpbdur:2 q:24.58 aq:18.77 tex:150041 mv:58170 misc:4973 imb:831 pmb:4146 smb:3183 d:- ref:0 ;
in:12 out:9 type:P dur:2 cpbdur:2 q:24.76 aq:16.29 tex:384052 mv:59356 misc:2776 imb:4401 pmb:2215 smb:1544 d:- ref:0 ;
in:10 out:10 type:B dur:2 cpbdur:2 q:24.69 aq:17.61 tex:243868 mv:73326 misc:4198 imb:1287 pmb:4282 smb:2591 d:- ref:0 ;
in:9 out:11 type:b dur:2 cpbdur:2 q:24.66 aq:18.58 tex:160840 mv:60439 misc:4657 imb:878 pmb:4221 smb:3061 d:- ref:0 ;
in:11 out:12 type:b dur:2 cpbdur:2 q:24.73 aq:18.77 tex:146669 mv:57620 misc:4639 imb:797 pmb:4108 smb:3255 d:- ref:0 ;
in:16 out:13 type:P dur:2 cpbdur:2 q:24.85 aq:16.53 tex:372537 mv:58040 misc:3007 imb:3967 pmb:2310 smb:1883 d:- ref:0 ;
in:14 out:14 type:B dur:2 cpbdur:2 q:24.80 aq:17.68 tex:240294 mv:71828 misc:4110 imb:1434 pmb:4033 smb:2693 d:- ref:0 ;
in:13 out:15 type:b dur:2 cpbdur:2 q:24.78 aq:18.65 tex:157915 mv:58940 misc:4441 imb:952 pmb:3916 smb:3292 d:- ref:0 ;
in:15 out:16 type:b dur:2 cpbdur:2 q:24.82 aq:18.61 tex:136327 mv:55392 misc:4913 imb:853 pmb:3892 smb:3415 d:- ref:0 ;
in:20 out:17 type:P dur:2 cpbdur:2 q:32.07 aq:23.13 tex:97353 mv:40195 misc:4148 imb:2897 pmb:1681 smb:3582 d:- ref:0 ;
in:18 out:18 type:B dur:2 cpbdur:2 q:28.46 aq:21.21 tex:94633 mv:53862 misc:5009 imb:1079 pmb:3207 smb:3874 d:- ref:0 ;
in:17 out:19 type:b dur:2 cpbdur:2 q:26.65 aq:20.67 tex:77666 mv:48227 misc:5291 imb:648 pmb:3494 smb:4018 d:- ref:0 ;
in:19 out:20 type:b dur:2 cpbdur:2 q:30.26 aq:23.77 tex:26210 mv:29763 misc:5651 imb:402 pmb:2292 smb:5466 d:- ref:0 ;
in:24 out:21 type:P dur:2 cpbdur:2 q:31.21 aq:22.01 tex:113132 mv:43399 misc:4541 imb:2940 pmb:1969 smb:3251 d:- ref:0 ;
in:22 out:22 type:B dur:2 cpbdur:2 q:31.64 aq:23.58 tex:47165 mv:41888 misc:5747 imb:802 pmb:2820 smb:4538 d:- ref:0 ;
in:21 out:23 type:b dur:2 cpbdur:2 q:31.85 aq:24.76 tex:20345 mv:27279 misc:5816 imb:405 pmb:2163 smb:5592 d:- ref:0 ;
in:23 out:24 type:b dur:2 cpbdur:2 q:31.42 aq:24.65 tex:19220 mv:26096 misc:5420 imb:351 pmb:2044 smb:5765 d:- ref:0 ;
in:28 out:25 type:P dur:2 cpbdur:2 q:30.76 aq:22.24 tex:122725 mv:44171 misc:4232 imb:3322 pmb:1863 smb:2975 d:- ref:0 ;
in:26 out:26 type:B dur:2 cpbdur:2 q:30.98 aq:23.61 tex:54873 mv:44164 misc:5539 imb:861 pmb:2847 smb:4452 d:- ref:0 ;
in:25 out:27 type:b dur:2 cpbdur:2 q:31.09 aq:24.94 tex:25206 mv:29016 misc:5474 imb:388 pmb:2163 smb:5609 d:- ref:0 ;
in:27 out:28 type:b dur:2 cpbdur:2 q:30.87 aq:24.56 tex:21923 mv:28200 misc:5725 imb:382 pmb:2174 smb:5604 d:- ref:0 ;
in:32 out:29 type:P dur:2 cpbdur:2 q:30.47 aq:21.00 tex:142466 mv:50830 misc:3824 imb:4913 pmb:2057 smb:1190 d:- ref:0 ;
in:30 out:30 type:B dur:2 cpbdur:2 q:30.61 aq:22.09 tex:77078 mv:50018 misc:6240 imb:1120 pmb:3991 smb:3049 d:- ref:0 ;
in:29 out:31 type:b dur:2 cpbdur:2 q:30.69 aq:23.11 tex:34355 mv:35624 misc:6821 imb:601 pmb:2973 smb:4586 d:- ref:0 ;
in:31 out:32 type:b dur:2 cpbdur:2 q:30.54 aq:23.60 tex:27232 mv:31762 misc:6086 imb:441 pmb:2509 smb:5210 d:- ref:0 ;
in:36 out:33 type:P dur:2 cpbdur:2 q:29.92 aq:21.12 tex:139596 mv:47763 misc:4385 imb:3243 pmb:2028 smb:2889 d:- ref:0 ;
in:34 out:34 type:B dur:2 cpbdur:2 q:30.19 aq:22.50 tex:68675 mv:48527 misc:5430 imb:989 pmb:3154 smb:4017 d:- ref:0 ;
in:33 out:35 type:b dur:2 cpbdur:2 q:30.33 aq:23.65 tex:34374 mv:34929 misc:5913 imb:572 pmb:2588 smb:5000 d:- ref:0 ;
in:35 out:36 type:b dur:2 cpbdur:2 q:30.05 aq:23.96 tex:31544 mv:33099 misc:5677 imb:521 pmb:2447 smb:5192 d:- ref:0 ;
in:40 out:37 type:P dur:2 cpbdur:2 q:29.19 aq:20.19 tex:154955 mv:48680 misc:4005 imb:3342 pmb:2064 smb:2754 d:- ref:0 ;
in:38 out:38 type:B dur:2 cpbdur:2 q:29.55 aq:22.11 tex:78636 mv:49527 misc:5285 imb:940 pmb:3259 smb:3961 d:- ref:0 ;
in:37 out:39 type:b dur:2 cpbdur:2 q:29.74 aq:23.14 tex:38200 mv:37199 misc:5913 imb:587 pmb:2702 smb:4871 d:- ref:0 ;
in:39 out:40 type:b dur:2 cpbdur:2 q:29.37 aq:23.07 tex:33067 mv:33596 misc:5569 imb:436 pmb:2532 smb:5192 d:- ref:0 ;
in:44 out:41 type:P dur:2 cpbdur:2 q:28.50 aq:19.96 tex:168997 mv:50064 misc:3907 imb:3278 pmb:2150 smb:2732 d:- ref:0 ;
in:42 out:42 type:B dur:2 cpbdur:2 q:28.85 aq:21.18 tex:85257 mv:52001 misc:5198 imb:866 pmb:3492 smb:3802 d:- ref:0 ;
in:41 out:43 type:b dur:2 cpbdur:2 q:29.02 aq:22.30 tex:41494 mv:37765 misc:5621 imb:516 pmb:2862 smb:4782 d:- ref:0 ;
in:43 out:44 type:b dur:2 cpbdur:2 q:28.67 aq:22.10 tex:40217 mv:35346 misc:5789 imb:489 pmb:2822 smb:4849 d:- ref:0 ;
in:48 out:45 type:P dur:2 cpbdur:2 q:28.02 aq:19.75 tex:191829 mv:50696 misc:3739 imb:3286 pmb:2115 smb:2759 d:- ref:0 ;
in:46 out:46 type:B dur:2 cpbdur:2 q:28.26 aq:20.99 tex:95449 mv:55156 misc:5051 imb:958 pmb:3415 smb:3787 d:- ref:0 ;
in:45 out:47 type:b dur:2 cpbdur:2 q:28.38 aq:22.30 tex:50292 mv:40499 misc:5241 imb:587 pmb:2918 smb:4655 d:- ref:0 ;
in:47 out:48 type:b dur:2 cpbdur:2 q:28.14 aq:21.82 tex:43714 mv:37588 misc:5626 imb:469 pmb:2906 smb:4785 d:- ref:0 ;
in:52 out:49 type:P dur:2 cpbdur:2 q:27.62 aq:19.06 tex:208773 mv:52912 misc:3547 imb:3374 pmb:2165 smb:2621 d:- ref:0 ;
in:50 out:50 type:B dur:2 cpbdur:2 q:27.82 aq:20.70 tex:114806 mv:58890 misc:4680 imb:1106 pmb:3483 smb:3571 d:- ref:0 ;
in:49 out:51 type:b dur:2 cpbdur:2 q:27.92 aq:21.38 tex:54036 mv:44330 misc:5562 imb:567 pmb:3169 smb:4424 d:- ref:0 ;
in:51 out:52 type:b dur:2 cpbdur:2 q:27.72 aq:21.61 tex:58824 mv:42062 misc:5546 imb:559 pmb:3137 smb:4464 d:- ref:0 ;
in:56 out:53 type:P dur:2 cpbdur:2 q:27.29 aq:19.09 tex:225267 mv:53685 misc:3392 imb:3388 pmb:2176 smb:2596 d:- ref:0 ;
in:54 out:54 type:B dur:2 cpbdur:2 q:27.45 aq:20.48 tex:121807 mv:61845 misc:4612 imb:1050 pmb:3704 smb:3406 d:- ref:0 ;
in:53 out:55 type:b dur:2 cpbdur:2 q:27.54 aq:21.75 tex:58706 mv:45566 misc:5336 imb:549 pmb:3204 smb:4407 d:- ref:0 ;
in:55 out:56 type:b dur:2 cpbdur:2 q:27.37 aq:21.61 tex:58052 mv:44309 misc:5319 imb:491 pmb:3301 smb:4368 d:- ref:0 ;
in:60 out:57 type:P dur:2 cpbdur:2 q:27.15 aq:18.22 tex:258317 mv:58755 misc:2808 imb:5137 pmb:2245 smb:778 d:- ref:0 ;
in:58 out:58 type:B dur:2 cpbdur:2 q:27.22 aq:19.68 tex:138193 mv:65201 misc:5206 imb:1108 pmb:4364 smb:2688 d:- ref:0 ;
in:57 out:59 type:b dur:2 cpbdur:2 q:27.26 aq:21.62 tex:68849 mv:46924 misc:5235 imb:575 pmb:3318 smb:4267 d:- ref:0 ;
in:59 out:60 type:b dur:2 cpbdur:2 q:27.19 aq:20.15 tex:72900 mv:46517 misc:6519 imb:625 pmb:4108 smb:3427 d:- ref:0 ;
in:64 out:61 type:P dur:2 cpbdur:2 q:27.06 aq:18.18 tex:240754 mv:56673 misc:3221 imb:4108 pmb:2175 smb:1877 d:- ref:0 ;
in:62 out:62 type:B dur:2 cpbdur:2 q:27.11 aq:19.91 tex:135085 mv:65840 misc:4779 imb:1203 pmb:3994 smb:2963 d:- ref:0 ;
in:61 out:63 type:b dur:2 cpbdur:2 q:27.13 aq:20.93 tex:73818 mv:50045 misc:5729 imb:686 pmb:3651 smb:3823 d:- ref:0 ;
in:63 out:64 type:b dur:2 cpbdur:2 q:27.09 aq:21.37 tex:63772 mv:45003 misc:5585 imb:575 pmb:3301 smb:4284 d:- ref:0 ;
in:68 out:65 type:P dur:2 cpbdur:2 q:27.03 aq:18.63 tex:234268 mv:55785 misc:3267 imb:3508 pmb:2293 smb:2359 d:- ref:0 ;
in:66 out:66 type:B dur:2 cpbdur:2 q:27.05 aq:19.80 tex:128133 mv:62092 misc:4631 imb:1137 pmb:3718 smb:3305 d:- ref:0 ;
in:65 out:67 type:b dur:2 cpbdur:2 q:27.06 aq:21.02 tex:68822 mv:45325 misc:5205 imb:620 pmb:3293 smb:4247 d:- ref:0 ;
in:67 out:68 type:b dur:2 cpbdur:2 q:27.04 aq:20.94 tex:63417 mv:42370 misc:5805 imb:541 pmb:3277 smb:4342 d:- ref:0 ;
in:72 out:69 type:P dur:2 cpbdur:2 q:27.06 aq:18.80 tex:240127 mv:53917 misc:3172 imb:3506 pmb:2126 smb:2528 d:- ref:0 ;
in:70 out:70 type:B dur:2 cpbdur:2 q:27.05 aq:20.28 tex:139601 mv:62717 misc:4346 imb:1137 pmb:3687 smb:3336 d:- ref:0 ;
in:69 out:71 type:b dur:2 cpbdur:2 q:27.04 aq:21.36 tex:75824 mv:47536 misc:5320 imb:638 pmb:3326 smb:4196 d:- ref:0 ;
in:71 out:72 type:b dur:2 cpbdur:2 q:27.05 aq:21.59 tex:69149 mv:44197 misc:5222 imb:557 pmb:3279 smb:4324 d:- ref:0 ;
in:76 out:73 type:P dur:2 cpbdur:2 q:27.06 aq:18.97 tex:220825 mv:53615 misc:3304 imb:3248 pmb:2263 smb:2649 d:- ref:0 ;
in:74 out:74 type:B dur:2 cpbdur:2 q:27.06 aq:20.38 tex:127329 mv:58558 misc:4617 imb:1081 pmb:3625 smb:3454 d:- ref:0 ;
in:73 out:75 type:b dur:2 cpbdur:2 q:27.06 aq:21.80 tex:69404 mv:45079 misc:5173 imb:618 pmb:3251 smb:4291 d:- ref:0 ;
in:75 out:76 type:b dur:2 cpbdur:2 q:27.06 aq:21.53 tex:60208 mv:40401 misc:5559 imb:510 pmb:3205 smb:4445 d:- ref:0 ;
in:80 out:77 type:P dur:2 cpbdur:2 q:27.07 aq:18.82 tex:229093 mv:53508 misc:3287 imb:3325 pmb:2268 smb:2567 d:- ref:0 ;
in:78 out:78 type:B dur:2 cpbdur:2 q:27.06 aq:20.41 tex:134449 mv:61071 misc:4480 imb:1112 pmb:3661 smb:3387 d:- ref:0 ;
in:77 out:79 type:b dur:2 cpbdur:2 q:27.06 aq:21.71 tex:69387 mv:44460 misc:5273 imb:588 pmb:3304 smb:4268 d:- ref:0 ;
in:79 out:80 type:b dur:2 cpbdur:2 q:27.07 aq:22.05 tex:63935 mv:43249 misc:5272 imb:550 pmb:3255 smb:4355 d:- ref:0 ;
in:84 out:81 type:P dur:2 cpbdur:2 q:27.06 aq:18.88 tex:235379 mv:53020 misc:3329 imb:3316 pmb:2188 smb:2656 d:- ref:0 ;
in:82 out:82 type:B dur:2 cpbdur:2 q:27.07 aq:20.72 tex:130224 mv:59624 misc:4432 imb:1029 pmb:3638 smb:3493 d:- ref:0 ;
in:81 out:83 type:b dur:2 cpbdur:2 q:27.07 aq:22.27 tex:73706 mv:46455 misc:5063 imb:599 pmb:3246 smb:4315 d:- ref:0 ;
in:83 out:84 type:b dur:2 cpbdur:2 q:27.07 aq:21.82 tex:62174 mv:41335 misc:5371 imb:564 pmb:3119 smb:4477 d:- ref:0 ;
in:88 out:85 type:P dur:2 cpbdur:2 q:27.05 aq:18.94 tex:234122 mv:54272 misc:3278 imb:3177 pmb:2247 smb:2736 d:- ref:0 ;
in:86 out:86 type:B dur:2 cpbdur:2 q:27.06 aq:20.85 tex:130088 mv:61666 misc:4094 imb:968 pmb:3665 smb:3527 d:- ref:0 ;
in:85 out:87 type:b dur:2 cpbdur:2 q:27.06 aq:22.00 tex:67102 mv:46749 misc:4949 imb:555 pmb:3241 smb:4364 d:- ref:0 ;
in:87 out:88 type:b dur:2 cpbdur:2 q:27.05 aq:21.57 tex:60061 mv:42238 misc:5277 imb:474 pmb:3152 smb:4534 d:- ref:0 ;
in:92 out:89 type:P dur:2 cpbdur:2 q:27.01 aq:17.91 tex:245889 mv:63017 misc:2198 imb:5136 pmb:2460 smb:564 d:- ref:0 ;
in:90 out:90 type:B dur:2 cpbdur:2 q:27.03 aq:19.32 tex:165330 mv:65760 misc:4838 imb:1436 pmb:4667 smb:2057 d:- ref:0 ;
in:89 out:91 type:b dur:2 cpbdur:2 q:27.04 aq:20.17 tex:78954 mv:48874 misc:6132 imb:604 pmb:4072 smb:3484 d:- ref:0 ;
in:91 out:92 type:b dur:2 cpbdur:2 q:27.02 aq:21.33 tex:65474 mv:45352 misc:5694 imb:552 pmb:3346 smb:4262 d:- ref:0 ;
in:96 out:93 type:P dur:2 cpbdur:2 q:26.97 aq:18.83 tex:250487 mv:56187 misc:3038 imb:3324 pmb:2287 smb:2549 d:- ref:0 ;
in:94 out:94 type:B dur:2 cpbdur:2 q:26.99 aq:20.12 tex:151088 mv:66575 misc:4145 imb:1097 pmb:3752 smb:3311 d:- ref:0 ;
in:93 out:95 type:b dur:2 cpbdur:2 q:27.00 aq:21.62 tex:80222 mv:51207 misc:4851 imb:631 pmb:3513 smb:4016 d:- ref:0 ;
in:95 out:96 type:b dur:2 cpbdur:2 q:26.98 aq:21.57 tex:71526 mv:47135 misc:4979 imb:535 pmb:3291 smb:4334 d:- ref:0 ;
in:100 out:97 type:P dur:2 cpbdur:2 q:26.94 aq:18.98 tex:250757 mv:54272 misc:3003 imb:3320 pmb:2191 smb:2649 d:- ref:0 ;
in:98 out:98 type:B dur:2 cpbdur:2 q:26.96 aq:20.47 tex:153995 mv:65655 misc:4070 imb:1165 pmb:3626 smb:3369 d:- ref:0 ;
in:97 out:99 type:b dur:2 cpbdur:2 q:26.97 aq:22.22 tex:82213 mv:49916 misc:4631 imb:669 pmb:3247 smb:4244 d:- ref:0 ;
in:99 out:100 type:b dur:2 cpbdur:2 q:26.95 aq:21.54 tex:76060 mv:47488 misc:4996 imb:612 pmb:3227 smb:4321 d:- ref:0 ;
in:104 out:101 type:P dur:2 cpbdur:2 q:26.92 aq:18.75 tex:269159 mv:56040 misc:3033 imb:3565 pmb:2104 smb:2491 d:- ref:0 ;
in:102 out:102 type:B dur:2 cpbdur:2 q:26.93 aq:20.08 tex:159870 mv:66681 misc:4153 imb:1248 pmb:3668 smb:3244 d:- ref:0 ;
in:101 out:103 type:b dur:2 cpbdur:2 q:26.94 aq:21.50 tex:87879 mv:52627 misc:4870 imb:703 pmb:3353 smb:4104 d:- ref:0 ;
in:103 out:104 type:b dur:2 cpbdur:2 q:26.93 aq:21.60 tex:81026 mv:49332 misc:5010 imb:577 pmb:3376 smb:4207 d:- ref:0 ;
in:108 out:105 type:P dur:2 cpbdur:2 q:26.96 aq:18.76 tex:273980 mv:58333 misc:2759 imb:3839 pmb:2207 smb:2114 d:- ref:0 ;
in:106 out:106 type:B dur:2 cpbdur:2 q:26.94 aq:20.24 tex:164224 mv:67368 misc:4136 imb:1253 pmb:3783 smb:3124 d:- ref:0 ;
in:105 out:107 type:b dur:2 cpbdur:2 q:26.93 aq:21.42 tex:88641 mv:51248 misc:4911 imb:700 pmb:3381 smb:4079 d:- ref:0 ;
in:107 out:108 type:b dur:2 cpbdur:2 q:26.95 aq:21.72 tex:80470 mv:49490 misc:5112 imb:667 pmb:3335 smb:4158 d:- ref:0 ;
in:112 out:109 type:P dur:2 cpbdur:2 q:27.01 aq:19.35 tex:269234 mv:55856 misc:2806 imb:3627 pmb:2123 smb:2410 d:- ref:0 ;
in:110 out:110 type:B dur:2 cpbdur:2 q:26.98 aq:20.54 tex:164246 mv:68674 misc:3880 imb:1266 pmb:3659 smb:3235 d:- ref:0 ;
in:109 out:111 type:b dur:2 cpbdur:2 q:26.97 aq:21.72 tex:93815 mv:54294 misc:4683 imb:795 pmb:3377 smb:3988 d:- ref:0 ;
in:111 out:112 type:b dur:2 cpbdur:2 q:27.00 aq:21.87 tex:90580 mv:52308 misc:4792 imb:747 pmb:3382 smb:4031 d:- ref:0 ;
in:116 out:113 type:P dur:2 cpbdur:2 q:27.07 aq:19.68 tex:264660 mv:56319 misc:2789 imb:3457 pmb:2177 smb:2526 d:- ref:0 ;
in:114 out:114 type:B dur:2 cpbdur:2 q:27.04 aq:21.24 tex:167384 mv:68738 misc:3910 imb:1209 pmb:3778 smb:3173 d:- ref:0 ;
in:113 out:115 type:b dur:2 cpbdur:2 q:27.02 aq:22.09 tex:92975 mv:53195 misc:4718 imb:740 pmb:3442 smb:3978 d:- ref:0 ;
in:115 out:116 type:b dur:2 cpbdur:2 q:27.05 aq:22.40 tex:83922 mv:50593 misc:4973 imb:646 pmb:3387 smb:4127 d:- ref:0 ;
in:120 out:117 type:P dur:2 cpbdur:2 q:27.15 aq:18.42 tex:278803 mv:60930 misc:2283 imb:5299 pmb:2192 smb:669 d:- ref:0 ;
in:118 out:118 type:B dur:2 cpbdur:2 q:27.11 aq:19.55 tex:171908 mv:69240 misc:4884 imb:1310 pmb:4481 smb:2369 d:- ref:0 ;
in:117 out:119 type:b dur:2 cpbdur:2 q:27.09 aq:21.94 tex:85276 mv:52455 misc:4821 imb:714 pmb:3405 smb:4041 d:- ref:0 ;
in:119 out:120 type:b dur:2 cpbdur:2 q:27.13 aq:20.38 tex:92805 mv:53957 misc:5958 imb:720 pmb:4292 smb:3148 d:- ref:0 ;
in:124 out:121 type:P dur:2 cpbdur:2 q:27.25 aq:19.33 tex:255149 mv:57167 misc:3188 imb:3622 pmb:2146 smb:2392 d:- ref:0 ;
in:122 out:122 type:B dur:2 cpbdur:2 q:27.20 aq:21.26 tex:149397 mv:67874 misc:4273 imb:1206 pmb:3814 smb:3140 d:- ref:0 ;
in:121 out:123 type:b dur:2 cpbdur:2 q:27.17 aq:22.18 tex:80362 mv:53054 misc:5240 imb:757 pmb:3457 smb:3946 d:- ref:0 ;
in:123 out:124 type:b dur:2 cpbdur:2 q:27.22 aq:22.76 tex:68071 mv:47236 misc:5405 imb:581 pmb:3296 smb:4283 d:- ref:0 ;
in:128 out:125 type:P dur:2 cpbdur:2 q:27.32 aq:20.39 tex:239826 mv:56423 misc:2791 imb:3311 pmb:2268 smb:2581 d:- ref:0 ;
in:126 out:126 type:B dur:2 cpbdur:2 q:27.28 aq:21.07 tex:139405 mv:66086 misc:4277 imb:1117 pmb:3814 smb:3229 d:- ref:0 ;
in:125 out:127 type:b dur:2 cpbdur:2 q:27.27 aq:22.50 tex:78249 mv:51587 misc:5092 imb:682 pmb:3413 smb:4065 d:- ref:0 ;
in:127 out:128 type:b dur:2 cpbdur:2 q:27.30 aq:22.44 tex:62732 mv:46756 misc:5416 imb:548 pmb:3327 smb:4285 d:- ref:0 ;
in:132 out:129 type:P dur:2 cpbdur:2 q:27.40 aq:20.13 tex:234408 mv:58219 misc:2749 imb:3237 pmb:2468 smb:2455 d:- ref:0 ;
in:130 out:130 type:B dur:2 cpbdur:2 q:27.36 aq:21.36 tex:132604 mv:66424 misc:4284 imb:1117 pmb:3757 smb:3286 d:- ref:0 ;
in:129 out:131 type:b dur:2 cpbdur:2 q:27.34 aq:22.34 tex:67257 mv:49502 misc:5313 imb:622 pmb:3349 smb:4189 d:- ref:0 ;
in:131 out:132 type:b dur:2 cpbdur:2 q:27.38 aq:22.49 tex:63343 mv:47759 misc:5346 imb:613 pmb:3279 smb:4268 d:- ref:0 ;
in:136 out:133 type:P dur:2 cpbdur:2 q:27.48 aq:20.33 tex:239213 mv:57762 misc:2841 imb:3459 pmb:2356 smb:2345 d:- ref:0 ;
in:134 out:134 type:B dur:2 cpbdur:2 q:27.44 aq:21.38 tex:133163 mv:66190 misc:4351 imb:1144 pmb:3841 smb:3175 d:- ref:0 ;
in:133 out:135 type:b dur:2 cpbdur:2 q:27.42 aq:22.52 tex:70402 mv:51991 misc:5151 imb:686 pmb:3429 smb:4045 d:- ref:0 ;
in:135 out:136 type:b dur:2 cpbdur:2 q:27.46 aq:23.04 tex:62405 mv:47325 misc:5582 imb:583 pmb:3322 smb:4255 d:- ref:0 ;
in:140 out:137 type:P dur:2 cpbdur:2 q:27.53 aq:20.10 tex:218736 mv:58365 misc:2979 imb:3375 pmb:2519 smb:2266 d:- ref:0 ;
in:138 out:138 type:B dur:2 cpbdur:2 q:27.50 aq:21.21 tex:120080 mv:66676 misc:4556 imb:1041 pmb:3954 smb:3165 d:- ref:0 ;
in:137 out:139 type:b dur:2 cpbdur:2 q:27.49 aq:22.61 tex:60373 mv:47209 misc:5674 imb:638 pmb:3308 smb:4214 d:- ref:0 ;
in:139 out:140 type:b dur:2 cpbdur:2 q:27.52 aq:22.67 tex:53703 mv:44771 misc:6078 imb:513 pmb:3348 smb:4299 d:- ref:0 ;
in:144 out:141 type:P dur:2 cpbdur:2 q:27.53 aq:20.29 tex:220019 mv:59798 misc:2967 imb:3265 pmb:2618 smb:2277 d:- ref:0 ;
in:142 out:142 type:B dur:2 cpbdur:2 q:27.53 aq:21.88 tex:115106 mv:64091 misc:4755 imb:993 pmb:4019 smb:3148 d:- ref:0 ;
in:141 out:143 type:b dur:2 cpbdur:2 q:27.53 aq:22.72 tex:60708 mv:48033 misc:5747 imb:642 pmb:3415 smb:4103 d:- ref:0 ;
in:143 out:144 type:b dur:2 cpbdur:2 q:27.53 aq:22.97 tex:50585 mv:43381 misc:6010 imb:527 pmb:3279 smb:4354 d:- ref:0 ;
in:148 out:145 type:P dur:2 cpbdur:2 q:27.51 aq:20.18 tex:225053 mv:60416 misc:3139 imb:3239 pmb:2693 smb:2228 d:- ref:0 ;
in:146 out:146 type:B dur:2 cpbdur:2 q:27.52 aq:21.37 tex:119292 mv:65963 misc:4769 imb:1160 pmb:3895 smb:3105 d:- ref:0 ;
in:145 out:147 type:b dur:2 cpbdur:2 q:27.52 aq:22.77 tex:60955 mv:49225 misc:5532 imb:599 pmb:3420 smb:4141 d:- ref:0 ;
in:147 out:148 type:b dur:2 cpbdur:2 q:27.51 aq:23.04 tex:55040 mv:44564 misc:5900 imb:562 pmb:3226 smb:4372 d:- ref:0 ;
in:152 out:149 type:P dur:2 cpbdur:2 q:27.48 aq:19.19 tex:242258 mv:65963 misc:2299 imb:4764 pmb:2814 smb:582 d:- ref:0 ;
in:150 out:150 type:B dur:2 cpbdur:2 q:27.49 aq:20.40 tex:149336 mv:67613 misc:4923 imb:1365 pmb:4883 smb:1912 d:- ref:0 ;
in:149 out:151 type:b dur:2 cpbdur:2 q:27.50 aq:21.41 tex:68621 mv:49110 misc:6557 imb:649 pmb:4116 smb:3395 d:- ref:0 ;
in:151 out:152 type:b dur:2 cpbdur:2 q:27.49 aq:21.84 tex:53544 mv:42739 misc:6405 imb:506 pmb:3386 smb:4268 d:- ref:0 ;
in:156 out:153 type:P dur:2 cpbdur:2 q:27.44 aq:20.15 tex:246671 mv:59884 misc:3277 imb:3219 pmb:2715 smb:2226 d:- ref:0 ;
in:154 out:154 type:B dur:2 cpbdur:2 q:27.46 aq:21.43 tex:121807 mv:65492 misc:5029 imb:1022 pmb:4041 smb:3097 d:- ref:0 ;
in:153 out:155 type:b dur:2 cpbdur:2 q:27.47 aq:22.67 tex:56838 mv:45192 misc:6090 imb:531 pmb:3339 smb:4290 d:- ref:0 ;
in:155 out:156 type:b dur:2 cpbdur:2 q:27.45 aq:22.60 tex:55655 mv:43735 misc:6050 imb:499 pmb:3325 smb:4336 d:- ref:0 ;
in:160 out:157 type:P dur:2 cpbdur:2 q:27.40 aq:20.02 tex:248893 mv:61816 misc:3123 imb:3324 pmb:2841 smb:1995 d:- ref:0 ;
in:158 out:158 type:B dur:2 cpbdur:2 q:27.42 aq:21.41 tex:128760 mv:66596 misc:4988 imb:929 pmb:4205 smb:3026 d:- ref:0 ;
in:157 out:159 type:b dur:2 cpbdur:2 q:27.43 aq:22.52 tex:62542 mv:47503 misc:5923 imb:517 pmb:3591 smb:4052 d:- ref:0 ;
in:159 out:160 type:b dur:2 cpbdur:2 q:27.41 aq:22.57 tex:55066 mv:41882 misc:6084 imb:461 pmb:3272 smb:4427 d:- ref:0 ;
in:164 out:161 type:P dur:2 cpbdur:2 q:27.36 aq:20.02 tex:238751 mv:61370 misc:3015 imb:3424 pmb:2768 smb:1968 d:- ref:0 ;
in:162 out:162 type:B dur:2 cpbdur:2 q:27.38 aq:21.48 tex:122481 mv:65686 misc:4977 imb:994 pmb:4013 smb:3153 d:- ref:0 ;
in:161 out:163 type:b dur:2 cpbdur:2 q:27.39 aq:22.89 tex:59316 mv:46572 misc:5912 imb:512 pmb:3435 smb:4213 d:- ref:0 ;
in:163 out:164 type:b dur:2 cpbdur:2 q:27.37 aq:22.75 tex:55534 mv:42351 misc:6219 imb:444 pmb:3292 smb:4424 d:- ref:0 ;
in:168 out:165 type:P dur:2 cpbdur:2 q:27.35 aq:19.79 tex:231627 mv:58648 misc:3189 imb:3497 pmb:2477 smb:2186 d:- ref:0 ;
in:166 out:166 type:B dur:2 cpbdur:2 q:27.36 aq:21.41 tex:124165 mv:66189 misc:4758 imb:1077 pmb:3955 smb:3128 d:- ref:0 ;
in:165 out:167 type:b dur:2 cpbdur:2 q:27.36 aq:22.43 tex:58402 mv:45960 misc:6022 imb:505 pmb:3382 smb:4273 d:- ref:0 ;
in:167 out:168 type:b dur:2 cpbdur:2 q:27.36 aq:22.59 tex:56608 mv:44422 misc:6130 imb:496 pmb:3300 smb:4364 d:- ref:0 ;
in:172 out:169 type:P dur:2 cpbdur:2 q:27.33 aq:19.74 tex:226428 mv:60184 misc:3028 imb:3463 pmb:2567 smb:2130 d:- ref:0 ;
in:170 out:170 type:B dur:2 cpbdur:2 q:27.34 aq:21.04 tex:118041 mv:64973 misc:4898 imb:1018 pmb:4014 smb:3128 d:- ref:0 ;
in:169 out:171 type:b dur:2 cpbdur:2 q:27.35 aq:22.50 tex:59495 mv:46604 misc:6101 imb:569 pmb:3410 smb:4181 d:- ref:0 ;
in:171 out:172 type:b dur:2 cpbdur:2 q:27.33 aq:22.34 tex:53053 mv:43819 misc:5928 imb:446 pmb:3387 smb:4327 d:- ref:0 ;
in:176 out:173 type:P dur:2 cpbdur:2 q:27.29 aq:19.53 tex:224148 mv:59030 misc:3342 imb:3283 pmb:2506 smb:2371 d:- ref:0 ;
in:174 out:174 type:B dur:2 cpbdur:2 q:27.31 aq:20.61 tex:121879 mv:64450 misc:5055 imb:949 pmb:4018 smb:3193 d:- ref:0 ;
in:173 out:175 type:b dur:2 cpbdur:2 q:27.32 aq:22.10 tex:62510 mv:44320 misc:5802 imb:503 pmb:3410 smb:4247 d:- ref:0 ;
in:175 out:176 type:b dur:2 cpbdur:2 q:27.30 aq:22.37 tex:54196 mv:42565 misc:5983 imb:381 pmb:3296 smb:4483 d:- ref:0 ;
in:179 out:177 type:P dur:2 cpbdur:2 q:27.25 aq:20.18 tex:197290 mv:56120 misc:3542 imb:2730 pmb:2725 smb:2705 d:- ref:0 ;
in:177 out:178 type:B dur:2 cpbdur:2 q:27.28 aq:22.24 tex:71656 mv:50592 misc:5600 imb:627 pmb:3436 smb:4097 d:- ref:0 ;
in:178 out:179 type:b dur:2 cpbdur:2 q:27.27 aq:22.37 tex:59688 mv:43666 misc:6006 imb:509 pmb:3370 smb:4281 d:- ref:0 ;
in:180 out:180 type:I dur:2 cpbdur:2 q:24.44 aq:15.71 tex:401506 mv:141453 misc:473 imb:8160 pmb:0 smb:0 d:- ref:;
in:184 out:181 type:P dur:2 cpbdur:2 q:27.39 aq:18.90 tex:230059 mv:57414 misc:3799 imb:3707 pmb:2414 smb:2039 d:- ref:0 ;
in:182 out:182 type:B dur:2 cpbdur:2 q:27.39 aq:20.69 tex:116052 mv:63683 misc:5537 imb:1085 pmb:4028 smb:3047 d:- ref:0 ;
in:181 out:183 type:b dur:2 cpbdur:2 q:27.39 aq:21.92 tex:55106 mv:45923 misc:6563 imb:555 pmb:3360 smb:4245 d:- ref:0 ;
in:183 out:184 type:b dur:2 cpbdur:2 q:27.39 aq:21.67 tex:48307 mv:40389 misc:6104 imb:441 pmb:3135 smb:4584 d:- ref:0 ;
in:188 out:185 type:P dur:2 cpbdur:2 q:27.34 aq:19.51 tex:217156 mv:56903 misc:3389 imb:3095 pmb:2673 smb:2392 d:- ref:0 ;
in:186 out:186 type:B dur:2 cpbdur:2 q:27.36 aq:20.77 tex:109812 mv:60063 misc:5413 imb:873 pmb:3898 smb:3389 d:- ref:0 ;
in:185 out:187 type:b dur:2 cpbdur:2 q:27.37 aq:21.52 tex:51494 mv:41522 misc:6112 imb:460 pmb:3289 smb:4411 d:- ref:0 ;
in:187 out:188 type:b dur:2 cpbdur:2 q:27.35 aq:22.10 tex:45365 mv:37368 misc:6291 imb:401 pmb:3129 smb:4630 d:- ref:0 ;
in:192 out:189 type:P dur:2 cpbdur:2 q:27.30 aq:19.31 tex:218882 mv:57125 misc:3505 imb:3295 pmb:2613 smb:2252 d:- ref:0 ;
in:190 out:190 type:B dur:2 cpbdur:2 q:27.32 aq:20.67 tex:114175 mv:60257 misc:5136 imb:921 pmb:3972 smb:3267 d:- ref:0 ;
in:189 out:191 type:b dur:2 cpbdur:2 q:27.33 aq:21.45 tex:58034 mv:43393 misc:6181 imb:520 pmb:3465 smb:4175 d:- ref:0 ;
in:191 out:192 type:b dur:2 cpbdur:2 q:27.31 aq:21.94 tex:48421 mv:38419 misc:6336 imb:376 pmb:3198 smb:4586 d:- ref:0 ;
in:196 out:193 type:P dur:2 cpbdur:2 q:27.22 aq:19.22 tex:211819 mv:56290 misc:3251 imb:3169 pmb:2583 smb:2408 d:- ref:0 ;
in:194 out:194 type:B dur:2 cpbdur:2 q:27.26 aq:20.65 tex:108542 mv:58664 misc:5042 imb:919 pmb:3803 smb:3438 d:- ref:0 ;
in:193 out:195 type:b dur:2 cpbdur:2 q:27.28 aq:21.92 tex:52454 mv:40121 misc:6121 imb:450 pmb:3208 smb:4502 d:- ref:0 ;
in:195 out:196 type:b dur:2 cpbdur:2 q:27.24 aq:21.89 tex:49798 mv:37445 misc:6237 imb:437 pmb:3046 smb:4677 d:- ref:0 ;
in:200 out:197 type:P dur:2 cpbdur:2 q:27.22 aq:19.03 tex:211558 mv:56928 misc:3346 imb:3245 pmb:2595 smb:2320 d:- ref:0 ;
in:198 out:198 type:B dur:2 cpbdur:2 q:27.22 aq:20.53 tex:107989 mv:60155 misc:5248 imb:891 pmb:3917 smb:3352 d:- ref:0 ;
in:197 out:199 type:b dur:2 cpbdur:2 q:27.22 aq:21.50 tex:50830 mv:40871 misc:6227 imb:466 pmb:3205 smb:4489 d:- ref:0 ;
in:199 out:200 type:b dur:2 cpbdur:2 q:27.22 aq:21.55 tex:47188 mv:36294 misc:6222 imb:406 pmb:3053 smb:4701 d:- ref:0 ;
in:204 out:201 type:P dur:2 cpbdur:2 q:27.16 aq:19.28 tex:207220 mv:56322 misc:3514 imb:3161 pmb:2605 smb:2394 d:- ref:0 ;
in:202 out:202 type:B dur:2 cpbdur:2 q:27.19 aq:20.76 tex:102965 mv:58257 misc:5386 imb:865 pmb:3923 smb:3372 d:- ref:0 ;
in:201 out:203 type:b dur:2 cpbdur:2 q:27.20 aq:21.88 tex:48936 mv:38011 misc:6381 imb:400 pmb:3094 smb:4666 d:- ref:0 ;
in:203 out:204 type:b dur:2 cpbdur:2 q:27.17 aq:21.97 tex:43884 mv:34853 misc:6479 imb:345 pmb:3059 smb:4756 d:- ref:0 ;
in:208 out:205 type:P dur:2 cpbdur:2 q:27.09 aq:18.94 tex:222281 mv:57308 misc:3507 imb:3603 pmb:2527 smb:2030 d:- ref:0 ;
in:206 out:206 type:B dur:2 cpbdur:2 q:27.12 aq:20.52 tex:107015 mv:59538 misc:5223 imb:971 pmb:4010 smb:3179 d:- ref:0 ;
in:205 out:207 type:b dur:2 cpbdur:2 q:27.14 aq:21.39 tex:53033 mv:41434 misc:6357 imb:471 pmb:3443 smb:4246 d:- ref:0 ;
in:207 out:208 type:b dur:2 cpbdur:2 q:27.10 aq:21.12 tex:47452 mv:36785 misc:6603 imb:449 pmb:3161 smb:4550 d:- ref:0 ;
in:212 out:209 type:P dur:2 cpbdur:2 q:27.02 aq:17.90 tex:232458 mv:63776 misc:2070 imb:5046 pmb:2744 smb:370 d:- ref:0 ;
in:210 out:210 type:B dur:2 cpbdur:2 q:27.05 aq:19.06 tex:133299 mv:61681 misc:5460 imb:1326 pmb:4980 smb:1854 d:- ref:0 ;
in:209 out:211 type:b dur:2 cpbdur:2 q:27.07 aq:20.11 tex:62522 mv:43155 misc:7163 imb:561 pmb:4247 smb:3352 d:- ref:0 ;
in:211 out:212 type:b dur:2 cpbdur:2 q:27.04 aq:20.35 tex:50273 mv:38713 misc:6670 imb:462 pmb:3260 smb:4438 d:- ref:0 ;
in:216 out:213 type:P dur:2 cpbdur:2 q:26.96 aq:18.85 tex:227181 mv:58208 misc:3291 imb:3526 pmb:2617 smb:2017 d:- ref:0 ;
in:214 out:214 type:B dur:2 cpbdur:2 q:26.99 aq:20.03 tex:112033 mv:60569 misc:5502 imb:956 pmb:4124 smb:3080 d:- ref:0 ;
in:213 out:215 type:b dur:2 cpbdur:2 q:27.01 aq:20.66 tex:53780 mv:40357 misc:6583 imb:498 pmb:3323 smb:4339 d:- ref:0 ;
in:215 out:216 type:b dur:2 cpbdur:2 q:26.98 aq:21.14 tex:49355 mv:38165 misc:6584 imb:446 pmb:3175 smb:4539 d:- ref:0 ;
in:220 out:217 type:P dur:2 cpbdur:2 q:26.90 aq:18.64 tex:232674 mv:58957 misc:2993 imb:3941 pmb:2636 smb:1583 d:- ref:0 ;
in:218 out:218 type:B dur:2 cpbdur:2 q:26.93 aq:19.96 tex:112442 mv:62431 misc:5199 imb:974 pmb:4117 smb:3069 d:- ref:0 ;
in:217 out:219 type:b dur:2 cpbdur:2 q:26.95 aq:21.08 tex:52660 mv:40490 misc:6370 imb:431 pmb:3317 smb:4412 d:- ref:0 ;
in:219 out:220 type:b dur:2 cpbdur:2 q:26.92 aq:21.38 tex:52250 mv:39399 misc:6447 imb:417 pmb:3335 smb:4408 d:- ref:0 ;
in:224 out:221 type:P dur:2 cpbdur:2 q:26.85 aq:18.77 tex:234931 mv:59294 misc:3135 imb:3790 pmb:2658 smb:1712 d:- ref:0 ;
in:222 out:222 type:B dur:2 cpbdur:2 q:26.88 aq:20.18 tex:119049 mv:63402 misc:5205 imb:1029 pmb:4156 smb:2975 d:- ref:0 ;
in:221 out:223 type:b dur:2 cpbdur:2 q:26.89 aq:21.21 tex:58613 mv:43835 misc:6376 imb:514 pmb:3551 smb:4095 d:- ref:0 ;
in:223 out:224 type:b dur:2 cpbdur:2 q:26.86 aq:21.17 tex:55547 mv:39301 misc:6512 imb:433 pmb:3415 smb:4312 d:- ref:0 ;
in:228 out:225 type:P dur:2 cpbdur:2 q:26.82 aq:18.94 tex:240430 mv:58805 misc:3277 imb:3518 pmb:2591 smb:2051 d:- ref:0 ;
in:226 out:226 type:B dur:2 cpbdur:2 q:26.83 aq:20.33 tex:117421 mv:63580 misc:5287 imb:1047 pmb:4059 smb:3054 d:- ref:0 ;
in:225 out:227 type:b dur:2 cpbdur:2 q:26.84 aq:21.83 tex:59072 mv:44039 misc:6233 imb:547 pmb:3336 smb:4277 d:- ref:0 ;
in:227 out:228 type:b dur:2 cpbdur:2 q:26.83 aq:21.57 tex:55403 mv:40490 misc:6395 imb:474 pmb:3232 smb:4454 d:- ref:0 ;
in:232 out:229 type:P dur:2 cpbdur:2 q:26.79 aq:19.35 tex:241303 mv:58795 misc:3126 imb:3438 pmb:2601 smb:2121 d:- ref:0 ;
in:230 out:230 type:B dur:2 cpbdur:2 q:26.80 aq:20.61 tex:121621 mv:64285 misc:5118 imb:1037 pmb:4047 smb:3076 d:- ref:0 ;
in:229 out:231 type:b dur:2 cpbdur:2 q:26.81 aq:21.84 tex:60781 mv:42636 misc:6207 imb:490 pmb:3334 smb:4336 d:- ref:0 ;
in:231 out:232 type:b dur:2 cpbdur:2 q:26.80 aq:22.07 tex:57272 mv:41145 misc:6167 imb:448 pmb:3359 smb:4353 d:- ref:0 ;
in:236 out:233 type:P dur:2 cpbdur:2 q:26.75 aq:19.30 tex:244598 mv:61597 misc:2789 imb:3846 pmb:2777 smb:1537 d:- ref:0 ;
in:234 out:234 type:B dur:2 cpbdur:2 q:26.77 aq:21.01 tex:119083 mv:63339 misc:5098 imb:973 pmb:4163 smb:3024 d:- ref:0 ;
in:233 out:235 type:b dur:2 cpbdur:2 q:26.78 aq:21.88 tex:59761 mv:41728 misc:6271 imb:530 pmb:3284 smb:4346 d:- ref:0 ;
in:235 out:236 type:b dur:2 cpbdur:2 q:26.76 aq:21.44 tex:59381 mv:40666 misc:6489 imb:482 pmb:3424 smb:4254 d:- ref:0 ;
in:240 out:237 type:P dur:2 cpbdur:2 q:26.73 aq:18.58 tex:289362 mv:64889 misc:2077 imb:5070 pmb:2691 smb:399 d:- ref:0 ;
in:238 out:238 type:B dur:2 cpbdur:2 q:26.74 aq:19.49 tex:151616 mv:71331 misc:5165 imb:1362 pmb:5045 smb:1753 d:- ref:0 ;
in:237 out:239 type:b dur:2 cpbdur:2 q:26.75 aq:21.72 tex:65673 mv:46388 misc:6091 imb:627 pmb:3595 smb:3938 d:- ref:0 ;
in:239 out:240 type:b dur:2 cpbdur:2 q:26.74 aq:20.47 tex:75524 mv:47632 misc:6924 imb:629 pmb:4598 smb:2933 d:- ref:0 ;
in:244 out:241 type:P dur:2 cpbdur:2 q:26.72 aq:19.30 tex:271502 mv:63567 misc:3083 imb:3870 pmb:2695 smb:1595 d:- ref:0 ;
in:242 out:242 type:B dur:2 cpbdur:2 q:26.72 aq:20.29 tex:136021 mv:73128 misc:5051 imb:1329 pmb:4372 smb:2459 d:- ref:0 ;
in:241 out:243 type:b dur:2 cpbdur:2 q:26.73 aq:21.34 tex:72579 mv:50263 misc:6390 imb:738 pmb:3737 smb:3685 d:- ref:0 ;
in:243 out:244 type:b dur:2 cpbdur:2 q:26.72 aq:21.39 tex:64544 mv:45957 misc:6387 imb:596 pmb:3566 smb:3998 d:- ref:0 ;
in:248 out:245 type:P dur:2 cpbdur:2 q:26.70 aq:19.33 tex:269964 mv:63002 misc:3002 imb:3855 pmb:2661 smb:1644 d:- ref:0 ;
in:246 out:246 type:B dur:2 cpbdur:2 q:26.71 aq:20.45 tex:134577 mv:69692 misc:4939 imb:1234 pmb:4281 smb:2645 d:- ref:0 ;
in:245 out:247 type:b dur:2 cpbdur:2 q:26.71 aq:21.52 tex:68699 mv:48588 misc:6361 imb:644 pmb:3683 smb:3833 d:- ref:0 ;
in:247 out:248 type:b dur:2 cpbdur:2 q:26.71 aq:21.85 tex:63404 mv:46504 misc:6372 imb:585 pmb:3643 smb:3932 d:- ref:0 ;
in:252 out:249 type:P dur:2 cpbdur:2 q:26.69 aq:19.38 tex:262825 mv:63206 misc:2809 imb:3779 pmb:2738 smb:1643 d:- ref:0 ;
in:250 out:250 type:B dur:2 cpbdur:2 q:26.70 aq:20.47 tex:136117 mv:70577 misc:4898 imb:1217 pmb:4504 smb:2439 d:- ref:0 ;
in:249 out:251 type:b dur:2 cpbdur:2 q:26.70 aq:21.45 tex:69790 mv:50479 misc:6195 imb:737 pmb:3803 smb:3620 d:- ref:0 ;
in:251 out:252 type:b dur:2 cpbdur:2 q:26.69 aq:21.54 tex:69099 mv:47196 misc:6281 imb:711 pmb:3842 smb:3607 d:- ref:0 ;
in:256 out:253 type:P dur:2 cpbdur:2 q:26.70 aq:19.37 tex:281858 mv:61983 misc:2711 imb:3958 pmb:2605 smb:1597 d:- ref:0 ;
in:254 out:254 type:B dur:2 cpbdur:2 q:26.70 aq:20.42 tex:142094 mv:72667 misc:4783 imb:1360 pmb:4356 smb:2444 d:- ref:0 ;
in:253 out:255 type:b dur:2 cpbdur:2 q:26.69 aq:21.44 tex:75460 mv:52377 misc:6051 imb:785 pmb:3928 smb:3447 d:- ref:0 ;
in:255 out:256 type:b dur:2 cpbdur:2 q:26.70 aq:21.42 tex:69600 mv:48187 misc:6413 imb:683 pmb:3717 smb:3760 d:- ref:0 ;
in:260 out:257 type:P dur:2 cpbdur:2 q:26.74 aq:19.30 tex:261718 mv:62230 misc:2796 imb:3782 pmb:2740 smb:1638 d:- ref:0 ;
in:258 out:258 type:B dur:2 cpbdur:2 q:26.72 aq:20.25 tex:128265 mv:66946 misc:5125 imb:1284 pmb:4242 smb:2634 d:- ref:0 ;
in:257 out:259 type:b dur:2 cpbdur:2 q:26.71 aq:21.45 tex:69851 mv:47946 misc:6187 imb:696 pmb:3674 smb:3790 d:- ref:0 ;
in:259 out:260 type:b dur:2 cpbdur:2 q:26.73 aq:21.36 tex:64739 mv:44068 misc:6481 imb:616 pmb:3560 smb:3984 d:- ref:0 ;
in:264 out:261 type:P dur:2 cpbdur:2 q:26.76 aq:19.28 tex:256510 mv:62158 misc:2828 imb:3779 pmb:2802 smb:1579 d:- ref:0 ;
in:262 out:262 type:B dur:2 cpbdur:2 q:26.75 aq:20.41 tex:124480 mv:66471 misc:5177 imb:1177 pmb:4302 smb:2681 d:- ref:0 ;
in:261 out:263 type:b dur:2 cpbdur:2 q:26.74 aq:21.72 tex:70808 mv:48080 misc:6336 imb:720 pmb:3682 smb:3758 d:- ref:0 ;
in:263 out:264 type:b dur:2 cpbdur:2 q:26.75 aq:21.62 tex:64277 mv:45290 misc:6633 imb:607 pmb:3651 smb:3902 d:- ref:0 ;
in:268 out:265 type:P dur:2 cpbdur:2 q:26.78 aq:19.29 tex:261366 mv:62054 misc:2668 imb:3763 pmb:2808 smb:1589 d:- ref:0 ;
in:266 out:266 type:B dur:2 cpbdur:2 q:26.77 aq:20.67 tex:127848 mv:67466 misc:4982 imb:1156 pmb:4310 smb:2694 d:- ref:0 ;
in:265 out:267 type:b dur:2 cpbdur:2 q:26.77 aq:21.58 tex:70510 mv:46098 misc:6368 imb:627 pmb:3714 smb:3819 d:- ref:0 ;
in:267 out:268 type:b dur:2 cpbdur:2 q:26.78 aq:21.68 tex:68462 mv:45442 misc:6488 imb:630 pmb:3714 smb:3816 d:- ref:0 ;
in:272 out:269 type:P dur:2 cpbdur:2 q:26.81 aq:18.61 tex:288020 mv:65995 misc:2041 imb:4999 pmb:2751 smb:410 d:- ref:0 ;
in:270 out:270 type:B dur:2 cpbdur:2 q:26.79 aq:19.84 tex:175013 mv:70325 misc:4774 imb:1677 pmb:4981 smb:1502 d:- ref:0 ;
in:269 out:271 type:b dur:2 cpbdur:2 q:26.79 aq:20.86 tex:91720 mv:54916 misc:6468 imb:940 pmb:4389 smb:2831 d:- ref:0 ;
in:271 out:272 type:b dur:2 cpbdur:2 q:26.80 aq:21.32 tex:73240 mv:48209 misc:6599 imb:680 pmb:3780 smb:3700 d:- ref:0 ;
in:276 out:273 type:P dur:2 cpbdur:2 q:26.83 aq:19.16 tex:265394 mv:60933 misc:2729 imb:3689 pmb:2786 smb:1685 d:- ref:0 ;
in:274 out:274 type:B dur:2 cpbdur:2 q:26.82 aq:20.41 tex:139037 mv:66952 misc:5051 imb:1167 pmb:4353 smb:2640 d:- ref:0 ;
in:273 out:275 type:b dur:2 cpbdur:2 q:26.81 aq:21.64 tex:75255 mv:48445 misc:6148 imb:687 pmb:3728 smb:3745 d:- ref:0 ;
in:275 out:276 type:b dur:2 cpbdur:2 q:26.82 aq:21.90 tex:69637 mv:44474 misc:6377 imb:633 pmb:3578 smb:3949 d:- ref:0 ;
in:280 out:277 type:P dur:2 cpbdur:2 q:26.83 aq:19.10 tex:274196 mv:60101 misc:2807 imb:3758 pmb:2615 smb:1787 d:- ref:0 ;
in:278 out:278 type:B dur:2 cpbdur:2 q:26.83 aq:20.67 tex:146000 mv:65816 misc:4912 imb:1182 pmb:4197 smb:2781 d:- ref:0 ;
in:277 out:279 type:b dur:2 cpbdur:2 q:26.83 aq:21.77 tex:75878 mv:48498 misc:6040 imb:711 pmb:3671 smb:3778 d:- ref:0 ;
in:279 out:280 type:b dur:2 cpbdur:2 q:26.83 aq:21.74 tex:72943 mv:45194 misc:6143 imb:615 pmb:3550 smb:3995 d:- ref:0 ;
in:284 out:281 type:P dur:2 cpbdur:2 q:26.84 aq:19.09 tex:267032 mv:59516 misc:2764 imb:3761 pmb:2482 smb:1917 d:- ref:0 ;
in:282 out:282 type:B dur:2 cpbdur:2 q:26.83 aq:20.72 tex:145311 mv:65467 misc:4750 imb:1189 pmb:4130 smb:2841 d:- ref:0 ;
in:281 out:283 type:b dur:2 cpbdur:2 q:26.83 aq:21.64 tex:78728 mv:48517 misc:5851 imb:684 pmb:3612 smb:3864 d:- ref:0 ;
in:283 out:284 type:b dur:2 cpbdur:2 q:26.84 aq:21.81 tex:74946 mv:45038 misc:6048 imb:630 pmb:3547 smb:3983 d:- ref:0 ;
in:288 out:285 type:P dur:2 cpbdur:2 q:26.87 aq:19.14 tex:268787 mv:58628 misc:2793 imb:3797 pmb:2425 smb:1938 d:- ref:0 ;
in:286 out:286 type:B dur:2 cpbdur:2 q:26.85 aq:20.51 tex:140786 mv:64681 misc:4765 imb:1278 pmb:3971 smb:2911 d:- ref:0 ;
in:285 out:287 type:b dur:2 cpbdur:2 q:26.84 aq:21.34 tex:79453 mv:48583 misc:5844 imb:749 pmb:3563 smb:3848 d:- ref:0 ;
in:287 out:288 type:b dur:2 cpbdur:2 q:26.86 aq:21.26 tex:72560 mv:45015 misc:6089 imb:633 pmb:3475 smb:4052 d:- ref:0 ;
in:292 out:289 type:P dur:2 cpbdur:2 q:26.89 aq:18.93 tex:246491 mv:58299 misc:3058 imb:3664 pmb:2658 smb:1838 d:- ref:0 ;
in:290 out:290 type:B dur:2 cpbdur:2 q:26.88 aq:20.34 tex:125453 mv:61926 misc:5069 imb:1119 pmb:4017 smb:3024 d:- ref:0 ;
in:289 out:291 type:b dur:2 cpbdur:2 q:26.87 aq:21.30 tex:72033 mv:46673 misc:5950 imb:615 pmb:3684 smb:3861 d:- ref:0 ;
in:291 out:292 type:b dur:2 cpbdur:2 q:26.89 aq:21.49 tex:62854 mv:42223 misc:6219 imb:567 pmb:3385 smb:4208 d:- ref:0 ;
in:296 out:293 type:P dur:2 cpbdur:2 q:26.91 aq:19.11 tex:244985 mv:56700 misc:3107 imb:3319 pmb:2700 smb:2141 d:- ref:0 ;
in:294 out:294 type:B dur:2 cpbdur:2 q:26.90 aq:20.48 tex:122855 mv:58284 misc:5133 imb:1044 pmb:3892 smb:3224 d:- ref:0 ;
in:293 out:295 type:b dur:2 cpbdur:2 q:26.90 aq:21.32 tex:70371 mv:43802 misc:5963 imb:592 pmb:3458 smb:4110 d:- ref:0 ;
in:295 out:296 type:b dur:2 cpbdur:2 q:26.91 aq:21.53 tex:62708 mv:39162 misc:6274 imb:516 pmb:3265 smb:4379 d:- ref:0 ;
in:300 out:297 type:P dur:2 cpbdur:2 q:26.93 aq:18.12 tex:287308 mv:61530 misc:1802 imb:5197 pmb:2688 smb:275 d:- ref:0 ;
in:298 out:298 type:B dur:2 cpbdur:2 q:26.92 aq:19.79 tex:130974 mv:61380 misc:5790 imb:1078 pmb:4721 smb:2361 d:- ref:0 ;
in:297 out:299 type:b dur:2 cpbdur:2 q:26.92 aq:21.38 tex:66606 mv:41394 misc:6240 imb:527 pmb:3447 smb:4186 d:- ref:0 ;
in:299 out:300 type:b dur:2 cpbdur:2 q:26.92 aq:20.64 tex:73047 mv:42811 misc:7102 imb:649 pmb:4121 smb:3390 d:- ref:0 ;
in:304 out:301 type:P dur:2 cpbdur:2 q:26.95 aq:18.53 tex:246089 mv:58236 misc:3059 imb:3677 pmb:2694 smb:1789 d:- ref:0 ;
in:302 out:302 type:B dur:2 cpbdur:2 q:26.94 aq:20.14 tex:122687 mv:61131 misc:5510 imb:1058 pmb:4265 smb:2837 d:- ref:0 ;
in:301 out:303 type:b dur:2 cpbdur:2 q:26.93 aq:21.29 tex:66058 mv:43795 misc:6403 imb:638 pmb:3624 smb:3898 d:- ref:0 ;
in:303 out:304 type:b dur:2 cpbdur:2 q:26.95 aq:21.47 tex:60823 mv:42230 misc:6123 imb:590 pmb:3351 smb:4219 d:- ref:0 ;
in:308 out:305 type:P dur:2 cpbdur:2 q:26.95 aq:18.63 tex:238133 mv:57040 misc:3163 imb:3314 pmb:2753 smb:2093 d:- ref:0 ;
in:306 out:306 type:B dur:2 cpbdur:2 q:26.95 aq:20.40 tex:120502 mv:59750 misc:5388 imb:933 pmb:4033 smb:3194 d:- ref:0 ;
in:305 out:307 type:b dur:2 cpbdur:2 q:26.95 aq:21.47 tex:61960 mv:41641 misc:6159 imb:535 pmb:3280 smb:4345 d:- ref:0 ;
in:307 out:308 type:b dur:2 cpbdur:2 q:26.95 aq:21.41 tex:62213 mv:39600 misc:6187 imb:531 pmb:3239 smb:4390 d:- ref:0 ;
in:312 out:309 type:P dur:2 cpbdur:2 q:26.94 aq:18.67 tex:237499 mv:55553 misc:2732 imb:3452 pmb:2692 smb:2016 d:- ref:0 ;
in:310 out:310 type:B dur:2 cpbdur:2 q:26.95 aq:20.49 tex:114888 mv:57478 misc:5058 imb:967 pmb:3893 smb:3300 d:- ref:0 ;
in:309 out:311 type:b dur:2 cpbdur:2 q:26.95 aq:21.50 tex:65205 mv:41410 misc:5817 imb:595 pmb:3282 smb:4283 d:- ref:0 ;
in:311 out:312 type:b dur:2 cpbdur:2 q:26.94 aq:21.17 tex:59725 mv:36768 misc:6203 imb:496 pmb:3108 smb:4556 d:- ref:0 ;
in:316 out:313 type:P dur:2 cpbdur:2 q:26.93 aq:18.94 tex:237611 mv:54933 misc:3128 imb:3154 pmb:2728 smb:2278 d:- ref:0 ;
in:314 out:314 type:B dur:2 cpbdur:2 q:26.94 aq:20.60 tex:119667 mv:55797 misc:4976 imb:949 pmb:3918 smb:3293 d:- ref:0 ;
in:313 out:315 type:b dur:2 cpbdur:2 q:26.94 aq:21.50 tex:63738 mv:39731 misc:5947 imb:571 pmb:3170 smb:4419 d:- ref:0 ;
in:315 out:316 type:b dur:2 cpbdur:2 q:26.93 aq:21.88 tex:61183 mv:37743 misc:5874 imb:535 pmb:3205 smb:4420 d:- ref:0 ;
in:320 out:317 type:P dur:2 cpbdur:2 q:26.91 aq:18.86 tex:244589 mv:54312 misc:2955 imb:2963 pmb:2753 smb:2444 d:- ref:0 ;
in:318 out:318 type:B dur:2 cpbdur:2 q:26.92 aq:20.64 tex:118410 mv:56304 misc:4846 imb:909 pmb:3857 smb:3394 d:- ref:0 ;
in:317 out:319 type:b dur:2 cpbdur:2 q:26.93 aq:21.78 tex:65329 mv:40783 misc:5896 imb:545 pmb:3298 smb:4317 d:- ref:0 ;
in:319 out:320 type:b dur:2 cpbdur:2 q:26.92 aq:21.67 tex:57658 mv:36555 misc:6051 imb:471 pmb:3102 smb:4587 d:- ref:0 ;
in:324 out:321 type:P dur:2 cpbdur:2 q:26.89 aq:18.92 tex:245280 mv:54622 misc:2946 imb:3180 pmb:2707 smb:2273 d:- ref:0 ;
in:322 out:322 type:B dur:2 cpbdur:2 q:26.90 aq:20.57 tex:117122 mv:58084 misc:5090 imb:896 pmb:3981 smb:3283 d:- ref:0 ;
in:321 out:323 type:b dur:2 cpbdur:2 q:26.91 aq:21.89 tex:63780 mv:41273 misc:5739 imb:573 pmb:3278 smb:4309 d:- ref:0 ;
in:323 out:324 type:b dur:2 cpbdur:2 q:26.90 aq:21.62 tex:64313 mv:38766 misc:6113 imb:515 pmb:3210 smb:4435 d:- ref:0 ;
in:328 out:325 type:P dur:2 cpbdur:2 q:26.86 aq:19.14 tex:251325 mv:55869 misc:3086 imb:3024 pmb:2741 smb:2395 d:- ref:0 ;
in:326 out:326 type:B dur:2 cpbdur:2 q:26.88 aq:20.63 tex:121246 mv:58692 misc:4934 imb:935 pmb:3912 smb:3313 d:- ref:0 ;
in:325 out:327 type:b dur:2 cpbdur:2 q:26.88 aq:21.71 tex:64768 mv:41235 misc:5861 imb:514 pmb:3316 smb:4330 d:- ref:0 ;
in:327 out:328 type:b dur:2 cpbdur:2 q:26.87 aq:21.69 tex:62258 mv:40469 misc:6025 imb:513 pmb:3318 smb:4329 d:- ref:0 ;
in:332 out:329 type:P dur:2 cpbdur:2 q:26.83 aq:18.05 tex:270590 mv:63529 misc:1905 imb:4821 pmb:2937 smb:402 d:- ref:0 ;
in:330 out:330 type:B dur:2 cpbdur:2 q:26.85 aq:19.46 tex:168674 mv:62421 misc:5049 imb:1302 pmb:4856 smb:2002 d:- ref:0 ;
in:329 out:331 type:b dur:2 cpbdur:2 q:26.85 aq:20.57 tex:80377 mv:45937 misc:6702 imb:578 pmb:4439 smb:3143 d:- ref:0 ;
in:331 out:332 type:b dur:2 cpbdur:2 q:26.84 aq:21.04 tex:68168 mv:41112 misc:6416 imb:559 pmb:3427 smb:4174 d:- ref:0 ;
in:336 out:333 type:P dur:2 cpbdur:2 q:26.81 aq:18.65 tex:284335 mv:58972 misc:2837 imb:3460 pmb:2786 smb:1914 d:- ref:0 ;
in:334 out:334 type:B dur:2 cpbdur:2 q:26.82 aq:20.31 tex:139945 mv:61298 misc:5077 imb:900 pmb:4198 smb:3062 d:- ref:0 ;
in:333 out:335 type:b dur:2 cpbdur:2 q:26.83 aq:21.14 tex:76705 mv:45008 misc:6063 imb:563 pmb:3572 smb:4025 d:- ref:0 ;
in:335 out:336 type:b dur:2 cpbdur:2 q:26.82 aq:21.50 tex:68088 mv:40957 misc:5995 imb:490 pmb:3292 smb:4378 d:- ref:0 ;
in:340 out:337 type:P dur:2 cpbdur:2 q:26.80 aq:18.93 tex:268686 mv:59647 misc:2995 imb:3261 pmb:2888 smb:2011 d:- ref:0 ;
in:338 out:338 type:B dur:2 cpbdur:2 q:26.80 aq:20.36 tex:134352 mv:60730 misc:5174 imb:884 pmb:4156 smb:3120 d:- ref:0 ;
in:337 out:339 type:b dur:2 cpbdur:2 q:26.81 aq:21.42 tex:75938 mv:44475 misc:5859 imb:610 pmb:3423 smb:4127 d:- ref:0 ;
in:339 out:340 type:b dur:2 cpbdur:2 q:26.80 aq:21.79 tex:68434 mv:40918 misc:6032 imb:456 pmb:3402 smb:4302 d:- ref:0 ;
in:344 out:341 type:P dur:2 cpbdur:2 q:26.78 aq:19.11 tex:280705 mv:59920 misc:3039 imb:3182 pmb:2876 smb:2102 d:- ref:0 ;
in:342 out:342 type:B dur:2 cpbdur:2 q:26.79 aq:20.74 tex:140796 mv:63010 misc:4826 imb:968 pmb:4103 smb:3089 d:- ref:0 ;
in:341 out:343 type:b dur:2 cpbdur:2 q:26.79 aq:21.43 tex:73443 mv:44662 misc:5983 imb:573 pmb:3489 smb:4098 d:- ref:0 ;
in:343 out:344 type:b dur:2 cpbdur:2 q:26.79 aq:21.69 tex:72884 mv:43141 misc:5943 imb:513 pmb:3417 smb:4230 d:- ref:0 ;
in:348 out:345 type:P dur:2 cpbdur:2 q:26.80 aq:19.17 tex:269310 mv:59718 misc:2828 imb:3297 pmb:2851 smb:2012 d:- ref:0 ;
in:346 out:346 type:B dur:2 cpbdur:2 q:26.79 aq:20.42 tex:140136 mv:63604 misc:4876 imb:929 pmb:4181 smb:3050 d:- ref:0 ;
in:345 out:347 type:b dur:2 cpbdur:2 q:26.79 aq:21.46 tex:78368 mv:46295 misc:5865 imb:585 pmb:3523 smb:4052 d:- ref:0 ;
in:347 out:348 type:b dur:2 cpbdur:2 q:26.80 aq:21.76 tex:70151 mv:40885 misc:6260 imb:492 pmb:3447 smb:4221 d:- ref:0 ;
in:352 out:349 type:P dur:2 cpbdur:2 q:26.82 aq:19.65 tex:290423 mv:60215 misc:2954 imb:3329 pmb:2675 smb:2156 d:- ref:0 ;
in:350 out:350 type:B dur:2 cpbdur:2 q:26.81 aq:20.57 tex:156587 mv:67938 misc:4379 imb:1037 pmb:4168 smb:2955 d:- ref:0 ;
in:349 out:351 type:b dur:2 cpbdur:2 q:26.80 aq:22.11 tex:85576 mv:50164 misc:5308 imb:678 pmb:3746 smb:3736 d:- ref:0 ;
in:351 out:352 type:b dur:2 cpbdur:2 q:26.82 aq:21.76 tex:79018 mv:48447 misc:5615 imb:611 pmb:3656 smb:3893 d:- ref:0 ;
in:356 out:353 type:P dur:2 cpbdur:2 q:26.84 aq:20.18 tex:299083 mv:61347 misc:2738 imb:3575 pmb:2565 smb:2020 d:- ref:0 ;
in:354 out:354 type:B dur:2 cpbdur:2 q:26.83 aq:20.75 tex:153409 mv:71126 misc:4313 imb:1129 pmb:4329 smb:2702 d:- ref:0 ;
in:353 out:355 type:b dur:2 cpbdur:2 q:26.83 aq:21.78 tex:86779 mv:51844 misc:5617 imb:696 pmb:3757 smb:3707 d:- ref:0 ;
in:355 out:356 type:b dur:2 cpbdur:2 q:26.83 aq:21.86 tex:83621 mv:52359 misc:5460 imb:699 pmb:3881 smb:3580 d:- ref:0 ;
in:359 out:357 type:P dur:2 cpbdur:2 q:26.87 aq:20.77 tex:265207 mv:62796 misc:2669 imb:3360 pmb:2778 smb:2022 d:- ref:0 ;
in:357 out:358 type:B dur:2 cpbdur:2 q:26.85 aq:22.10 tex:114543 mv:61631 misc:4946 imb:1020 pmb:4002 smb:3138 d:- ref:0 ;
in:358 out:359 type:b dur:2 cpbdur:2 q:26.86 aq:21.85 tex:92828 mv:52178 misc:5794 imb:753 pmb:3852 smb:3555 d:- ref:0 ;
in:360 out:360 type:P dur:2 cpbdur:2 q:26.87 aq:20.18 tex:248927 mv:63795 misc:2206 imb:4061 pmb:3671 smb:428 d:- ref:0 ;
in:361 out:361 type:P dur:2 cpbdur:2 q:26.92 aq:20.61 tex:217257 mv:60943 misc:3512 imb:2711 pmb:3502 smb:1947 d:- ref:0 ;
in:362 out:362 type:P dur:2 cpbdur:2 q:26.94 aq:21.61 tex:205005 mv:61041 misc:3090 imb:2535 pmb:3616 smb:2009 d:- ref:0 ;
in:363 out:363 type:P dur:2 cpbdur:2 q:26.95 aq:21.61 tex:202212 mv:63280 misc:2644 imb:2747 pmb:3689 smb:1724 d:- ref:0 ;
in:364 out:364 type:P dur:2 cpbdur:2 q:27.00 aq:22.09 tex:206848 mv:64628 misc:2628 imb:2902 pmb:3688 smb:1570 d:- ref:0 ;
in:365 out:365 type:P dur:2 cpbdur:2 q:27.06 aq:22.36 tex:239745 mv:66923 misc:2412 imb:3179 pmb:3487 smb:1494 d:- ref:0 ;
in:366 out:366 type:P dur:2 cpbdur:2 q:27.09 aq:22.39 tex:213431 mv:67542 misc:2363 imb:2988 pmb:3759 smb:1413 d:- ref:0 ;
in:367 out:367 type:P dur:2 cpbdur:2 q:27.11 aq:22.69 tex:202484 mv:68333 misc:2327 imb:2989 pmb:3874 smb:1297 d:- ref:0 ;
in:368 out:368 type:P dur:2 cpbdur:2 q:27.17 aq:22.74 tex:207759 mv:70079 misc:2306 imb:3174 pmb:3825 smb:1161 d:- ref:0 ;
in:369 out:369 type:P dur:2 cpbdur:2 q:27.22 aq:22.78 tex:218883 mv:71041 misc:2236 imb:3284 pmb:3802 smb:1074 d:- ref:0 ;
in:370 out:370 type:P dur:2 cpbdur:2 q:27.25 aq:22.78 tex:197039 mv:70134 misc:2611 imb:3300 pmb:3802 smb:1058 d:- ref:0 ;
in:371 out:371 type:P dur:2 cpbdur:2 q:27.27 aq:23.01 tex:193227 mv:69505 misc:2372 imb:3218 pmb:3903 smb:1039 d:- ref:0 ;
in:372 out:372 type:P dur:2 cpbdur:2 q:27.31 aq:23.21 tex:196575 mv:69131 misc:2374 imb:3356 pmb:3698 smb:1106 d:- ref:0 ;
in:373 out:373 type:P dur:2 cpbdur:2 q:27.35 aq:23.16 tex:205389 mv:71240 misc:2179 imb:3573 pmb:3631 smb:956 d:- ref:0 ;
in:374 out:374 type:P dur:2 cpbdur:2 q:27.38 aq:23.28 tex:187115 mv:71195 misc:2570 imb:3340 pmb:3854 smb:966 d:- ref:0 ;
in:375 out:375 type:P dur:2 cpbdur:2 q:27.42 aq:23.30 tex:182407 mv:70140 misc:2645 imb:3578 pmb:3765 smb:817 d:- ref:0 ;
in:376 out:376 type:P dur:2 cpbdur:2 q:27.45 aq:23.39 tex:181775 mv:71737 misc:2496 imb:3613 pmb:3751 smb:796 d:- ref:0 ;
in:377 out:377 type:P dur:2 cpbdur:2 q:27.48 aq:23.50 tex:180413 mv:71683 misc:2408 imb:3787 pmb:3699 smb:674 d:- ref:0 ;
in:378 out:378 type:P dur:2 cpbdur:2 q:27.50 aq:23.47 tex:221050 mv:73567 misc:1287 imb:5181 pmb:2871 smb:108 d:- ref:0 ;
in:379 out:379 type:P dur:2 cpbdur:2 q:27.52 aq:23.42 tex:225889 mv:74684 misc:1347 imb:5186 pmb:2785 smb:189 d:- ref:0 ;
in:380 out:380 type:P dur:2 cpbdur:2 q:27.55 aq:23.44 tex:227447 mv:75885 misc:1300 imb:5171 pmb:2830 smb:159 d:- ref:0 ;
in:381 out:381 type:P dur:2 cpbdur:2 q:27.57 aq:23.40 tex:239138 mv:74789 misc:1353 imb:5263 pmb:2680 smb:217 d:- ref:0 ;
in:382 out:382 type:P dur:2 cpbdur:2 q:27.59 aq:23.27 tex:213805 mv:74812 misc:1623 imb:5004 pmb:2930 smb:226 d:- ref:0 ;
in:383 out:383 type:P dur:2 cpbdur:2 q:27.61 aq:23.29 tex:231826 mv:72173 misc:1377 imb:5503 pmb:2497 smb:160 d:- ref:0 ;
in:384 out:384 type:P dur:2 cpbdur:2 q:27.63 aq:22.99 tex:241793 mv:73070 misc:1065 imb:5709 pmb:2372 smb:79 d:- ref:0 ;
in:385 out:385 type:P dur:2 cpbdur:2 q:27.64 aq:22.96 tex:242603 mv:74919 misc:1246 imb:5254 pmb:2780 smb:126 d:- ref:0 ;
in:386 out:386 type:P dur:2 cpbdur:2 q:27.66 aq:22.69 tex:236894 mv:73732 misc:1238 imb:5379 pmb:2664 smb:117 d:- ref:0 ;
in:387 out:387 type:P dur:2 cpbdur:2 q:27.68 aq:22.54 tex:232421 mv:71082 misc:1289 imb:5537 pmb:2487 smb:136 d:- ref:0 ;
in:388 out:388 type:P dur:2 cpbdur:2 q:27.69 aq:22.11 tex:242577 mv:71631 misc:1088 imb:5578 pmb:2492 smb:90 d:- ref:0 ;
in:389 out:389 type:P dur:2 cpbdur:2 q:27.70 aq:22.06 tex:244911 mv:68882 misc:1015 imb:5538 pmb:2538 smb:84 d:- ref:0 ;
in:390 out:390 type:P dur:2 cpbdur:2 q:27.71 aq:21.63 tex:245264 mv:65182 misc:1194 imb:5561 pmb:2513 smb:86 d:- ref:0 w:5,33,-6,5,31,5,34,-9 ;
in:391 out:391 type:P dur:2 cpbdur:2 q:27.73 aq:21.51 tex:227833 mv:65896 misc:1111 imb:5389 pmb:2691 smb:80 d:- ref:0 w:6,67,-6,5,32,1,33,-5 ;
in:392 out:392 type:I dur:2 cpbdur:2 q:24.45 aq:17.73 tex:398166 mv:136209 misc:385 imb:8160 pmb:0 smb:0 d:- ref:w:6,67,-6,5,32,1,33,-5 ;
in:396 out:393 type:P dur:2 cpbdur:2 q:27.87 aq:19.23 tex:375435 mv:61455 misc:630 imb:6652 pmb:1507 smb:1 d:- ref:0 ;
in:394 out:394 type:B dur:2 cpbdur:2 q:27.87 aq:20.72 tex:174748 mv:69540 misc:5872 imb:2162 pmb:3908 smb:2090 d:- ref:0 ;
in:393 out:395 type:b dur:2 cpbdur:2 q:27.87 aq:21.26 tex:130174 mv:65750 misc:5380 imb:2742 pmb:3964 smb:1454 d:- ref:0 ;
in:395 out:396 type:b dur:2 cpbdur:2 q:27.87 aq:21.06 tex:75889 mv:41722 misc:7053 imb:626 pmb:3450 smb:4084 d:- ref:0 ;
in:400 out:397 type:P dur:2 cpbdur:2 q:27.98 aq:19.51 tex:366338 mv:60791 misc:4295 imb:3611 pmb:3093 smb:1456 d:- ref:0 ;
in:398 out:398 type:B dur:2 cpbdur:2 q:27.92 aq:20.35 tex:149142 mv:57934 misc:6732 imb:888 pmb:4137 smb:3135 d:- ref:0 ;
in:397 out:399 type:b dur:2 cpbdur:2 q:27.90 aq:21.07 tex:66715 mv:36303 misc:6846 imb:431 pmb:3081 smb:4648 d:- ref:0 ;
in:399 out:400 type:b dur:2 cpbdur:2 q:27.95 aq:21.33 tex:65836 mv:35697 misc:6779 imb:425 pmb:3080 smb:4655 d:- ref:0 ;
in:404 out:401 type:P dur:2 cpbdur:2 q:28.13 aq:19.91 tex:328713 mv:56858 misc:4357 imb:3315 pmb:3370 smb:1475 d:- ref:0 ;
in:402 out:402 type:B dur:2 cpbdur:2 q:28.05 aq:20.75 tex:124902 mv:49827 misc:6871 imb:788 pmb:4084 smb:3288 d:- ref:0 ;
in:401 out:403 type:b dur:2 cpbdur:2 q:28.02 aq:21.60 tex:34360 mv:28653 misc:7339 imb:394 pmb:2859 smb:4907 d:- ref:0 ;
in:403 out:404 type:b dur:2 cpbdur:2 q:28.09 aq:21.58 tex:41367 mv:27267 misc:7222 imb:455 pmb:2940 smb:4765 d:- ref:0 ;
in:408 out:405 type:P dur:2 cpbdur:2 q:28.27 aq:20.35 tex:297658 mv:54554 misc:4740 imb:3054 pmb:3252 smb:1854 d:- ref:0 ;
in:406 out:406 type:B dur:2 cpbdur:2 q:28.20 aq:21.13 tex:90307 mv:45359 misc:7078 imb:620 pmb:3861 smb:3679 d:- ref:0 ;
in:405 out:407 type:b dur:2 cpbdur:2 q:28.16 aq:22.12 tex:25641 mv:24259 misc:7236 imb:285 pmb:2558 smb:5317 d:- ref:0 ;
in:407 out:408 type:b dur:2 cpbdur:2 q:28.24 aq:21.95 tex:41187 mv:27523 misc:7066 imb:326 pmb:2755 smb:5079 d:- ref:0 ;
in:412 out:409 type:P dur:2 cpbdur:2 q:28.37 aq:20.85 tex:312436 mv:57622 misc:4302 imb:3289 pmb:3198 smb:1673 d:- ref:0 ;
in:410 out:410 type:B dur:2 cpbdur:2 q:28.32 aq:21.56 tex:104985 mv:49073 misc:6902 imb:684 pmb:3908 smb:3568 d:- ref:0 ;
in:409 out:411 type:b dur:2 cpbdur:2 q:28.30 aq:22.09 tex:32312 mv:28365 misc:7347 imb:336 pmb:2850 smb:4974 d:- ref:0 ;
in:411 out:412 type:b dur:2 cpbdur:2 q:28.35 aq:22.42 tex:43129 mv:28044 misc:7027 imb:328 pmb:2785 smb:5047 d:- ref:0 ;
in:416 out:413 type:P dur:2 cpbdur:2 q:28.42 aq:21.45 tex:288446 mv:59639 misc:4107 imb:3564 pmb:3181 smb:1415 d:- ref:0 ;
in:414 out:414 type:B dur:2 cpbdur:2 q:28.40 aq:21.54 tex:102841 mv:52378 misc:7061 imb:818 pmb:3974 smb:3368 d:- ref:0 ;
in:413 out:415 type:b dur:2 cpbdur:2 q:28.38 aq:22.11 tex:33567 mv:28550 misc:7027 imb:330 pmb:2688 smb:5142 d:- ref:0 ;
in:415 out:416 type:b dur:2 cpbdur:2 q:28.41 aq:22.41 tex:40535 mv:31386 misc:7103 imb:446 pmb:2865 smb:4849 d:- ref:0 ;
in:420 out:417 type:P dur:2 cpbdur:2 q:28.41 aq:22.38 tex:329594 mv:62854 misc:2048 imb:5168 pmb:2597 smb:395 d:- ref:0 ;
in:418 out:418 type:B dur:2 cpbdur:2 q:28.41 aq:21.83 tex:151920 mv:66211 misc:6077 imb:1475 pmb:4556 smb:2129 d:- ref:0 ;
in:417 out:419 type:b dur:2 cpbdur:2 q:28.42 aq:23.03 tex:36589 mv:35305 misc:7522 imb:527 pmb:3117 smb:4516 d:- ref:0 ;
in:419 out:420 type:b dur:2 cpbdur:2 q:28.41 aq:22.85 tex:71029 mv:48540 misc:6983 imb:1050 pmb:4103 smb:3007 d:- ref:0 ;
in:423 out:421 type:P dur:2 cpbdur:2 q:28.35 aq:22.32 tex:295609 mv:55823 misc:768 imb:6931 pmb:1225 smb:4 d:- ref:0 w:6,57,11,7,94,27,101,27 ;
in:421 out:422 type:B dur:2 cpbdur:2 q:28.39 aq:23.24 tex:136379 mv:67617 misc:4964 imb:2624 pmb:3604 smb:1932 d:- ref:0 ;
in:422 out:423 type:b dur:2 cpbdur:2 q:28.37 aq:23.34 tex:132960 mv:74871 misc:3409 imb:4152 pmb:2702 smb:1306 d:- ref:0 ;
in:424 out:424 type:P dur:2 cpbdur:2 q:28.31 aq:22.35 tex:366528 mv:61833 misc:1031 imb:6055 pmb:1984 smb:121 d:- ref:0 ;
in:427 out:425 type:P dur:2 cpbdur:2 q:28.35 aq:22.12 tex:323503 mv:63391 misc:1666 imb:5171 pmb:2748 smb:241 d:- ref:0 ;
in:425 out:426 type:B dur:2 cpbdur:2 q:28.32 aq:22.95 tex:104645 mv:61885 misc:6486 imb:1632 pmb:4262 smb:2266 d:- ref:0 ;
in:426 out:427 type:b dur:2 cpbdur:2 q:28.33 aq:23.40 tex:51734 mv:42785 misc:7217 imb:719 pmb:3500 smb:3941 d:- ref:0 ;
in:429 out:428 type:P dur:2 cpbdur:2 q:28.31 aq:22.18 tex:275156 mv:59963 misc:3689 imb:3611 pmb:3406 smb:1143 d:- ref:0 ;
in:428 out:429 type:b dur:2 cpbdur:2 q:28.33 aq:23.46 tex:60249 mv:46744 misc:7007 imb:1217 pmb:3290 smb:3653 d:- ref:0 ;
in:433 out:430 type:P dur:2 cpbdur:2 q:28.30 aq:21.60 tex:369691 mv:66812 misc:2753 imb:4441 pmb:3092 smb:627 d:- ref:0 ;
in:431 out:431 type:B dur:2 cpbdur:2 q:28.31 aq:21.95 tex:121765 mv:66904 misc:6331 imb:1549 pmb:4323 smb:2288 d:- ref:0 ;
in:430 out:432 type:b dur:2 cpbdur:2 q:28.31 aq:23.21 tex:60816 mv:45728 misc:6984 imb:1250 pmb:3368 smb:3542 d:- ref:0 ;
in:432 out:433 type:b dur:2 cpbdur:2 q:28.30 aq:22.99 tex:49420 mv:39812 misc:7368 imb:645 pmb:3321 smb:4194 d:- ref:0 ;
in:437 out:434 type:P dur:2 cpbdur:2 q:28.31 aq:22.20 tex:392828 mv:68283 misc:2569 imb:4428 pmb:3157 smb:575 d:- ref:0 ;
in:435 out:435 type:B dur:2 cpbdur:2 q:28.31 aq:22.49 tex:132566 mv:67996 misc:6062 imb:1645 pmb:4301 smb:2214 d:- ref:0 ;
in:434 out:436 type:b dur:2 cpbdur:2 q:28.30 aq:23.29 tex:44701 mv:40718 misc:7525 imb:713 pmb:3321 smb:4126 d:- ref:0 ;
in:436 out:437 type:b dur:2 cpbdur:2 q:28.31 aq:23.32 tex:64336 mv:47746 misc:7046 imb:1230 pmb:3515 smb:3415 d:- ref:0 ;
in:441 out:438 type:P dur:2 cpbdur:2 q:28.40 aq:21.62 tex:388695 mv:68472 misc:2817 imb:4292 pmb:3228 smb:640 d:- ref:0 ;
in:439 out:439 type:B dur:2 cpbdur:2 q:28.36 aq:22.41 tex:125192 mv:67561 misc:6407 imb:1336 pmb:4496 smb:2328 d:- ref:0 ;
in:438 out:440 type:b dur:2 cpbdur:2 q:28.34 aq:23.32 tex:53689 mv:43075 misc:7356 imb:962 pmb:3321 smb:3877 d:- ref:0 ;
in:440 out:441 type:b dur:2 cpbdur:2 q:28.38 aq:23.12 tex:49402 mv:39157 misc:7801 imb:534 pmb:3456 smb:4170 d:- ref:0 ;
in:445 out:442 type:P dur:2 cpbdur:2 q:28.52 aq:22.05 tex:377568 mv:66602 misc:3630 imb:3869 pmb:3272 smb:1019 d:- ref:0 ;
in:443 out:443 type:B dur:2 cpbdur:2 q:28.46 aq:22.56 tex:127599 mv:66179 misc:6646 imb:878 pmb:4755 smb:2527 d:- ref:0 ;
in:442 out:444 type:b dur:2 cpbdur:2 q:28.43 aq:23.24 tex:46669 mv:36847 misc:7700 imb:368 pmb:3408 smb:4384 d:- ref:0 ;
in:444 out:445 type:b dur:2 cpbdur:2 q:28.49 aq:23.39 tex:48423 mv:39107 misc:7750 imb:441 pmb:3562 smb:4157 d:- ref:0 ;
in:449 out:446 type:P dur:2 cpbdur:2 q:28.62 aq:22.45 tex:371364 mv:65309 misc:3383 imb:4310 pmb:2873 smb:977 d:- ref:0 ;
in:447 out:447 type:B dur:2 cpbdur:2 q:28.57 aq:22.80 tex:136055 mv:68742 misc:6443 imb:1107 pmb:4648 smb:2405 d:- ref:0 ;
in:446 out:448 type:b dur:2 cpbdur:2 q:28.54 aq:23.81 tex:49271 mv:40405 misc:7652 imb:443 pmb:3576 smb:4141 d:- ref:0 ;
in:448 out:449 type:b dur:2 cpbdur:2 q:28.59 aq:23.82 tex:55860 mv:43383 misc:7493 imb:507 pmb:3795 smb:3858 d:- ref:0 ;
in:453 out:450 type:P dur:2 cpbdur:2 q:28.66 aq:22.45 tex:389152 mv:67383 misc:1697 imb:5192 pmb:2747 smb:221 d:- ref:0 ;
in:451 out:451 type:B dur:2 cpbdur:2 q:28.64 aq:22.69 tex:177258 mv:79114 misc:4980 imb:1676 pmb:5182 smb:1302 d:- ref:0 ;
in:450 out:452 type:b dur:2 cpbdur:2 q:28.63 aq:23.72 tex:75733 mv:51791 misc:7148 imb:908 pmb:4782 smb:2470 d:- ref:0 ;
in:452 out:453 type:b dur:2 cpbdur:2 q:28.65 aq:23.54 tex:74763 mv:53322 misc:7019 imb:1028 pmb:4039 smb:3093 d:- ref:0 ;
in:456 out:454 type:P dur:2 cpbdur:2 q:28.69 aq:22.47 tex:331368 mv:63064 misc:3080 imb:4651 pmb:2667 smb:842 d:- ref:0 ;
in:454 out:455 type:B dur:2 cpbdur:2 q:28.67 aq:23.33 tex:102161 mv:61472 misc:6343 imb:1319 pmb:4009 smb:2832 d:- ref:0 ;
in:455 out:456 type:b dur:2 cpbdur:2 q:28.68 aq:23.78 tex:85092 mv:58921 misc:6795 imb:1248 pmb:4067 smb:2845 d:- ref:0 ;
in:460 out:457 type:P dur:2 cpbdur:2 q:28.68 aq:22.66 tex:325282 mv:61727 misc:2879 imb:5353 pmb:2047 smb:760 d:- ref:0 ;
in:458 out:458 type:B dur:2 cpbdur:2 q:28.68 aq:22.61 tex:202116 mv:77436 misc:5016 imb:2318 pmb:4122 smb:1720 d:- ref:0 ;
in:457 out:459 type:b dur:2 cpbdur:2 q:28.68 aq:23.81 tex:89237 mv:55587 misc:6720 imb:1251 pmb:3809 smb:3100 d:- ref:0 ;
in:459 out:460 type:b dur:2 cpbdur:2 q:28.68 aq:23.64 tex:106357 mv:60735 misc:6548 imb:1370 pmb:4048 smb:2742 d:- ref:0 ;
in:463 out:461 type:P dur:2 cpbdur:2 q:28.67 aq:24.35 tex:335572 mv:61357 misc:1607 imb:6180 pmb:1672 smb:308 d:- ref:0 ;
in:461 out:462 type:B dur:2 cpbdur:2 q:28.68 aq:23.37 tex:168698 mv:72041 misc:5005 imb:2633 pmb:3474 smb:2053 d:- ref:0 ;
in:462 out:463 type:b dur:2 cpbdur:2 q:28.67 aq:24.12 tex:130746 mv:70829 misc:5353 imb:2779 pmb:3466 smb:1915 d:- ref:0 ;
in:465 out:464 type:P dur:2 cpbdur:2 q:28.68 aq:24.62 tex:388154 mv:61754 misc:1212 imb:6083 pmb:1837 smb:240 d:- ref:0 ;
in:464 out:465 type:b dur:2 cpbdur:2 q:28.68 aq:25.33 tex:168767 mv:80531 misc:3350 imb:4068 pmb:3226 smb:866 d:- ref:0 ;
in:466 out:466 type:P dur:2 cpbdur:2 q:28.80 aq:24.12 tex:257160 mv:56647 misc:1681 imb:5157 pmb:2529 smb:474 d:- ref:0 ;
in:468 out:467 type:P dur:2 cpbdur:2 q:28.82 aq:23.73 tex:389861 mv:59866 misc:1257 imb:5909 pmb:1953 smb:298 d:- ref:0 ;
in:467 out:468 type:b dur:2 cpbdur:2 q:28.81 aq:24.29 tex:155988 mv:77377 misc:3795 imb:3602 pmb:3462 smb:1096 d:- ref:0 ;
in:470 out:469 type:P dur:2 cpbdur:2 q:28.89 aq:23.92 tex:292472 mv:56513 misc:1383 imb:5464 pmb:2270 smb:426 d:- ref:0 ;
in:469 out:470 type:b dur:2 cpbdur:2 q:28.86 aq:24.59 tex:121607 mv:73220 misc:4029 imb:3780 pmb:3063 smb:1317 d:- ref:0 ;
in:471 out:471 type:P dur:2 cpbdur:2 q:28.92 aq:22.72 tex:304440 mv:54437 misc:1699 imb:5274 pmb:2336 smb:550 d:- ref:0 ;
in:472 out:472 type:P dur:2 cpbdur:2 q:28.97 aq:21.38 tex:271395 mv:53756 misc:3185 imb:4093 pmb:2962 smb:1105 d:- ref:0 ;
in:476 out:473 type:P dur:2 cpbdur:2 q:29.04 aq:21.01 tex:384269 mv:63790 misc:2997 imb:4957 pmb:2550 smb:653 d:- ref:0 ;
in:474 out:474 type:B dur:2 cpbdur:2 q:29.00 aq:21.72 tex:188234 mv:69246 misc:5944 imb:1456 pmb:4447 smb:2257 d:- ref:0 ;
in:473 out:475 type:b dur:2 cpbdur:2 q:28.99 aq:23.16 tex:77295 mv:46961 misc:7104 imb:704 pmb:3902 smb:3554 d:- ref:0 ;
in:475 out:476 type:b dur:2 cpbdur:2 q:29.02 aq:23.05 tex:96027 mv:48492 misc:6681 imb:722 pmb:3800 smb:3638 d:- ref:0 ;
in:480 out:477 type:P dur:2 cpbdur:2 q:29.13 aq:21.85 tex:390787 mv:63760 misc:2309 imb:5122 pmb:2648 smb:390 d:- ref:0 ;
in:478 out:478 type:B dur:2 cpbdur:2 q:29.08 aq:21.78 tex:196374 mv:76042 misc:5432 imb:1520 pmb:4832 smb:1808 d:- ref:0 ;
in:477 out:479 type:b dur:2 cpbdur:2 q:29.06 aq:23.27 tex:73243 mv:44524 misc:6681 imb:540 pmb:3584 smb:4036 d:- ref:0 ;
in:479 out:480 type:b dur:2 cpbdur:2 q:29.10 aq:22.90 tex:104533 mv:56016 misc:6715 imb:935 pmb:4527 smb:2698 d:- ref:0 ;
in:484 out:481 type:P dur:2 cpbdur:2 q:29.24 aq:22.09 tex:349130 mv:63735 misc:3471 imb:5086 pmb:2187 smb:887 d:- ref:0 ;
in:482 out:482 type:B dur:2 cpbdur:2 q:29.18 aq:21.88 tex:194849 mv:80238 misc:5577 imb:1717 pmb:4540 smb:1903 d:- ref:0 ;
in:481 out:483 type:b dur:2 cpbdur:2 q:29.15 aq:23.58 tex:81363 mv:49903 misc:7006 imb:752 pmb:3856 smb:3552 d:- ref:0 ;
in:483 out:484 type:b dur:2 cpbdur:2 q:29.21 aq:23.48 tex:112966 mv:59701 misc:6197 imb:937 pmb:4196 smb:3027 d:- ref:0 ;
in:487 out:485 type:P dur:2 cpbdur:2 q:29.37 aq:22.27 tex:282746 mv:64355 misc:3763 imb:4231 pmb:2593 smb:1336 d:- ref:0 ;
in:485 out:486 type:B dur:2 cpbdur:2 q:29.28 aq:23.78 tex:123574 mv:62817 misc:5465 imb:1056 pmb:3925 smb:3179 d:- ref:0 ;
in:486 out:487 type:b dur:2 cpbdur:2 q:29.33 aq:24.08 tex:84170 mv:57579 misc:5635 imb:936 pmb:3689 smb:3535 d:- ref:0 ;
in:491 out:488 type:P dur:2 cpbdur:2 q:29.47 aq:22.38 tex:300719 mv:63495 misc:3578 imb:4751 pmb:2169 smb:1240 d:- ref:0 ;
in:489 out:489 type:B dur:2 cpbdur:2 q:29.42 aq:22.89 tex:191603 mv:81313 misc:4828 imb:1744 pmb:4125 smb:2291 d:- ref:0 ;
in:488 out:490 type:b dur:2 cpbdur:2 q:29.39 aq:24.22 tex:84895 mv:60622 misc:5443 imb:1064 pmb:3650 smb:3446 d:- ref:0 ;
in:490 out:491 type:b dur:2 cpbdur:2 q:29.45 aq:24.16 tex:84083 mv:58140 misc:5801 imb:796 pmb:4006 smb:3358 d:- ref:0 ;
in:495 out:492 type:P dur:2 cpbdur:2 q:29.55 aq:22.68 tex:254269 mv:59412 misc:3759 imb:4761 pmb:1916 smb:1483 d:- ref:0 ;
in:493 out:493 type:B dur:2 cpbdur:2 q:29.51 aq:23.09 tex:173258 mv:79325 misc:4649 imb:1835 pmb:3797 smb:2528 d:- ref:0 ;
in:492 out:494 type:b dur:2 cpbdur:2 q:29.49 aq:24.01 tex:82809 mv:61965 misc:5634 imb:1021 pmb:3679 smb:3460 d:- ref:0 ;
in:494 out:495 type:b dur:2 cpbdur:2 q:29.53 aq:24.37 tex:77511 mv:60251 misc:5542 imb:1184 pmb:3662 smb:3314 d:- ref:0 ;
in:499 out:496 type:P dur:2 cpbdur:2 q:29.59 aq:23.42 tex:225494 mv:58509 misc:3477 imb:4937 pmb:1783 smb:1440 d:- ref:0 ;
in:497 out:497 type:B dur:2 cpbdur:2 q:29.57 aq:23.14 tex:160594 mv:77178 misc:4540 imb:2252 pmb:3596 smb:2312 d:- ref:0 ;
in:496 out:498 type:b dur:2 cpbdur:2 q:29.56 aq:24.44 tex:76814 mv:61765 misc:5293 imb:1374 pmb:3561 smb:3225 d:- ref:0 ;
in:498 out:499 type:b dur:2 cpbdur:2 q:29.58 aq:24.34 tex:81008 mv:60924 misc:5276 imb:1485 pmb:3568 smb:3107 d:- ref:0 ;
in:500 out:500 type:I dur:2 cpbdur:2 q:26.28 aq:20.50 tex:304628 mv:137766 misc:406 imb:8160 pmb:0 smb:0 d:- ref:;
in:503 out:501 type:P dur:2 cpbdur:2 q:29.66 aq:24.73 tex:205108 mv:60546 misc:1754 imb:6377 pmb:1520 smb:263 d:- ref:0 ;
in:501 out:502 type:B dur:2 cpbdur:2 q:29.66 aq:23.74 tex:132899 mv:78017 misc:4556 imb:3177 pmb:3611 smb:1372 d:- ref:0 ;
in:502 out:503 type:b dur:2 cpbdur:2 q:29.66 aq:24.06 tex:105758 mv:77111 misc:4867 imb:2947 pmb:3567 smb:1646 d:- ref:0 ;
in:504 out:504 type:P dur:2 cpbdur:2 q:29.70 aq:25.35 tex:160374 mv:59424 misc:1370 imb:6387 pmb:1550 smb:223 d:- ref:0 ;
in:505 out:505 type:P dur:2 cpbdur:2 q:29.71 aq:24.70 tex:130190 mv:50910 misc:1060 imb:7356 pmb:705 smb:99 d:- ref:0 ;
in:506 out:506 type:P dur:2 cpbdur:2 q:29.71 aq:25.09 tex:114094 mv:46202 misc:704 imb:7749 pmb:386 smb:25 d:- ref:0 ;
in:507 out:507 type:i dur:2 cpbdur:2 q:26.41 aq:22.51 tex:379322 mv:137569 misc:389 imb:8160 pmb:0 smb:0 d:- ref:;
in:508 out:508 type:P dur:2 cpbdur:2 q:29.83 aq:24.48 tex:172462 mv:60721 misc:1089 imb:5986 pmb:2070 smb:104 d:- ref:0 ;
in:510 out:509 type:P dur:2 cpbdur:2 q:29.84 aq:23.54 tex:229058 mv:65061 misc:873 imb:6319 pmb:1816 smb:25 d:- ref:0 ;
in:509 out:510 type:b dur:2 cpbdur:2 q:29.83 aq:24.22 tex:109113 mv:80209 misc:3998 imb:3933 pmb:3369 smb:858 d:- ref:0 ;
in:514 out:511 type:P dur:2 cpbdur:2 q:29.85 aq:22.67 tex:236939 mv:66594 misc:1587 imb:6084 pmb:1818 smb:258 d:- ref:0 ;
in:512 out:512 type:B dur:2 cpbdur:2 q:29.85 aq:23.02 tex:134797 mv:78976 misc:5043 imb:2371 pmb:3710 smb:2079 d:- ref:0 ;
in:511 out:513 type:b dur:2 cpbdur:2 q:29.84 aq:24.20 tex:88843 mv:68187 misc:6010 imb:1427 pmb:4147 smb:2586 d:- ref:0 ;
in:513 out:514 type:b dur:2 cpbdur:2 q:29.85 aq:24.19 tex:68390 mv:53018 misc:6088 imb:993 pmb:3563 smb:3604 d:- ref:0 ;
in:518 out:515 type:P dur:2 cpbdur:2 q:29.88 aq:23.40 tex:223564 mv:63004 misc:3184 imb:5253 pmb:1951 smb:956 d:- ref:0 ;
in:516 out:516 type:B dur:2 cpbdur:2 q:29.87 aq:23.48 tex:134432 mv:76787 misc:5029 imb:1980 pmb:4058 smb:2122 d:- ref:0 ;
in:515 out:517 type:b dur:2 cpbdur:2 q:29.86 aq:24.19 tex:74991 mv:58008 misc:5817 imb:924 pmb:3890 smb:3346 d:- ref:0 ;
in:517 out:518 type:b dur:2 cpbdur:2 q:29.88 aq:24.30 tex:67345 mv:55588 misc:6435 imb:1050 pmb:3816 smb:3294 d:- ref:0 ;
in:522 out:519 type:P dur:2 cpbdur:2 q:29.92 aq:23.74 tex:199592 mv:60970 misc:3246 imb:5327 pmb:1716 smb:1117 d:- ref:0 ;
in:520 out:520 type:B dur:2 cpbdur:2 q:29.90 aq:23.81 tex:122203 mv:81125 misc:5136 imb:2041 pmb:4014 smb:2105 d:- ref:0 ;
in:519 out:521 type:b dur:2 cpbdur:2 q:29.89 aq:24.53 tex:67812 mv:59571 misc:6177 imb:1080 pmb:3935 smb:3145 d:- ref:0 ;
in:521 out:522 type:b dur:2 cpbdur:2 q:29.91 aq:24.82 tex:58948 mv:55481 misc:6275 imb:980 pmb:3715 smb:3465 d:- ref:0 ;
in:526 out:523 type:P dur:2 cpbdur:2 q:29.91 aq:24.29 tex:173119 mv:60268 misc:3213 imb:5443 pmb:1601 smb:1116 d:- ref:0 ;
in:524 out:524 type:B dur:2 cpbdur:2 q:29.92 aq:24.27 tex:126543 mv:81927 misc:4754 imb:2463 pmb:3714 smb:1983 d:- ref:0 ;
in:523 out:525 type:b dur:2 cpbdur:2 q:29.92 aq:25.03 tex:69417 mv:62474 misc:5957 imb:1094 pmb:4020 smb:3046 d:- ref:0 ;
in:525 out:526 type:b dur:2 cpbdur:2 q:29.91 aq:24.90 tex:68913 mv:62030 misc:5801 imb:1321 pmb:3785 smb:3054 d:- ref:0 ;
in:529 out:527 type:P dur:2 cpbdur:2 q:29.96 aq:24.60 tex:141836 mv:60242 misc:2746 imb:5745 pmb:1605 smb:810 d:- ref:0 ;
in:527 out:528 type:B dur:2 cpbdur:2 q:29.93 aq:24.47 tex:94822 mv:73955 misc:5511 imb:2157 pmb:3898 smb:2105 d:- ref:0 ;
in:528 out:529 type:b dur:2 cpbdur:2 q:29.94 aq:24.89 tex:72768 mv:68851 misc:5997 imb:1851 pmb:3787 smb:2522 d:- ref:0 ;
in:530 out:530 type:P dur:2 cpbdur:2 q:29.96 aq:24.78 tex:99151 mv:59932 misc:3837 imb:4534 pmb:2305 smb:1321 d:- ref:0 ;
in:531 out:531 type:P dur:2 cpbdur:2 q:29.98 aq:25.19 tex:105396 mv:63178 misc:3562 imb:4857 pmb:2288 smb:1015 d:- ref:0 ;
in:532 out:532 type:P dur:2 cpbdur:2 q:29.97 aq:25.31 tex:103374 mv:58588 misc:2982 imb:5492 pmb:1801 smb:867 d:- ref:0 ;
in:533 out:533 type:P dur:2 cpbdur:2 q:29.97 aq:25.01 tex:98514 mv:55075 misc:2979 imb:5870 pmb:1450 smb:840 d:- ref:0 ;
in:534 out:534 type:P dur:2 cpbdur:2 q:29.98 aq:24.99 tex:101712 mv:53157 misc:2459 imb:6267 pmb:1253 smb:640 d:- ref:0 ;
in:535 out:535 type:P dur:2 cpbdur:2 q:30.00 aq:24.91 tex:104577 mv:53507 misc:2468 imb:6267 pmb:1245 smb:648 d:- ref:0 ;
in:536 out:536 type:P dur:2 cpbdur:2 q:29.99 aq:24.54 tex:106202 mv:54093 misc:2377 imb:6282 pmb:1288 smb:590 d:- ref:0 ;
in:537 out:537 type:P dur:2 cpbdur:2 q:29.98 aq:24.47 tex:98438 mv:51695 misc:2803 imb:6099 pmb:1281 smb:780 d:- ref:0 ;
in:538 out:538 type:P dur:2 cpbdur:2 q:30.00 aq:24.28 tex:92801 mv:51461 misc:2778 imb:5985 pmb:1318 smb:857 d:- ref:0 ;
in:539 out:539 type:P dur:2 cpbdur:2 q:30.01 aq:24.23 tex:114272 mv:53090 misc:2958 imb:5901 pmb:1393 smb:866 d:- ref:0 ;
in:540 out:540 type:P dur:2 cpbdur:2 q:30.01 aq:24.34 tex:135865 mv:56422 misc:1441 imb:6574 pmb:1424 smb:162 d:- ref:0 w:5,27,10,6,61,6,64,0 ;
in:541 out:541 type:I dur:2 cpbdur:2 q:26.92 aq:20.97 tex:259596 mv:112891 misc:433 imb:8160 pmb:0 smb:0 d:- ref:w:5,27,10,6,61,6,64,0 ;
in:542 out:542 type:P dur:2 cpbdur:2 q:30.03 aq:24.18 tex:152153 mv:60714 misc:3845 imb:4589 pmb:2384 smb:1187 d:- ref:0 ;
in:544 out:543 type:P dur:2 cpbdur:2 q:30.04 aq:24.03 tex:178502 mv:68269 misc:2813 imb:5167 pmb:2403 smb:590 d:- ref:0 ;
in:543 out:544 type:b dur:2 cpbdur:2 q:30.03 aq:24.62 tex:82726 mv:77780 misc:5878 imb:1879 pmb:4310 smb:1971 d:- ref:0 ;
in:547 out:545 type:P dur:2 cpbdur:2 q:30.04 aq:24.62 tex:220312 mv:69912 misc:2856 imb:5180 pmb:2245 smb:735 d:- ref:0 ;
in:545 out:546 type:B dur:2 cpbdur:2 q:30.04 aq:24.76 tex:117868 mv:77660 misc:5448 imb:2015 pmb:4037 smb:2108 d:- ref:0 ;
in:546 out:547 type:b dur:2 cpbdur:2 q:30.04 aq:25.22 tex:83622 mv:71431 misc:6027 imb:1725 pmb:3854 smb:2581 d:- ref:0 ;
in:548 out:548 type:P dur:2 cpbdur:2 q:30.02 aq:24.55 tex:152337 mv:64532 misc:4219 imb:3314 pmb:3141 smb:1705 d:- ref:0 ;
in:550 out:549 type:P dur:2 cpbdur:2 q:30.01 aq:24.37 tex:184245 mv:68515 misc:3504 imb:4320 pmb:2827 smb:1013 d:- ref:0 ;
in:549 out:550 type:b dur:2 cpbdur:2 q:30.01 aq:24.62 tex:88817 mv:81168 misc:5895 imb:1929 pmb:4404 smb:1827 d:- ref:0 ;
in:552 out:551 type:P dur:2 cpbdur:2 q:29.99 aq:24.75 tex:196958 mv:70334 misc:2052 imb:5306 pmb:2461 smb:393 d:- ref:0 ;
in:551 out:552 type:b dur:2 cpbdur:2 q:30.00 aq:24.73 tex:82536 mv:78181 misc:6203 imb:1862 pmb:4085 smb:2213 d:- ref:0 ;
in:555 out:553 type:P dur:2 cpbdur:2 q:29.96 aq:25.15 tex:203688 mv:65212 misc:988 imb:6350 pmb:1750 smb:60 d:- ref:0 ;
in:553 out:554 type:B dur:2 cpbdur:2 q:29.98 aq:25.10 tex:120557 mv:87947 misc:4368 imb:3292 pmb:3789 smb:1079 d:- ref:0 ;
in:554 out:555 type:b dur:2 cpbdur:2 q:29.97 aq:25.03 tex:91026 mv:82541 misc:5121 imb:3092 pmb:3768 smb:1300 d:- ref:0 ;
in:556 out:556 type:P dur:2 cpbdur:2 q:29.96 aq:25.20 tex:176255 mv:64227 misc:1142 imb:5986 pmb:2062 smb:112 d:- ref:0 ;
in:557 out:557 type:P dur:2 cpbdur:2 q:29.97 aq:25.52 tex:168486 mv:66614 misc:1404 imb:5713 pmb:2258 smb:189 d:- ref:0 ;
in:558 out:558 type:P dur:2 cpbdur:2 q:29.98 aq:25.30 tex:161041 mv:65615 misc:1120 imb:5899 pmb:2184 smb:77 d:- ref:0 w:7,117,12,6,53,22,53,21 ;
in:559 out:559 type:P dur:2 cpbdur:2 q:29.99 aq:25.22 tex:152790 mv:66569 misc:1833 imb:5509 pmb:2364 smb:287 d:- ref:0 ;
in:561 out:560 type:P dur:2 cpbdur:2 q:30.01 aq:25.34 tex:178405 mv:62894 misc:1005 imb:6468 pmb:1616 smb:76 d:- ref:0 ;
in:560 out:561 type:b dur:2 cpbdur:2 q:30.00 aq:25.50 tex:94008 mv:81670 misc:4762 imb:3497 pmb:3436 smb:1227 d:- ref:0 ;
in:563 out:562 type:P dur:2 cpbdur:2 q:30.02 aq:25.44 tex:195456 mv:65403 misc:1229 imb:6206 pmb:1779 smb:175 d:- ref:0 ;
in:562 out:563 type:b dur:2 cpbdur:2 q:30.02 aq:25.92 tex:108203 mv:83564 misc:4257 imb:3626 pmb:3415 smb:1119 d:- ref:0 ;
in:565 out:564 type:P dur:2 cpbdur:2 q:30.06 aq:25.61 tex:222753 mv:64305 misc:1246 imb:6203 pmb:1792 smb:165 d:- ref:0 ;
in:564 out:565 type:b dur:2 cpbdur:2 q:30.04 aq:25.78 tex:116887 mv:77142 misc:3755 imb:4086 pmb:3015 smb:1059 d:- ref:0 ;
in:569 out:566 type:P dur:2 cpbdur:2 q:30.10 aq:25.90 tex:235835 mv:62400 misc:949 imb:6626 pmb:1441 smb:93 d:- ref:0 ;
in:567 out:567 type:B dur:2 cpbdur:2 q:30.08 aq:25.81 tex:141239 mv:83888 misc:4769 imb:3438 pmb:3470 smb:1252 d:- ref:0 ;
in:566 out:568 type:b dur:2 cpbdur:2 q:30.07 aq:26.30 tex:87704 mv:69906 misc:6126 imb:2520 pmb:3623 smb:2017 d:- ref:0 ;
in:568 out:569 type:b dur:2 cpbdur:2 q:30.09 aq:26.18 tex:69683 mv:58375 misc:7286 imb:1609 pmb:3566 smb:2985 d:- ref:0 ;
in:573 out:570 type:P dur:2 cpbdur:2 q:30.15 aq:26.10 tex:217464 mv:63766 misc:1074 imb:6435 pmb:1635 smb:90 d:- ref:0 ;
in:571 out:571 type:B dur:2 cpbdur:2 q:30.13 aq:25.96 tex:133671 mv:81969 misc:4920 imb:3020 pmb:3815 smb:1325 d:- ref:0 ;
in:570 out:572 type:b dur:2 cpbdur:2 q:30.11 aq:26.19 tex:89473 mv:64400 misc:6695 imb:1997 pmb:3798 smb:2365 d:- ref:0 ;
in:572 out:573 type:b dur:2 cpbdur:2 q:30.14 aq:26.40 tex:77926 mv:56270 misc:6900 imb:1522 pmb:3388 smb:3250 d:- ref:0 ;
in:575 out:574 type:P dur:2 cpbdur:2 q:30.21 aq:25.84 tex:179895 mv:62456 misc:3073 imb:5188 pmb:2163 smb:809 d:- ref:0 ;
in:574 out:575 type:b dur:2 cpbdur:2 q:30.18 aq:26.66 tex:86668 mv:63093 misc:6287 imb:2093 pmb:3346 smb:2721 d:- ref:0 ;
in:579 out:576 type:P dur:2 cpbdur:2 q:30.23 aq:25.33 tex:197459 mv:63545 misc:2548 imb:5798 pmb:1833 smb:529 d:- ref:0 ;
in:577 out:577 type:B dur:2 cpbdur:2 q:30.22 aq:25.31 tex:124954 mv:72540 misc:5562 imb:2637 pmb:3421 smb:2102 d:- ref:0 ;
in:576 out:578 type:b dur:2 cpbdur:2 q:30.21 aq:26.28 tex:97387 mv:58827 misc:5682 imb:2282 pmb:3034 smb:2844 d:- ref:0 ;
in:578 out:579 type:b dur:2 cpbdur:2 q:30.22 aq:25.75 tex:66506 mv:52845 misc:7193 imb:1299 pmb:3465 smb:3396 d:- ref:0 ;
in:581 out:580 type:P dur:2 cpbdur:2 q:30.27 aq:26.69 tex:187742 mv:61896 misc:3010 imb:5233 pmb:2113 smb:814 d:- ref:0 ;
in:580 out:581 type:b dur:2 cpbdur:2 q:30.25 aq:26.33 tex:87135 mv:57496 misc:6265 imb:2094 pmb:3044 smb:3022 d:- ref:0 ;
in:582 out:582 type:P dur:2 cpbdur:2 q:30.30 aq:26.28 tex:155152 mv:59917 misc:3267 imb:5015 pmb:2171 smb:974 d:- ref:0 ;
in:583 out:583 type:I dur:2 cpbdur:2 q:27.18 aq:22.98 tex:335944 mv:127311 misc:337 imb:8160 pmb:0 smb:0 d:- ref:;
in:587 out:584 type:P dur:2 cpbdur:2 q:30.35 aq:25.48 tex:194026 mv:61251 misc:1611 imb:6314 pmb:1592 smb:254 d:- ref:0 ;
in:585 out:585 type:B dur:2 cpbdur:2 q:30.35 aq:25.87 tex:116139 mv:74313 misc:5732 imb:2311 pmb:3647 smb:2202 d:- ref:0 ;
in:584 out:586 type:b dur:2 cpbdur:2 q:30.35 aq:26.56 tex:85750 mv:56727 misc:6355 imb:1659 pmb:3072 smb:3429 d:- ref:0 ;
in:586 out:587 type:b dur:2 cpbdur:2 q:30.35 aq:26.17 tex:75940 mv:57966 misc:6446 imb:1600 pmb:3316 smb:3244 d:- ref:0 ;
in:591 out:588 type:P dur:2 cpbdur:2 q:30.35 aq:25.51 tex:228762 mv:64372 misc:2514 imb:5621 pmb:2004 smb:535 d:- ref:0 ;
in:589 out:589 type:B dur:2 cpbdur:2 q:30.35 aq:25.90 tex:119694 mv:74497 misc:5177 imb:3055 pmb:3198 smb:1907 d:- ref:0 ;
in:588 out:590 type:b dur:2 cpbdur:2 q:30.35 aq:26.20 tex:88569 mv:60070 misc:6305 imb:1903 pmb:3345 smb:2912 d:- ref:0 ;
in:590 out:591 type:b dur:2 cpbdur:2 q:30.35 aq:26.16 tex:74259 mv:54761 misc:6124 imb:1705 pmb:3075 smb:3380 d:- ref:0 ;
in:595 out:592 type:P dur:2 cpbdur:2 q:30.37 aq:25.32 tex:262042 mv:64564 misc:2970 imb:4994 pmb:2442 smb:724 d:- ref:0 ;
in:593 out:593 type:B dur:2 cpbdur:2 q:30.36 aq:25.64 tex:112373 mv:67223 misc:6396 imb:1749 pmb:3806 smb:2605 d:- ref:0 ;
in:592 out:594 type:b dur:2 cpbdur:2 q:30.36 aq:26.25 tex:53365 mv:49292 misc:6943 imb:1227 pmb:3300 smb:3633 d:- ref:0 ;
in:594 out:595 type:b dur:2 cpbdur:2 q:30.37 aq:26.10 tex:48927 mv:43127 misc:7354 imb:702 pmb:3260 smb:4198 d:- ref:0 ;
in:599 out:596 type:P dur:2 cpbdur:2 q:30.37 aq:25.35 tex:308172 mv:65227 misc:3217 imb:4643 pmb:2744 smb:773 d:- ref:0 ;
in:597 out:597 type:B dur:2 cpbdur:2 q:30.37 aq:25.57 tex:118866 mv:59007 misc:6671 imb:996 pmb:3951 smb:3213 d:- ref:0 ;
in:596 out:598 type:b dur:2 cpbdur:2 q:30.37 aq:25.96 tex:38943 mv:34386 misc:6871 imb:502 pmb:2668 smb:4990 d:- ref:0 ;
in:598 out:599 type:b dur:2 cpbdur:2 q:30.37 aq:26.31 tex:53955 mv:34780 misc:7033 imb:463 pmb:2890 smb:4807 d:- ref:0 ;
in:603 out:600 type:P dur:2 cpbdur:2 q:30.42 aq:25.36 tex:344199 mv:66005 misc:3060 imb:4154 pmb:3265 smb:741 d:- ref:0 ;
in:601 out:601 type:B dur:2 cpbdur:2 q:30.39 aq:25.48 tex:105541 mv:57112 misc:6771 imb:879 pmb:4224 smb:3057 d:- ref:0 ;
in:600 out:602 type:b dur:2 cpbdur:2 q:30.38 aq:26.16 tex:40250 mv:35699 misc:7499 imb:574 pmb:3194 smb:4392 d:- ref:0 ;
in:602 out:603 type:b dur:2 cpbdur:2 q:30.41 aq:26.60 tex:42445 mv:31823 misc:6852 imb:374 pmb:2568 smb:5218 d:- ref:0 ;
in:606 out:604 type:P dur:2 cpbdur:2 q:30.45 aq:25.57 tex:274645 mv:59298 misc:4433 imb:3145 pmb:3535 smb:1480 d:- ref:0 ;
in:604 out:605 type:B dur:2 cpbdur:2 q:30.43 aq:26.45 tex:47329 mv:37826 misc:6989 imb:489 pmb:2878 smb:4793 d:- ref:0 ;
in:605 out:606 type:b dur:2 cpbdur:2 q:30.44 aq:27.03 tex:28082 mv:27440 misc:6734 imb:349 pmb:2279 smb:5532 d:- ref:0 ;
in:610 out:607 type:P dur:2 cpbdur:2 q:30.47 aq:25.72 tex:347568 mv:62070 misc:3746 imb:3574 pmb:3406 smb:1180 d:- ref:0 ;
in:608 out:608 type:B dur:2 cpbdur:2 q:30.46 aq:26.19 tex:107140 mv:52683 misc:6865 imb:824 pmb:3702 smb:3634 d:- ref:0 ;
in:607 out:609 type:b dur:2 cpbdur:2 q:30.46 aq:26.99 tex:27051 mv:28963 misc:6738 imb:377 pmb:2385 smb:5398 d:- ref:0 ;
in:609 out:610 type:b dur:2 cpbdur:2 q:30.47 aq:27.19 tex:26507 mv:25186 misc:6531 imb:292 pmb:2249 smb:5619 d:- ref:0 ;
in:614 out:611 type:P dur:2 cpbdur:2 q:30.49 aq:26.00 tex:327942 mv:61973 misc:3853 imb:3352 pmb:3646 smb:1162 d:- ref:0 ;
in:612 out:612 type:B dur:2 cpbdur:2 q:30.48 aq:26.44 tex:77273 mv:49049 misc:6822 imb:706 pmb:3657 smb:3797 d:- ref:0 ;
in:611 out:613 type:b dur:2 cpbdur:2 q:30.48 aq:27.50 tex:26205 mv:28488 misc:6739 imb:300 pmb:2443 smb:5417 d:- ref:0 ;
in:613 out:614 type:b dur:2 cpbdur:2 q:30.48 aq:27.23 tex:18533 mv:24476 misc:6767 imb:279 pmb:2128 smb:5753 d:- ref:0 ;
in:618 out:615 type:P dur:2 cpbdur:2 q:30.48 aq:26.11 tex:396275 mv:64669 misc:3720 imb:3398 pmb:3675 smb:1087 d:- ref:0 ;
in:616 out:616 type:B dur:2 cpbdur:2 q:30.48 aq:26.54 tex:117743 mv:50704 misc:6769 imb:622 pmb:3973 smb:3565 d:- ref:0 ;
in:615 out:617 type:b dur:2 cpbdur:2 q:30.49 aq:27.23 tex:29663 mv:27445 misc:6804 imb:315 pmb:2599 smb:5246 d:- ref:0 ;
in:617 out:618 type:b dur:2 cpbdur:2 q:30.48 aq:27.75 tex:19047 mv:22601 misc:6552 imb:185 pmb:2225 smb:5750 d:- ref:0 ;
in:622 out:619 type:P dur:2 cpbdur:2 q:30.46 aq:26.44 tex:383115 mv:68605 misc:2528 imb:3950 pmb:3702 smb:508 d:- ref:0 ;
in:620 out:620 type:B dur:2 cpbdur:2 q:30.47 aq:26.58 tex:114922 mv:59532 misc:7170 imb:782 pmb:4407 smb:2971 d:- ref:0 ;
in:619 out:621 type:b dur:2 cpbdur:2 q:30.47 aq:27.61 tex:23629 mv:26672 misc:6635 imb:238 pmb:2367 smb:5555 d:- ref:0 ;
in:621 out:622 type:b dur:2 cpbdur:2 q:30.46 aq:27.54 tex:27123 mv:26644 misc:7161 imb:290 pmb:2494 smb:5376 d:- ref:0 ;
in:625 out:623 type:P dur:2 cpbdur:2 q:30.42 aq:26.48 tex:380617 mv:67365 misc:2194 imb:3852 pmb:3842 smb:466 d:- ref:0 ;
in:623 out:624 type:B dur:2 cpbdur:2 q:30.44 aq:27.07 tex:63071 mv:41490 misc:7263 imb:521 pmb:3363 smb:4276 d:- ref:0 ;
in:624 out:625 type:b dur:2 cpbdur:2 q:30.43 aq:27.25 tex:25304 mv:29017 misc:7407 imb:357 pmb:2546 smb:5257 d:- ref:0 ;
in:626 out:626 type:P dur:2 cpbdur:2 q:30.40 aq:26.19 tex:185942 mv:47712 misc:5490 imb:1718 pmb:4325 smb:2117 d:- ref:0 w:7,125,1 ;
in:627 out:627 type:P dur:2 cpbdur:2 q:30.40 aq:26.03 tex:271929 mv:53656 misc:4495 imb:2081 pmb:4664 smb:1415 d:- ref:0 w:7,125,1 ;
in:629 out:628 type:P dur:2 cpbdur:2 q:30.40 aq:26.60 tex:254780 mv:61563 misc:2881 imb:3176 pmb:4278 smb:706 d:- ref:0 ;
in:628 out:629 type:b dur:2 cpbdur:2 q:30.40 aq:27.06 tex:21677 mv:28024 misc:7323 imb:329 pmb:2443 smb:5388 d:- ref:0 ;
in:631 out:630 type:P dur:2 cpbdur:2 q:30.41 aq:26.13 tex:408233 mv:68280 misc:1951 imb:3497 pmb:4392 smb:271 d:- ref:0 w:6,61,3,6,63,3,69,-11 ;
in:630 out:631 type:b dur:2 cpbdur:2 q:30.41 aq:27.49 tex:66144 mv:44758 misc:7466 imb:687 pmb:4247 smb:3226 d:- ref:0 ;
in:633 out:632 type:P dur:2 cpbdur:2 q:30.42 aq:26.45 tex:251027 mv:62138 misc:2987 imb:3021 pmb:4448 smb:691 d:- ref:0 ;
in:632 out:633 type:b dur:2 cpbdur:2 q:30.42 aq:27.07 tex:20121 mv:27371 misc:7316 imb:319 pmb:2390 smb:5451 d:- ref:0 ;
in:634 out:634 type:P dur:2 cpbdur:2 q:30.43 aq:26.11 tex:220877 mv:52622 misc:4597 imb:2088 pmb:4652 smb:1420 d:- ref:0 w:7,125,1,5,32,0,33,-4 ;
in:636 out:635 type:P dur:2 cpbdur:2 q:30.46 aq:26.34 tex:358925 mv:66162 misc:2129 imb:3222 pmb:4510 smb:428 d:- ref:0 ;
in:635 out:636 type:b dur:2 cpbdur:2 q:30.45 aq:27.30 tex:24998 mv:28677 misc:7189 imb:309 pmb:2627 smb:5224 d:- ref:0 ;
in:638 out:637 type:P dur:2 cpbdur:2 q:30.44 aq:26.38 tex:302268 mv:64908 misc:2592 imb:3133 pmb:4459 smb:568 d:- ref:0 ;
in:637 out:638 type:b dur:2 cpbdur:2 q:30.45 aq:27.50 tex:25066 mv:27359 misc:7143 imb:249 pmb:2392 smb:5519 d:- ref:0 ;
in:639 out:639 type:P dur:2 cpbdur:2 q:30.48 aq:26.24 tex:292312 mv:55600 misc:4480 imb:2082 pmb:4619 smb:1459 d:- ref:0 ;
in:641 out:640 type:P dur:2 cpbdur:2 q:30.49 aq:26.60 tex:289902 mv:65591 misc:2419 imb:3050 pmb:4609 smb:501 d:- ref:0 ;
in:640 out:641 type:b dur:2 cpbdur:2 q:30.48 aq:27.34 tex:25788 mv:32722 misc:7674 imb:424 pmb:2809 smb:4927 d:- ref:0 ;
in:642 out:642 type:P dur:2 cpbdur:2 q:30.51 aq:26.51 tex:249535 mv:58960 misc:3697 imb:2295 pmb:4811 smb:1054 d:- ref:0 ;
in:643 out:643 type:P dur:2 cpbdur:2 q:30.54 aq:26.44 tex:317011 mv:58133 misc:3904 imb:2135 pmb:4783 smb:1242 d:- ref:0 ;
in:644 out:644 type:P dur:2 cpbdur:2 q:30.55 aq:26.42 tex:231507 mv:57676 misc:3769 imb:2196 pmb:4981 smb:983 d:- ref:0 ;
in:645 out:645 type:P dur:2 cpbdur:2 q:30.60 aq:26.64 tex:182120 mv:53986 misc:4246 imb:1923 pmb:4962 smb:1275 d:- ref:0 ;
in:647 out:646 type:P dur:2 cpbdur:2 q:30.60 aq:26.42 tex:495431 mv:72590 misc:1707 imb:3410 pmb:4449 smb:301 d:- ref:0 ;
in:646 out:647 type:b dur:2 cpbdur:2 q:30.60 aq:28.04 tex:59394 mv:42944 misc:7398 imb:492 pmb:3863 smb:3805 d:- ref:0 ;
in:649 out:648 type:P dur:2 cpbdur:2 q:30.64 aq:26.80 tex:295745 mv:67049 misc:2278 imb:2700 pmb:5015 smb:445 d:- ref:0 ;
in:648 out:649 type:b dur:2 cpbdur:2 q:30.62 aq:27.69 tex:24450 mv:32935 misc:7807 imb:354 pmb:2828 smb:4978 d:- ref:0 ;
in:650 out:650 type:P dur:2 cpbdur:2 q:30.68 aq:26.75 tex:266694 mv:56789 misc:4157 imb:1814 pmb:5010 smb:1336 d:- ref:0 ;
in:651 out:651 type:P dur:2 cpbdur:2 q:30.68 aq:26.60 tex:368344 mv:61619 misc:3525 imb:2148 pmb:5047 smb:965 d:- ref:0 ;
in:654 out:652 type:P dur:2 cpbdur:2 q:30.73 aq:27.20 tex:459860 mv:74460 misc:1288 imb:3396 pmb:4629 smb:135 d:- ref:0 ;
in:652 out:653 type:B dur:2 cpbdur:2 q:30.70 aq:27.82 tex:75757 mv:52641 misc:7650 imb:533 pmb:4081 smb:3546 d:- ref:0 ;
in:653 out:654 type:b dur:2 cpbdur:2 q:30.72 aq:28.57 tex:43108 mv:38837 misc:7703 imb:391 pmb:3354 smb:4415 d:- ref:0 ;
in:655 out:655 type:P dur:2 cpbdur:2 q:30.78 aq:26.89 tex:401964 mv:61600 misc:3476 imb:1989 pmb:5205 smb:966 d:- ref:0 ;
in:658 out:656 type:P dur:2 cpbdur:2 q:30.80 aq:27.50 tex:489183 mv:75391 misc:1162 imb:3198 pmb:4827 smb:135 d:- ref:0 ;
in:656 out:657 type:B dur:2 cpbdur:2 q:30.79 aq:28.13 tex:86121 mv:54504 misc:7607 imb:534 pmb:4234 smb:3392 d:- ref:0 ;
in:657 out:658 type:b dur:2 cpbdur:2 q:30.79 aq:29.13 tex:54787 mv:42428 misc:7745 imb:378 pmb:3637 smb:4145 d:- ref:0 ;
in:659 out:659 type:P dur:2 cpbdur:2 q:30.88 aq:27.26 tex:458813 mv:65019 misc:2768 imb:2087 pmb:5388 smb:685 d:- ref:0 ;
in:663 out:660 type:P dur:2 cpbdur:2 q:30.93 aq:27.00 tex:659930 mv:80381 misc:1145 imb:3259 pmb:4809 smb:92 d:- ref:0 ;
in:661 out:661 type:B dur:2 cpbdur:2 q:30.91 aq:27.76 tex:234227 mv:77446 misc:5183 imb:752 pmb:5963 smb:1445 d:- ref:0 ;
in:660 out:662 type:b dur:2 cpbdur:2 q:30.90 aq:29.42 tex:48273 mv:41249 misc:8094 imb:368 pmb:4180 smb:3612 d:- ref:0 ;
in:662 out:663 type:b dur:2 cpbdur:2 q:30.92 aq:30.03 tex:66805 mv:40321 misc:7146 imb:231 pmb:4005 smb:3924 d:- ref:0 ;
in:666 out:664 type:P dur:2 cpbdur:2 q:31.02 aq:27.58 tex:434787 mv:69182 misc:3207 imb:2002 pmb:5319 smb:839 d:- ref:0 ;
in:664 out:665 type:B dur:2 cpbdur:2 q:30.96 aq:28.97 tex:75237 mv:50052 misc:7239 imb:255 pmb:4150 smb:3755 d:- ref:0 ;
in:665 out:666 type:b dur:2 cpbdur:2 q:30.99 aq:30.06 tex:44065 mv:38832 misc:7447 imb:187 pmb:3437 smb:4536 d:- ref:0 ;
in:667 out:667 type:P dur:2 cpbdur:2 q:31.13 aq:27.31 tex:389782 mv:53865 misc:4521 imb:1186 pmb:5220 smb:1754 d:- ref:0 ;
in:669 out:668 type:P dur:2 cpbdur:2 q:31.17 aq:27.87 tex:312553 mv:61218 misc:3773 imb:1595 pmb:5453 smb:1112 d:- ref:0 ;
in:668 out:669 type:b dur:2 cpbdur:2 q:31.15 aq:30.13 tex:27598 mv:35907 misc:7519 imb:168 pmb:2968 smb:5024 d:- ref:0 ;
in:670 out:670 type:P dur:2 cpbdur:2 q:31.21 aq:27.88 tex:271358 mv:50676 misc:4846 imb:980 pmb:5287 smb:1893 d:- ref:0 ;
in:671 out:671 type:P dur:2 cpbdur:2 q:31.27 aq:27.78 tex:358369 mv:53523 misc:4708 imb:1081 pmb:5232 smb:1847 d:- ref:0 ;
in:672 out:672 type:P dur:2 cpbdur:2 q:31.31 aq:27.95 tex:228429 mv:49247 misc:4796 imb:957 pmb:5468 smb:1735 d:- ref:0 ;
in:674 out:673 type:P dur:2 cpbdur:2 q:31.32 aq:28.10 tex:322867 mv:63705 misc:3732 imb:1665 pmb:5405 smb:1090 d:- ref:0 ;
in:673 out:674 type:b dur:2 cpbdur:2 q:31.31 aq:30.67 tex:31039 mv:35018 misc:7271 imb:141 pmb:2839 smb:5180 d:- ref:0 ;
in:675 out:675 type:P dur:2 cpbdur:2 q:31.43 aq:28.11 tex:327076 mv:55985 misc:4411 imb:1111 pmb:5448 smb:1601 d:- ref:0 ;
in:676 out:676 type:P dur:2 cpbdur:2 q:31.49 aq:28.20 tex:220063 mv:52357 misc:4540 imb:997 pmb:5558 smb:1605 d:- ref:0 ;
in:679 out:677 type:P dur:2 cpbdur:2 q:31.51 aq:28.18 tex:491142 mv:77350 misc:2276 imb:2914 pmb:4822 smb:424 d:- ref:0 w:6,63,1 ;
in:677 out:678 type:B dur:2 cpbdur:2 q:31.50 aq:29.83 tex:87135 mv:52515 misc:7126 imb:268 pmb:4402 smb:3490 d:- ref:0 ;
in:678 out:679 type:b dur:2 cpbdur:2 q:31.50 aq:31.01 tex:58479 mv:44533 misc:7460 imb:242 pmb:4075 smb:3843 d:- ref:0 ;
in:683 out:680 type:P dur:2 cpbdur:2 q:31.57 aq:28.44 tex:497246 mv:82690 misc:1776 imb:3174 pmb:4724 smb:262 d:- ref:0 ;
in:681 out:681 type:B dur:2 cpbdur:2 q:31.54 aq:29.39 tex:145603 mv:79034 misc:6227 imb:482 pmb:5488 smb:2190 d:- ref:0 ;
in:680 out:682 type:b dur:2 cpbdur:2 q:31.52 aq:30.87 tex:36600 mv:39983 misc:7537 imb:164 pmb:3243 smb:4753 d:- ref:0 ;
in:682 out:683 type:b dur:2 cpbdur:2 q:31.55 aq:30.88 tex:47298 mv:42147 misc:7371 imb:182 pmb:3438 smb:4540 d:- ref:0 ;
in:687 out:684 type:P dur:2 cpbdur:2 q:31.61 aq:28.74 tex:456375 mv:82212 misc:1685 imb:3403 pmb:4511 smb:246 d:- ref:0 ;
in:685 out:685 type:B dur:2 cpbdur:2 q:31.59 aq:29.50 tex:163176 mv:82239 misc:5897 imb:710 pmb:5461 smb:1989 d:- ref:0 ;
in:684 out:686 type:b dur:2 cpbdur:2 q:31.58 aq:31.22 tex:50218 mv:45419 misc:7339 imb:205 pmb:3588 smb:4367 d:- ref:0 ;
in:686 out:687 type:b dur:2 cpbdur:2 q:31.60 aq:30.96 tex:59103 mv:47663 misc:7186 imb:288 pmb:3681 smb:4191 d:- ref:0 ;
in:691 out:688 type:P dur:2 cpbdur:2 q:31.69 aq:28.73 tex:450300 mv:82080 misc:1236 imb:4110 pmb:3940 smb:110 d:- ref:0 w:5,31,2,6,61,7,63,1 ;
in:689 out:689 type:B dur:2 cpbdur:2 q:31.65 aq:29.85 tex:177493 mv:84768 misc:5867 imb:903 pmb:5236 smb:2021 d:- ref:0 ;
in:688 out:690 type:b dur:2 cpbdur:2 q:31.63 aq:30.97 tex:74804 mv:52512 misc:7204 imb:279 pmb:3906 smb:3975 d:- ref:0 ;
in:690 out:691 type:b dur:2 cpbdur:2 q:31.67 aq:30.73 tex:93019 mv:57279 misc:6862 imb:583 pmb:4164 smb:3413 d:- ref:0 ;
in:695 out:692 type:P dur:2 cpbdur:2 q:31.75 aq:28.93 tex:418558 mv:81480 misc:1786 imb:3916 pmb:3964 smb:280 d:- ref:0 ;
in:693 out:693 type:B dur:2 cpbdur:2 q:31.72 aq:29.57 tex:192851 mv:84927 misc:5470 imb:1011 pmb:5263 smb:1886 d:- ref:0 ;
in:692 out:694 type:b dur:2 cpbdur:2 q:31.70 aq:31.16 tex:88129 mv:53799 misc:6760 imb:422 pmb:3960 smb:3778 d:- ref:0 ;
in:694 out:695 type:b dur:2 cpbdur:2 q:31.73 aq:31.01 tex:81647 mv:54786 misc:6623 imb:545 pmb:4018 smb:3597 d:- ref:0 ;
in:699 out:696 type:P dur:2 cpbdur:2 q:31.80 aq:29.19 tex:361845 mv:78481 misc:1594 imb:4497 pmb:3452 smb:211 d:- ref:0 ;
in:697 out:697 type:B dur:2 cpbdur:2 q:31.77 aq:29.51 tex:187618 mv:90197 misc:5073 imb:1504 pmb:5176 smb:1480 d:- ref:0 ;
in:696 out:698 type:b dur:2 cpbdur:2 q:31.76 aq:30.95 tex:92155 mv:58972 misc:6593 imb:642 pmb:4010 smb:3508 d:- ref:0 ;
in:698 out:699 type:b dur:2 cpbdur:2 q:31.79 aq:30.74 tex:91246 mv:63452 misc:6430 imb:922 pmb:4088 smb:3150 d:- ref:0 ;
in:703 out:700 type:P dur:2 cpbdur:2 q:31.84 aq:29.23 tex:345945 mv:76810 misc:1333 imb:5208 pmb:2803 smb:149 d:- ref:0 ;
in:701 out:701 type:B dur:2 cpbdur:2 q:31.82 aq:29.46 tex:205358 mv:96059 misc:4399 imb:2133 pmb:4824 smb:1203 d:- ref:0 ;
in:700 out:702 type:b dur:2 cpbdur:2 q:31.81 aq:30.68 tex:117490 mv:69894 misc:5992 imb:1113 pmb:4281 smb:2766 d:- ref:0 ;
in:702 out:703 type:b dur:2 cpbdur:2 q:31.83 aq:30.29 tex:100499 mv:70440 misc:6149 imb:1265 pmb:4183 smb:2712 d:- ref:0 ;
in:707 out:704 type:P dur:2 cpbdur:2 q:31.88 aq:29.14 tex:309816 mv:72517 misc:1139 imb:5763 pmb:2282 smb:115 d:- ref:0 ;
in:705 out:705 type:B dur:2 cpbdur:2 q:31.86 aq:29.35 tex:199732 mv:99285 misc:3495 imb:3067 pmb:4234 smb:859 d:- ref:0 ;
in:704 out:706 type:b dur:2 cpbdur:2 q:31.85 aq:30.29 tex:127449 mv:78422 misc:5481 imb:1520 pmb:4513 smb:2127 d:- ref:0 ;
in:706 out:707 type:b dur:2 cpbdur:2 q:31.87 aq:30.00 tex:111992 mv:80418 misc:5342 imb:1914 pmb:4237 smb:2009 d:- ref:0 ;
in:709 out:708 type:P dur:2 cpbdur:2 q:31.94 aq:29.11 tex:242940 mv:72949 misc:1711 imb:4918 pmb:2951 smb:291 d:- ref:0 ;
in:708 out:709 type:b dur:2 cpbdur:2 q:31.91 aq:30.09 tex:125931 mv:81948 misc:4913 imb:2168 pmb:4226 smb:1766 d:- ref:0 ;
in:711 out:710 type:P dur:2 cpbdur:2 q:31.96 aq:28.92 tex:278274 mv:74880 misc:1422 imb:5175 pmb:2775 smb:210 d:- ref:0 ;
in:710 out:711 type:b dur:2 cpbdur:2 q:31.95 aq:29.91 tex:115260 mv:83910 misc:4830 imb:2211 pmb:4284 smb:1665 d:- ref:0 ;
in:715 out:712 type:P dur:2 cpbdur:2 q:32.03 aq:28.86 tex:281143 mv:72515 misc:1110 imb:5760 pmb:2292 smb:108 d:- ref:0 ;
in:713 out:713 type:B dur:2 cpbdur:2 q:31.99 aq:29.30 tex:169604 mv:100539 misc:3249 imb:3177 pmb:4281 smb:702 d:- ref:0 ;
in:712 out:714 type:b dur:2 cpbdur:2 q:31.97 aq:30.24 tex:125980 mv:86264 misc:4748 imb:2061 pmb:4479 smb:1620 d:- ref:0 ;
in:714 out:715 type:b dur:2 cpbdur:2 q:32.01 aq:29.82 tex:96681 mv:81332 misc:5323 imb:2273 pmb:4073 smb:1814 d:- ref:0 ;
in:717 out:716 type:P dur:2 cpbdur:2 q:32.10 aq:28.91 tex:212829 mv:72507 misc:1520 imb:4867 pmb:3029 smb:264 d:- ref:0 ;
in:716 out:717 type:b dur:2 cpbdur:2 q:32.06 aq:29.67 tex:97468 mv:76672 misc:5468 imb:2097 pmb:4126 smb:1937 d:- ref:0 ;
in:719 out:718 type:P dur:2 cpbdur:2 q:32.12 aq:28.81 tex:212556 mv:71287 misc:2021 imb:4917 pmb:2828 smb:415 d:- ref:0 ;
in:718 out:719 type:b dur:2 cpbdur:2 q:32.11 aq:29.59 tex:81836 mv:73685 misc:5959 imb:1861 pmb:4138 smb:2161 d:- ref:0 ;
in:721 out:720 type:P dur:2 cpbdur:2 q:32.19 aq:28.59 tex:222242 mv:73144 misc:1606 imb:5044 pmb:2905 smb:211 d:- ref:0 ;
in:720 out:721 type:b dur:2 cpbdur:2 q:32.16 aq:29.63 tex:111249 mv:76437 misc:5410 imb:1910 pmb:4479 smb:1771 d:- ref:0 ;
in:723 out:722 type:P dur:2 cpbdur:2 q:32.23 aq:28.37 tex:228759 mv:72728 misc:2041 imb:4805 pmb:2929 smb:426 d:- ref:0 ;
in:722 out:723 type:b dur:2 cpbdur:2 q:32.21 aq:29.37 tex:84675 mv:75428 misc:5809 imb:1708 pmb:4269 smb:2183 d:- ref:0 ;
in:727 out:724 type:P dur:2 cpbdur:2 q:32.28 aq:28.18 tex:295002 mv:75882 misc:1348 imb:5594 pmb:2411 smb:155 d:- ref:0 ;
in:725 out:725 type:B dur:2 cpbdur:2 q:32.25 aq:28.62 tex:160256 mv:92782 misc:4330 imb:2653 pmb:4309 smb:1198 d:- ref:0 ;
in:724 out:726 type:b dur:2 cpbdur:2 q:32.24 aq:29.67 tex:94681 mv:70226 misc:6093 imb:1517 pmb:4222 smb:2421 d:- ref:0 ;
in:726 out:727 type:b dur:2 cpbdur:2 q:32.26 aq:29.35 tex:86436 mv:69331 misc:6209 imb:1508 pmb:4123 smb:2529 d:- ref:0 ;
in:731 out:728 type:P dur:2 cpbdur:2 q:32.39 aq:28.02 tex:298867 mv:70764 misc:1761 imb:5475 pmb:2347 smb:338 d:- ref:0 ;
in:729 out:729 type:B dur:2 cpbdur:2 q:32.33 aq:28.35 tex:149419 mv:87264 misc:4421 imb:2523 pmb:4318 smb:1319 d:- ref:0 ;
in:728 out:730 type:b dur:2 cpbdur:2 q:32.30 aq:29.49 tex:88021 mv:63519 misc:6564 imb:1297 pmb:4043 smb:2820 d:- ref:0 ;
in:730 out:731 type:b dur:2 cpbdur:2 q:32.36 aq:29.30 tex:80988 mv:64058 misc:6650 imb:1364 pmb:3944 smb:2852 d:- ref:0 ;
in:734 out:732 type:P dur:2 cpbdur:2 q:32.46 aq:28.23 tex:254012 mv:69029 misc:2135 imb:4923 pmb:2787 smb:450 d:- ref:0 ;
in:732 out:733 type:B dur:2 cpbdur:2 q:32.41 aq:28.98 tex:105965 mv:69259 misc:6176 imb:1495 pmb:4269 smb:2396 d:- ref:0 ;
in:733 out:734 type:b dur:2 cpbdur:2 q:32.44 aq:29.01 tex:56333 mv:57463 misc:7164 imb:1292 pmb:3716 smb:3152 d:- ref:0 ;
in:735 out:735 type:P dur:2 cpbdur:2 q:32.51 aq:27.94 tex:194905 mv:58682 misc:4125 imb:3202 pmb:3407 smb:1551 d:- ref:0 ;
in:738 out:736 type:P dur:2 cpbdur:2 q:32.53 aq:27.99 tex:264752 mv:66322 misc:1998 imb:5043 pmb:2603 smb:514 d:- ref:0 ;
in:736 out:737 type:B dur:2 cpbdur:2 q:32.52 aq:28.87 tex:115092 mv:69875 misc:5657 imb:1821 pmb:4083 smb:2256 d:- ref:0 ;
in:737 out:738 type:b dur:2 cpbdur:2 q:32.52 aq:28.87 tex:61534 mv:57647 misc:6787 imb:1579 pmb:3588 smb:2993 d:- ref:0 ;
in:739 out:739 type:P dur:2 cpbdur:2 q:32.58 aq:27.61 tex:200944 mv:57908 misc:3836 imb:3331 pmb:3412 smb:1417 d:- ref:0 ;
in:743 out:740 type:P dur:2 cpbdur:2 q:32.60 aq:27.73 tex:290582 mv:65225 misc:2313 imb:5301 pmb:2328 smb:531 d:- ref:0 ;
in:741 out:741 type:B dur:2 cpbdur:2 q:32.59 aq:28.13 tex:145638 mv:75356 misc:5006 imb:2165 pmb:4195 smb:1800 d:- ref:0 ;
in:740 out:742 type:b dur:2 cpbdur:2 q:32.58 aq:29.22 tex:67247 mv:51608 misc:7065 imb:1152 pmb:3483 smb:3525 d:- ref:0 ;
in:742 out:743 type:b dur:2 cpbdur:2 q:32.59 aq:29.03 tex:64212 mv:54214 misc:6694 imb:1303 pmb:3560 smb:3297 d:- ref:0 ;
in:747 out:744 type:P dur:2 cpbdur:2 q:32.64 aq:27.66 tex:262178 mv:63408 misc:2110 imb:5307 pmb:2260 smb:593 d:- ref:0 ;
in:745 out:745 type:B dur:2 cpbdur:2 q:32.62 aq:27.97 tex:110870 mv:75044 misc:5222 imb:2177 pmb:3966 smb:2017 d:- ref:0 ;
in:744 out:746 type:b dur:2 cpbdur:2 q:32.61 aq:29.22 tex:67533 mv:51510 misc:6869 imb:1181 pmb:3401 smb:3578 d:- ref:0 ;
in:746 out:747 type:b dur:2 cpbdur:2 q:32.63 aq:29.06 tex:51970 mv:49722 misc:6828 imb:1229 pmb:3083 smb:3848 d:- ref:0 ;
in:751 out:748 type:P dur:2 cpbdur:2 q:32.66 aq:27.51 tex:233726 mv:63589 misc:2101 imb:5267 pmb:2435 smb:458 d:- ref:0 ;
in:749 out:749 type:B dur:2 cpbdur:2 q:32.65 aq:28.05 tex:94813 mv:70056 misc:5635 imb:2165 pmb:3792 smb:2203 d:- ref:0 ;
in:748 out:750 type:b dur:2 cpbdur:2 q:32.65 aq:29.24 tex:56039 mv:49331 misc:6886 imb:1129 pmb:3205 smb:3826 d:- ref:0 ;
in:750 out:751 type:b dur:2 cpbdur:2 q:32.66 aq:28.67 tex:48317 mv:46317 misc:7078 imb:1355 pmb:3063 smb:3742 d:- ref:0 ;
in:755 out:752 type:P dur:2 cpbdur:2 q:32.68 aq:27.41 tex:210565 mv:62588 misc:2551 imb:5019 pmb:2404 smb:737 d:- ref:0 ;
in:753 out:753 type:B dur:2 cpbdur:2 q:32.67 aq:28.07 tex:88982 mv:69259 misc:5967 imb:1886 pmb:3983 smb:2291 d:- ref:0 ;
in:752 out:754 type:b dur:2 cpbdur:2 q:32.67 aq:29.18 tex:52293 mv:45503 misc:6964 imb:872 pmb:3259 smb:4029 d:- ref:0 ;
in:754 out:755 type:b dur:2 cpbdur:2 q:32.67 aq:28.94 tex:39444 mv:42592 misc:7052 imb:1052 pmb:2841 smb:4267 d:- ref:0 ;
in:759 out:756 type:P dur:2 cpbdur:2 q:32.70 aq:27.56 tex:203317 mv:62121 misc:2674 imb:5138 pmb:2202 smb:820 d:- ref:0 ;
in:757 out:757 type:B dur:2 cpbdur:2 q:32.69 aq:27.86 tex:103227 mv:67518 misc:5831 imb:1929 pmb:3884 smb:2347 d:- ref:0 ;
in:756 out:758 type:b dur:2 cpbdur:2 q:32.68 aq:29.07 tex:53436 mv:42691 misc:6721 imb:881 pmb:3060 smb:4219 d:- ref:0 ;
in:758 out:759 type:b dur:2 cpbdur:2 q:32.69 aq:29.00 tex:47146 mv:44631 misc:6759 imb:1135 pmb:3060 smb:3965 d:- ref:0 ;
in:763 out:760 type:P dur:2 cpbdur:2 q:32.68 aq:27.69 tex:175981 mv:58205 misc:2470 imb:5521 pmb:1856 smb:783 d:- ref:0 ;
in:761 out:761 type:B dur:2 cpbdur:2 q:32.69 aq:27.98 tex:99855 mv:69772 misc:5189 imb:2329 pmb:3733 smb:2098 d:- ref:0 ;
in:760 out:762 type:b dur:2 cpbdur:2 q:32.69 aq:29.13 tex:50986 mv:46018 misc:6532 imb:1064 pmb:3143 smb:3953 d:- ref:0 ;
in:762 out:763 type:b dur:2 cpbdur:2 q:32.69 aq:28.64 tex:59558 mv:53408 misc:6202 imb:1827 pmb:3018 smb:3315 d:- ref:0 ;
in:765 out:764 type:P dur:2 cpbdur:2 q:32.65 aq:27.63 tex:143581 mv:55647 misc:2772 imb:5139 pmb:1909 smb:1112 d:- ref:0 ;
in:764 out:765 type:b dur:2 cpbdur:2 q:32.67 aq:28.29 tex:76719 mv:60579 misc:5630 imb:2335 pmb:3168 smb:2657 d:- ref:0 ;
in:766 out:766 type:P dur:2 cpbdur:2 q:32.62 aq:27.76 tex:136916 mv:57338 misc:3362 imb:4565 pmb:2325 smb:1270 d:- ref:0 ;
in:767 out:767 type:P dur:2 cpbdur:2 q:32.63 aq:27.85 tex:142084 mv:57162 misc:2850 imb:5238 pmb:1864 smb:1058 d:- ref:0 ;
in:768 out:768 type:P dur:2 cpbdur:2 q:32.64 aq:28.29 tex:152024 mv:59287 misc:2953 imb:4875 pmb:2136 smb:1149 d:- ref:0 ;
in:769 out:769 type:P dur:2 cpbdur:2 q:32.63 aq:28.17 tex:139330 mv:58983 misc:2615 imb:5336 pmb:1898 smb:926 d:- ref:0 ;
in:770 out:770 type:P dur:2 cpbdur:2 q:32.63 aq:28.51 tex:157215 mv:61507 misc:2326 imb:5379 pmb:1946 smb:835 d:- ref:0 ;
in:771 out:771 type:P dur:2 cpbdur:2 q:32.64 aq:28.50 tex:161031 mv:62642 misc:2247 imb:5557 pmb:1865 smb:738 d:- ref:0 ;
in:772 out:772 type:P dur:2 cpbdur:2 q:32.66 aq:28.88 tex:174599 mv:65844 misc:2181 imb:5457 pmb:2054 smb:649 d:- ref:0 ;
in:773 out:773 type:P dur:2 cpbdur:2 q:32.65 aq:29.15 tex:159263 mv:64866 misc:2263 imb:5565 pmb:1947 smb:648 d:- ref:0 ;
in:774 out:774 type:P dur:2 cpbdur:2 q:32.64 aq:29.05 tex:149697 mv:62905 misc:1822 imb:6080 pmb:1607 smb:473 d:- ref:0 ;
in:775 out:775 type:P dur:2 cpbdur:2 q:32.65 aq:28.86 tex:125188 mv:56560 misc:1652 imb:6668 pmb:1080 smb:412 d:- ref:0 ;
in:776 out:776 type:P dur:2 cpbdur:2 q:32.66 aq:28.62 tex:101605 mv:51086 misc:1309 imb:7113 pmb:721 smb:326 d:- ref:0 ;
in:777 out:777 type:P dur:2 cpbdur:2 q:32.65 aq:27.70 tex:84623 mv:46726 misc:819 imb:7516 pmb:530 smb:114 d:- ref:0 ;
in:778 out:778 type:P dur:2 cpbdur:2 q:32.64 aq:27.69 tex:89145 mv:49410 misc:901 imb:7325 pmb:771 smb:64 d:- ref:0 ;
in:779 out:779 type:P dur:2 cpbdur:2 q:32.64 aq:28.21 tex:104268 mv:53511 misc:653 imb:7359 pmb:787 smb:14 d:- ref:0 ;
in:780 out:780 type:P dur:2 cpbdur:2 q:32.64 aq:28.74 tex:106042 mv:55883 misc:755 imb:7047 pmb:1075 smb:38 d:- ref:0 ;
in:781 out:781 type:P dur:2 cpbdur:2 q:32.64 aq:27.93 tex:100654 mv:54933 misc:1045 imb:6938 pmb:1117 smb:105 d:- ref:0 ;
in:782 out:782 type:P dur:2 cpbdur:2 q:32.63 aq:26.89 tex:85357 mv:47631 misc:740 imb:7453 pmb:683 smb:24 d:- ref:0 ;
in:783 out:783 type:P dur:2 cpbdur:2 q:32.63 aq:26.54 tex:96057 mv:50024 misc:991 imb:7081 pmb:1015 smb:64 d:- ref:0 w:7,103,7,7,101,29,96,30 ;
in:784 out:784 type:P dur:2 cpbdur:2 q:32.62 aq:27.62 tex:140534 mv:57043 misc:1359 imb:6556 pmb:1444 smb:160 d:- ref:0 ;
in:785 out:785 type:P dur:2 cpbdur:2 q:32.63 aq:27.52 tex:117443 mv:57742 misc:2743 imb:5292 pmb:2307 smb:561 d:- ref:0 ;
in:786 out:786 type:P dur:2 cpbdur:2 q:32.63 aq:27.74 tex:101663 mv:56070 misc:3995 imb:4384 pmb:2744 smb:1032 d:- ref:0 ;
in:787 out:787 type:I dur:2 cpbdur:2 q:29.69 aq:24.75 tex:244976 mv:122318 misc:338 imb:8160 pmb:0 smb:0 d:- ref:;
in:791 out:788 type:P dur:2 cpbdur:2 q:32.67 aq:27.14 tex:182350 mv:61739 misc:943 imb:6142 pmb:1956 smb:62 d:- ref:0 ;
in:789 out:789 type:B dur:2 cpbdur:2 q:32.67 aq:27.55 tex:38717 mv:38529 misc:7642 imb:1545 pmb:2753 smb:3862 d:- ref:0 ;
in:788 out:790 type:b dur:2 cpbdur:2 q:32.67 aq:28.22 tex:43576 mv:53303 misc:7073 imb:2038 pmb:3250 smb:2872 d:- ref:0 ;
in:790 out:791 type:b dur:2 cpbdur:2 q:32.67 aq:27.03 tex:6358 mv:6264 misc:4106 imb:222 pmb:680 smb:7258 d:- ref:0 ;
in:795 out:792 type:P dur:2 cpbdur:2 q:32.67 aq:27.24 tex:134789 mv:61029 misc:2558 imb:4892 pmb:2842 smb:426 d:- ref:0 w:7,121,8,7,114,17,115,12 ;
in:793 out:793 type:B dur:2 cpbdur:2 q:32.67 aq:27.00 tex:26375 mv:21296 misc:6985 imb:675 pmb:2060 smb:5425 d:- ref:0 ;
in:792 out:794 type:b dur:2 cpbdur:2 q:32.67 aq:27.34 tex:8446 mv:7215 misc:4803 imb:175 pmb:1018 smb:6967 d:- ref:0 ;
in:794 out:795 type:b dur:2 cpbdur:2 q:32.67 aq:27.53 tex:10086 mv:8304 misc:4994 imb:217 pmb:1045 smb:6898 d:- ref:0 ;
in:799 out:796 type:P dur:2 cpbdur:2 q:32.65 aq:27.55 tex:139057 mv:60699 misc:2348 imb:5016 pmb:2747 smb:397 d:- ref:0 w:0,1,4,7,117,14,114,13 ;
in:797 out:797 type:B dur:2 cpbdur:2 q:32.66 aq:27.35 tex:35197 mv:28058 misc:7097 imb:863 pmb:2523 smb:4774 d:- ref:0 ;
in:796 out:798 type:b dur:2 cpbdur:2 q:32.66 aq:27.91 tex:10206 mv:9468 misc:5022 imb:248 pmb:1054 smb:6858 d:- ref:0 ;
in:798 out:799 type:b dur:2 cpbdur:2 q:32.65 aq:28.24 tex:14059 mv:13024 misc:5653 imb:286 pmb:1440 smb:6434 d:- ref:0 ;
in:803 out:800 type:P dur:2 cpbdur:2 q:32.63 aq:27.46 tex:150689 mv:60834 misc:1461 imb:5317 pmb:2666 smb:177 d:- ref:0 ;
in:801 out:801 type:B dur:2 cpbdur:2 q:32.64 aq:27.24 tex:43079 mv:35321 misc:6728 imb:1148 pmb:2502 smb:4510 d:- ref:0 ;
in:800 out:802 type:b dur:2 cpbdur:2 q:32.64 aq:28.08 tex:14871 mv:14177 misc:5352 imb:305 pmb:1351 smb:6504 d:- ref:0 ;
in:802 out:803 type:b dur:2 cpbdur:2 q:32.64 aq:28.12 tex:16010 mv:16248 misc:5734 imb:377 pmb:1483 smb:6300 d:- ref:0 ;
in:807 out:804 type:P dur:2 cpbdur:2 q:32.60 aq:27.67 tex:161522 mv:61199 misc:1103 imb:5666 pmb:2401 smb:93 d:- ref:0 ;
in:805 out:805 type:B dur:2 cpbdur:2 q:32.62 aq:27.49 tex:51588 mv:38311 misc:6629 imb:1187 pmb:2723 smb:4250 d:- ref:0 ;
in:804 out:806 type:b dur:2 cpbdur:2 q:32.62 aq:28.21 tex:17442 mv:15446 misc:5576 imb:378 pmb:1415 smb:6367 d:- ref:0 ;
in:806 out:807 type:b dur:2 cpbdur:2 q:32.61 aq:28.03 tex:18675 mv:19175 misc:5814 imb:450 pmb:1582 smb:6128 d:- ref:0 ;
in:811 out:808 type:P dur:2 cpbdur:2 q:32.53 aq:27.64 tex:171389 mv:61553 misc:762 imb:5906 pmb:2229 smb:25 d:- ref:0 ;
in:809 out:809 type:B dur:2 cpbdur:2 q:32.57 aq:27.78 tex:60051 mv:43445 misc:6664 imb:1417 pmb:2812 smb:3931 d:- ref:0 ;
in:808 out:810 type:b dur:2 cpbdur:2 q:32.59 aq:28.14 tex:23128 mv:20112 misc:5960 imb:402 pmb:1779 smb:5979 d:- ref:0 ;
in:810 out:811 type:b dur:2 cpbdur:2 q:32.55 aq:28.63 tex:26563 mv:20351 misc:5926 imb:483 pmb:1796 smb:5881 d:- ref:0 ;
in:815 out:812 type:P dur:2 cpbdur:2 q:32.43 aq:27.72 tex:151739 mv:61875 misc:1546 imb:5563 pmb:2416 smb:181 d:- ref:0 ;
in:813 out:813 type:B dur:2 cpbdur:2 q:32.48 aq:27.62 tex:63778 mv:47128 misc:6630 imb:1364 pmb:2958 smb:3838 d:- ref:0 ;
in:812 out:814 type:b dur:2 cpbdur:2 q:32.50 aq:28.76 tex:25158 mv:21547 misc:5687 imb:420 pmb:1741 smb:5999 d:- ref:0 ;
in:814 out:815 type:b dur:2 cpbdur:2 q:32.45 aq:28.16 tex:32198 mv:28473 misc:6249 imb:741 pmb:2085 smb:5334 d:- ref:0 ;
in:819 out:816 type:P dur:2 cpbdur:2 q:32.34 aq:27.55 tex:141010 mv:58569 misc:3029 imb:5286 pmb:2144 smb:730 d:- ref:0 w:0,1,-1,6,63,2,56,15 ;
in:817 out:817 type:B dur:2 cpbdur:2 q:32.38 aq:27.53 tex:61503 mv:49940 misc:6725 imb:1447 pmb:2947 smb:3766 d:- ref:0 ;
in:816 out:818 type:b dur:2 cpbdur:2 q:32.41 aq:28.52 tex:27617 mv:28221 misc:6018 imb:661 pmb:2030 smb:5469 d:- ref:0 ;
in:818 out:819 type:b dur:2 cpbdur:2 q:32.36 aq:28.44 tex:26049 mv:25598 misc:6185 imb:609 pmb:1898 smb:5653 d:- ref:0 ;
in:823 out:820 type:P dur:2 cpbdur:2 q:32.25 aq:27.51 tex:149287 mv:58929 misc:3080 imb:5287 pmb:2189 smb:684 d:- ref:0 w:7,127,-1,7,125,3,110,17 ;
in:821 out:821 type:B dur:2 cpbdur:2 q:32.29 aq:27.28 tex:66533 mv:53180 misc:6663 imb:1584 pmb:3144 smb:3432 d:- ref:0 ;
in:820 out:822 type:b dur:2 cpbdur:2 q:32.31 aq:27.91 tex:26084 mv:26813 misc:6367 imb:644 pmb:1979 smb:5537 d:- ref:0 ;
in:822 out:823 type:b dur:2 cpbdur:2 q:32.27 aq:28.16 tex:30639 mv:27193 misc:6344 imb:635 pmb:2119 smb:5406 d:- ref:0 ;
in:827 out:824 type:P dur:2 cpbdur:2 q:32.18 aq:27.46 tex:147540 mv:57616 misc:2796 imb:5527 pmb:2051 smb:582 d:- ref:0 w:6,63,0,7,126,1,111,16 ;
in:825 out:825 type:B dur:2 cpbdur:2 q:32.21 aq:27.37 tex:67230 mv:51242 misc:6648 imb:1634 pmb:2886 smb:3640 d:- ref:0 ;
in:824 out:826 type:b dur:2 cpbdur:2 q:32.23 aq:27.94 tex:30801 mv:29107 misc:6460 imb:619 pmb:2214 smb:5327 d:- ref:0 ;
in:826 out:827 type:b dur:2 cpbdur:2 q:32.20 aq:27.98 tex:28584 mv:27860 misc:6492 imb:697 pmb:2026 smb:5437 d:- ref:0 ;
in:831 out:828 type:P dur:2 cpbdur:2 q:32.12 aq:27.19 tex:165814 mv:59764 misc:2550 imb:5595 pmb:2095 smb:470 d:- ref:0 w:7,127,-1,6,64,-1,57,13 ;
in:829 out:829 type:B dur:2 cpbdur:2 q:32.15 aq:27.19 tex:76888 mv:52974 misc:6306 imb:1825 pmb:2758 smb:3577 d:- ref:0 ;
in:828 out:830 type:b dur:2 cpbdur:2 q:32.16 aq:27.65 tex:31529 mv:32665 misc:6734 imb:777 pmb:2350 smb:5033 d:- ref:0 ;
in:830 out:831 type:b dur:2 cpbdur:2 q:32.13 aq:27.95 tex:35841 mv:30580 misc:6595 imb:763 pmb:2199 smb:5198 d:- ref:0 ;
in:835 out:832 type:P dur:2 cpbdur:2 q:32.07 aq:27.16 tex:164752 mv:60323 misc:2093 imb:5691 pmb:2070 smb:399 d:- ref:0 ;
in:833 out:833 type:B dur:2 cpbdur:2 q:32.09 aq:27.01 tex:77182 mv:53222 misc:6140 imb:1823 pmb:2775 smb:3562 d:- ref:0 ;
in:832 out:834 type:b dur:2 cpbdur:2 q:32.10 aq:27.96 tex:31877 mv:29852 misc:6295 imb:619 pmb:2247 smb:5294 d:- ref:0 ;
in:834 out:835 type:b dur:2 cpbdur:2 q:32.08 aq:27.74 tex:39879 mv:32715 misc:6286 imb:813 pmb:2373 smb:4974 d:- ref:0 ;
in:839 out:836 type:P dur:2 cpbdur:2 q:32.02 aq:27.07 tex:155420 mv:55765 misc:3703 imb:4899 pmb:2116 smb:1145 d:- ref:0 w:6,63,0,6,65,-3,64,0 ;
in:837 out:837 type:B dur:2 cpbdur:2 q:32.04 aq:27.01 tex:73707 mv:54100 misc:6513 imb:1600 pmb:3085 smb:3475 d:- ref:0 ;
in:836 out:838 type:b dur:2 cpbdur:2 q:32.06 aq:28.02 tex:35665 mv:34308 misc:6787 imb:746 pmb:2522 smb:4892 d:- ref:0 ;
in:838 out:839 type:b dur:2 cpbdur:2 q:32.03 aq:28.01 tex:37815 mv:31593 misc:6272 imb:666 pmb:2301 smb:5193 d:- ref:0 ;
in:843 out:840 type:P dur:2 cpbdur:2 q:31.97 aq:26.80 tex:161449 mv:59126 misc:3729 imb:4759 pmb:2465 smb:936 d:- ref:0 w:6,63,0,6,63,1,64,0 ;
in:841 out:841 type:B dur:2 cpbdur:2 q:32.00 aq:26.95 tex:88808 mv:54177 misc:6679 imb:1595 pmb:3382 smb:3183 d:- ref:0 ;
in:840 out:842 type:b dur:2 cpbdur:2 q:32.01 aq:27.68 tex:39208 mv:32596 misc:7268 imb:778 pmb:2865 smb:4517 d:- ref:0 ;
in:842 out:843 type:b dur:2 cpbdur:2 q:31.98 aq:28.04 tex:37481 mv:30511 misc:5952 imb:636 pmb:2184 smb:5340 d:- ref:0 ;
in:847 out:844 type:P dur:2 cpbdur:2 q:31.94 aq:26.54 tex:174644 mv:60000 misc:3068 imb:5022 pmb:2351 smb:787 d:- ref:0 ;
in:845 out:845 type:B dur:2 cpbdur:2 q:31.96 aq:26.75 tex:72226 mv:51090 misc:6524 imb:1389 pmb:3006 smb:3765 d:- ref:0 ;
in:844 out:846 type:b dur:2 cpbdur:2 q:31.96 aq:27.84 tex:36009 mv:29027 misc:6220 imb:589 pmb:2155 smb:5416 d:- ref:0 ;
in:846 out:847 type:b dur:2 cpbdur:2 q:31.95 aq:27.82 tex:35018 mv:30175 misc:6143 imb:603 pmb:2172 smb:5385 d:- ref:0 ;
in:851 out:848 type:P dur:2 cpbdur:2 q:31.91 aq:26.66 tex:181140 mv:60832 misc:2924 imb:4908 pmb:2555 smb:697 d:- ref:0 ;
in:849 out:849 type:B dur:2 cpbdur:2 q:31.92 aq:26.93 tex:70547 mv:47185 misc:6260 imb:1199 pmb:2841 smb:4120 d:- ref:0 ;
in:848 out:850 type:b dur:2 cpbdur:2 q:31.93 aq:28.35 tex:34006 mv:28513 misc:5721 imb:483 pmb:2121 smb:5556 d:- ref:0 ;
in:850 out:851 type:b dur:2 cpbdur:2 q:31.92 aq:27.95 tex:34855 mv:26062 misc:6331 imb:467 pmb:2244 smb:5449 d:- ref:0 ;
in:855 out:852 type:P dur:2 cpbdur:2 q:31.88 aq:26.31 tex:170585 mv:57693 misc:4130 imb:4486 pmb:2524 smb:1150 d:- ref:0 w:6,63,0,5,31,4,32,0 ;
in:853 out:853 type:B dur:2 cpbdur:2 q:31.89 aq:26.48 tex:65794 mv:48965 misc:6857 imb:1172 pmb:3127 smb:3861 d:- ref:0 ;
in:852 out:854 type:b dur:2 cpbdur:2 q:31.90 aq:27.77 tex:32066 mv:26741 misc:6353 imb:454 pmb:2182 smb:5524 d:- ref:0 ;
in:854 out:855 type:b dur:2 cpbdur:2 q:31.88 aq:27.99 tex:27589 mv:22924 misc:6159 imb:416 pmb:1927 smb:5817 d:- ref:0 ;
in:859 out:856 type:P dur:2 cpbdur:2 q:31.85 aq:26.48 tex:191625 mv:60166 misc:3201 imb:4621 pmb:2716 smb:823 d:- ref:0 ;
in:857 out:857 type:B dur:2 cpbdur:2 q:31.86 aq:26.73 tex:68019 mv:46422 misc:7127 imb:993 pmb:3254 smb:3913 d:- ref:0 ;
in:856 out:858 type:b dur:2 cpbdur:2 q:31.87 aq:28.13 tex:26023 mv:22820 misc:5693 imb:312 pmb:1925 smb:5923 d:- ref:0 ;
in:858 out:859 type:b dur:2 cpbdur:2 q:31.86 aq:27.73 tex:26096 mv:22511 misc:6449 imb:394 pmb:2026 smb:5740 d:- ref:0 ;
in:863 out:860 type:P dur:2 cpbdur:2 q:31.81 aq:26.18 tex:170230 mv:56521 misc:4513 imb:4183 pmb:2635 smb:1342 d:- ref:0 w:7,125,0,5,31,4,32,0 ;
in:861 out:861 type:B dur:2 cpbdur:2 q:31.83 aq:26.79 tex:61676 mv:42570 misc:6906 imb:881 pmb:3035 smb:4244 d:- ref:0 ;
in:860 out:862 type:b dur:2 cpbdur:2 q:31.84 aq:28.26 tex:24094 mv:22133 misc:5997 imb:305 pmb:1944 smb:5911 d:- ref:0 ;
in:862 out:863 type:b dur:2 cpbdur:2 q:31.82 aq:27.98 tex:22111 mv:19243 misc:6222 imb:323 pmb:1850 smb:5987 d:- ref:0 ;
in:867 out:864 type:P dur:2 cpbdur:2 q:31.78 aq:26.28 tex:181521 mv:57096 misc:4655 imb:4124 pmb:2734 smb:1302 d:- ref:0 w:7,125,0,5,31,4,32,0 ;
in:865 out:865 type:B dur:2 cpbdur:2 q:31.80 aq:26.68 tex:65864 mv:40708 misc:6820 imb:774 pmb:2983 smb:4403 d:- ref:0 ;
in:864 out:866 type:b dur:2 cpbdur:2 q:31.81 aq:28.05 tex:29262 mv:22325 misc:6021 imb:292 pmb:2005 smb:5863 d:- ref:0 ;
in:866 out:867 type:b dur:2 cpbdur:2 q:31.79 aq:27.51 tex:19085 mv:17874 misc:6193 imb:320 pmb:1684 smb:6156 d:- ref:0 ;
in:871 out:868 type:P dur:2 cpbdur:2 q:31.73 aq:25.86 tex:186986 mv:58879 misc:3935 imb:4418 pmb:2712 smb:1030 d:- ref:0 w:6,63,0,6,61,6,64,0 ;
in:869 out:869 type:B dur:2 cpbdur:2 q:31.75 aq:27.09 tex:94115 mv:40295 misc:6318 imb:701 pmb:2851 smb:4608 d:- ref:0 ;
in:868 out:870 type:b dur:2 cpbdur:2 q:31.76 aq:28.05 tex:21878 mv:19226 misc:5952 imb:253 pmb:1912 smb:5995 d:- ref:0 ;
in:870 out:871 type:b dur:2 cpbdur:2 q:31.74 aq:27.23 tex:41587 mv:26515 misc:7450 imb:490 pmb:2907 smb:4763 d:- ref:0 ;
in:875 out:872 type:P dur:2 cpbdur:2 q:31.69 aq:25.82 tex:177071 mv:57646 misc:4531 imb:3958 pmb:2741 smb:1461 d:- ref:0 w:7,125,0 ;
in:873 out:873 type:B dur:2 cpbdur:2 q:31.71 aq:26.43 tex:68085 mv:38594 misc:6545 imb:679 pmb:2777 smb:4704 d:- ref:0 ;
in:872 out:874 type:b dur:2 cpbdur:2 q:31.72 aq:27.70 tex:16627 mv:16029 misc:5152 imb:202 pmb:1410 smb:6548 d:- ref:0 ;
in:874 out:875 type:b dur:2 cpbdur:2 q:31.70 aq:27.79 tex:30623 mv:19546 misc:6015 imb:274 pmb:2044 smb:5842 d:- ref:0 ;
in:879 out:876 type:P dur:2 cpbdur:2 q:31.63 aq:25.77 tex:177313 mv:56045 misc:5042 imb:3674 pmb:2822 smb:1664 d:- ref:0 w:7,127,-1,5,31,3,32,0 ;
in:877 out:877 type:B dur:2 cpbdur:2 q:31.66 aq:26.31 tex:60691 mv:38737 misc:7036 imb:671 pmb:3039 smb:4450 d:- ref:0 ;
in:876 out:878 type:b dur:2 cpbdur:2 q:31.67 aq:27.63 tex:22640 mv:17773 misc:5795 imb:214 pmb:1759 smb:6187 d:- ref:0 ;
in:878 out:879 type:b dur:2 cpbdur:2 q:31.64 aq:27.26 tex:30802 mv:20830 misc:6552 imb:301 pmb:2101 smb:5758 d:- ref:0 ;
in:883 out:880 type:P dur:2 cpbdur:2 q:31.56 aq:25.77 tex:185490 mv:58597 misc:4473 imb:4237 pmb:2664 smb:1259 d:- ref:0 w:7,127,0,5,31,3,32,0 ;
in:881 out:881 type:B dur:2 cpbdur:2 q:31.59 aq:26.45 tex:65820 mv:37991 misc:6677 imb:670 pmb:2775 smb:4715 d:- ref:0 ;
in:880 out:882 type:b dur:2 cpbdur:2 q:31.61 aq:27.27 tex:18893 mv:16137 misc:5594 imb:202 pmb:1554 smb:6404 d:- ref:0 ;
in:882 out:883 type:b dur:2 cpbdur:2 q:31.58 aq:27.21 tex:21952 mv:19596 misc:6332 imb:254 pmb:1989 smb:5917 d:- ref:0 ;
in:887 out:884 type:P dur:2 cpbdur:2 q:31.51 aq:25.50 tex:197766 mv:56801 misc:5033 imb:3760 pmb:2733 smb:1667 d:- ref:0 w:7,127,-1,5,31,3,32,0 ;
in:885 out:885 type:B dur:2 cpbdur:2 q:31.54 aq:25.93 tex:66740 mv:39949 misc:6967 imb:772 pmb:2914 smb:4474 d:- ref:0 ;
in:884 out:886 type:b dur:2 cpbdur:2 q:31.55 aq:26.91 tex:21052 mv:17533 misc:5999 imb:212 pmb:1727 smb:6221 d:- ref:0 ;
in:886 out:887 type:b dur:2 cpbdur:2 q:31.52 aq:27.15 tex:25017 mv:20587 misc:6516 imb:267 pmb:2098 smb:5795 d:- ref:0 ;
in:891 out:888 type:P dur:2 cpbdur:2 q:31.46 aq:25.58 tex:161138 mv:54738 misc:5292 imb:3745 pmb:2741 smb:1674 d:- ref:0 w:6,63,0,6,63,1,64,0 ;
in:889 out:889 type:B dur:2 cpbdur:2 q:31.49 aq:25.62 tex:66637 mv:36820 misc:7143 imb:635 pmb:3028 smb:4497 d:- ref:0 ;
in:888 out:890 type:b dur:2 cpbdur:2 q:31.50 aq:27.08 tex:25428 mv:16340 misc:5792 imb:177 pmb:1778 smb:6205 d:- ref:0 ;
in:890 out:891 type:b dur:2 cpbdur:2 q:31.47 aq:27.62 tex:26172 mv:19952 misc:6108 imb:199 pmb:2005 smb:5956 d:- ref:0 ;
in:895 out:892 type:P dur:2 cpbdur:2 q:31.40 aq:25.15 tex:167745 mv:56886 misc:4897 imb:4109 pmb:2653 smb:1398 d:- ref:0 w:7,127,-1,0,1,-1,1,0 ;
in:893 out:893 type:B dur:2 cpbdur:2 q:31.43 aq:25.47 tex:58483 mv:38837 misc:7360 imb:700 pmb:3014 smb:4446 d:- ref:0 ;
in:892 out:894 type:b dur:2 cpbdur:2 q:31.45 aq:26.79 tex:24881 mv:19313 misc:6046 imb:234 pmb:1804 smb:6122 d:- ref:0 ;
in:894 out:895 type:b dur:2 cpbdur:2 q:31.41 aq:26.27 tex:16732 mv:15599 misc:6269 imb:220 pmb:1694 smb:6246 d:- ref:0 ;
in:899 out:896 type:P dur:2 cpbdur:2 q:31.34 aq:25.49 tex:158766 mv:53433 misc:5169 imb:3808 pmb:2509 smb:1843 d:- ref:0 w:0,1,-1,5,31,3,32,0 ;
in:897 out:897 type:B dur:2 cpbdur:2 q:31.37 aq:25.52 tex:86336 mv:37515 misc:7093 imb:680 pmb:3155 smb:4325 d:- ref:0 ;
in:896 out:898 type:b dur:2 cpbdur:2 q:31.39 aq:26.38 tex:29822 mv:21722 misc:5952 imb:268 pmb:1892 smb:6000 d:- ref:0 ;
in:898 out:899 type:b dur:2 cpbdur:2 q:31.36 aq:26.67 tex:22228 mv:16434 misc:6122 imb:187 pmb:1778 smb:6195 d:- ref:0 ;
in:903 out:900 type:P dur:2 cpbdur:2 q:31.28 aq:25.04 tex:142502 mv:56869 misc:4557 imb:4213 pmb:2621 smb:1326 d:- ref:0 w:6,63,0,5,31,3,32,0 ;
in:901 out:901 type:B dur:2 cpbdur:2 q:31.31 aq:25.02 tex:59375 mv:39870 misc:7643 imb:814 pmb:3574 smb:3772 d:- ref:0 ;
in:900 out:902 type:b dur:2 cpbdur:2 q:31.33 aq:25.94 tex:38266 mv:25096 misc:7198 imb:469 pmb:2886 smb:4805 d:- ref:0 ;
in:902 out:903 type:b dur:2 cpbdur:2 q:31.30 aq:26.67 tex:22563 mv:14911 misc:5846 imb:169 pmb:1729 smb:6262 d:- ref:0 ;
in:907 out:904 type:P dur:2 cpbdur:2 q:31.22 aq:25.01 tex:202064 mv:63889 misc:3111 imb:4594 pmb:2868 smb:698 d:- ref:0 ;
in:905 out:905 type:B dur:2 cpbdur:2 q:31.25 aq:25.28 tex:60824 mv:35219 misc:6453 imb:649 pmb:2692 smb:4819 d:- ref:0 ;
in:904 out:906 type:b dur:2 cpbdur:2 q:31.27 aq:26.01 tex:41520 mv:25278 misc:5810 imb:382 pmb:2114 smb:5664 d:- ref:0 ;
in:906 out:907 type:b dur:2 cpbdur:2 q:31.24 aq:26.26 tex:18106 mv:15496 misc:6126 imb:168 pmb:1756 smb:6236 d:- ref:0 ;
in:911 out:908 type:P dur:2 cpbdur:2 q:31.17 aq:24.42 tex:156083 mv:51373 misc:6088 imb:3211 pmb:2633 smb:2316 d:- ref:0 ;
in:909 out:909 type:B dur:2 cpbdur:2 q:31.19 aq:24.56 tex:73935 mv:39521 misc:6728 imb:680 pmb:2798 smb:4682 d:- ref:0 ;
in:908 out:910 type:b dur:2 cpbdur:2 q:31.21 aq:26.51 tex:17801 mv:18368 misc:5943 imb:240 pmb:1782 smb:6138 d:- ref:0 ;
in:910 out:911 type:b dur:2 cpbdur:2 q:31.18 aq:26.49 tex:16868 mv:15707 misc:5049 imb:166 pmb:1516 smb:6478 d:- ref:0 ;
in:915 out:912 type:P dur:2 cpbdur:2 q:31.11 aq:24.56 tex:183952 mv:47368 misc:6464 imb:2615 pmb:2607 smb:2938 d:- ref:0 ;
in:913 out:913 type:B dur:2 cpbdur:2 q:31.14 aq:25.24 tex:52064 mv:29640 misc:6064 imb:471 pmb:2228 smb:5461 d:- ref:0 ;
in:912 out:914 type:b dur:2 cpbdur:2 q:31.15 aq:26.77 tex:12237 mv:10698 misc:4977 imb:111 pmb:1240 smb:6809 d:- ref:0 ;
in:914 out:915 type:b dur:2 cpbdur:2 q:31.13 aq:26.90 tex:27466 mv:17944 misc:4950 imb:156 pmb:1688 smb:6316 d:- ref:0 ;
in:919 out:916 type:P dur:2 cpbdur:2 q:31.06 aq:24.27 tex:135478 mv:42675 misc:6543 imb:2534 pmb:2244 smb:3382 d:- ref:0 ;
in:917 out:917 type:B dur:2 cpbdur:2 q:31.09 aq:25.41 tex:50900 mv:25646 misc:6030 imb:269 pmb:2379 smb:5512 d:- ref:0 ;
in:916 out:918 type:b dur:2 cpbdur:2 q:31.10 aq:27.15 tex:14493 mv:11507 misc:4816 imb:88 pmb:1322 smb:6750 d:- ref:0 ;
in:918 out:919 type:b dur:2 cpbdur:2 q:31.08 aq:26.92 tex:25732 mv:17386 misc:4674 imb:207 pmb:1496 smb:6457 d:- ref:0 ;
in:923 out:920 type:P dur:2 cpbdur:2 q:31.01 aq:24.38 tex:166650 mv:46009 misc:6325 imb:2450 pmb:2614 smb:3096 d:- ref:0 ;
in:921 out:921 type:B dur:2 cpbdur:2 q:31.04 aq:25.66 tex:54817 mv:28791 misc:6136 imb:353 pmb:2324 smb:5483 d:- ref:0 ;
in:920 out:922 type:b dur:2 cpbdur:2 q:31.05 aq:26.72 tex:10826 mv:11365 misc:4617 imb:108 pmb:1130 smb:6922 d:- ref:0 ;
in:922 out:923 type:b dur:2 cpbdur:2 q:31.03 aq:27.03 tex:16001 mv:14733 misc:4762 imb:130 pmb:1368 smb:6662 d:- ref:0 ;
in:927 out:924 type:P dur:2 cpbdur:2 q:30.97 aq:24.34 tex:156205 mv:45051 misc:6544 imb:2122 pmb:2764 smb:3274 d:- ref:0 ;
in:925 out:925 type:B dur:2 cpbdur:2 q:30.99 aq:25.74 tex:63489 mv:25461 misc:5570 imb:255 pmb:2123 smb:5782 d:- ref:0 ;
in:924 out:926 type:b dur:2 cpbdur:2 q:31.00 aq:27.09 tex:13366 mv:11162 misc:4248 imb:91 pmb:1054 smb:7015 d:- ref:0 ;
in:926 out:927 type:b dur:2 cpbdur:2 q:30.98 aq:27.48 tex:19316 mv:15363 misc:4801 imb:106 pmb:1485 smb:6569 d:- ref:0 ;
in:931 out:928 type:P dur:2 cpbdur:2 q:30.90 aq:23.93 tex:188392 mv:50318 misc:6034 imb:3020 pmb:2831 smb:2309 d:- ref:0 ;
in:929 out:929 type:B dur:2 cpbdur:2 q:30.93 aq:25.52 tex:42113 mv:26232 misc:6047 imb:258 pmb:2229 smb:5673 d:- ref:0 ;
in:928 out:930 type:b dur:2 cpbdur:2 q:30.95 aq:26.99 tex:12032 mv:12745 misc:4863 imb:110 pmb:1352 smb:6698 d:- ref:0 ;
in:930 out:931 type:b dur:2 cpbdur:2 q:30.92 aq:25.74 tex:16581 mv:14891 misc:6160 imb:213 pmb:1821 smb:6126 d:- ref:0 ;
in:935 out:932 type:P dur:2 cpbdur:2 q:30.83 aq:23.96 tex:209040 mv:47839 misc:6337 imb:2194 pmb:2948 smb:3018 d:- ref:0 ;
in:933 out:933 type:B dur:2 cpbdur:2 q:30.86 aq:25.36 tex:44838 mv:28588 misc:6078 imb:299 pmb:2312 smb:5549 d:- ref:0 ;
in:932 out:934 type:b dur:2 cpbdur:2 q:30.88 aq:26.96 tex:16319 mv:15877 misc:5020 imb:134 pmb:1465 smb:6561 d:- ref:0 ;
in:934 out:935 type:b dur:2 cpbdur:2 q:30.85 aq:27.18 tex:12704 mv:12628 misc:4788 imb:82 pmb:1242 smb:6836 d:- ref:0 ;
in:939 out:936 type:P dur:2 cpbdur:2 q:30.76 aq:23.88 tex:200814 mv:45088 misc:6474 imb:1964 pmb:2984 smb:3212 d:- ref:0 ;
in:937 out:937 type:B dur:2 cpbdur:2 q:30.79 aq:25.59 tex:35858 mv:24694 misc:6264 imb:256 pmb:2210 smb:5694 d:- ref:0 ;
in:936 out:938 type:b dur:2 cpbdur:2 q:30.81 aq:27.47 tex:13223 mv:13588 misc:4933 imb:108 pmb:1408 smb:6644 d:- ref:0 ;
in:938 out:939 type:b dur:2 cpbdur:2 q:30.78 aq:26.67 tex:7851 mv:6787 misc:3586 imb:72 pmb:726 smb:7362 d:- ref:0 ;
in:943 out:940 type:P dur:2 cpbdur:2 q:30.69 aq:23.94 tex:227933 mv:45797 misc:6486 imb:2036 pmb:3049 smb:3075 d:- ref:0 ;
in:941 out:941 type:B dur:2 cpbdur:2 q:30.72 aq:25.96 tex:36153 mv:25385 misc:6278 imb:250 pmb:2245 smb:5665 d:- ref:0 ;
in:940 out:942 type:b dur:2 cpbdur:2 q:30.74 aq:26.52 tex:14343 mv:16443 misc:5702 imb:156 pmb:1539 smb:6465 d:- ref:0 ;
in:942 out:943 type:b dur:2 cpbdur:2 q:30.71 aq:27.27 tex:8276 mv:9413 misc:4479 imb:76 pmb:1055 smb:7029 d:- ref:0 ;
in:947 out:944 type:P dur:2 cpbdur:2 q:30.62 aq:23.94 tex:206272 mv:45187 misc:6325 imb:1958 pmb:3129 smb:3073 d:- ref:0 ;
in:945 out:945 type:B dur:2 cpbdur:2 q:30.66 aq:25.66 tex:40178 mv:25415 misc:6407 imb:207 pmb:2412 smb:5541 d:- ref:0 ;
in:944 out:946 type:b dur:2 cpbdur:2 q:30.67 aq:27.23 tex:10506 mv:13343 misc:5463 imb:112 pmb:1589 smb:6459 d:- ref:0 ;
in:946 out:947 type:b dur:2 cpbdur:2 q:30.64 aq:26.44 tex:8230 mv:8751 misc:4299 imb:85 pmb:914 smb:7161 d:- ref:0 ;
in:951 out:948 type:P dur:2 cpbdur:2 q:30.56 aq:23.80 tex:254486 mv:45010 misc:6504 imb:1891 pmb:3119 smb:3150 d:- ref:0 ;
in:949 out:949 type:B dur:2 cpbdur:2 q:30.59 aq:25.57 tex:48838 mv:26594 misc:6512 imb:252 pmb:2434 smb:5474 d:- ref:0 ;
in:948 out:950 type:b dur:2 cpbdur:2 q:30.61 aq:27.71 tex:12487 mv:12862 misc:4987 imb:107 pmb:1253 smb:6800 d:- ref:0 ;
in:950 out:951 type:b dur:2 cpbdur:2 q:30.58 aq:26.95 tex:10246 mv:7663 misc:4291 imb:86 pmb:884 smb:7190 d:- ref:0 ;
in:955 out:952 type:P dur:2 cpbdur:2 q:30.50 aq:23.63 tex:256022 mv:45983 misc:6307 imb:2054 pmb:3209 smb:2897 d:- ref:0 ;
in:953 out:953 type:B dur:2 cpbdur:2 q:30.53 aq:25.36 tex:47816 mv:27919 misc:6881 imb:261 pmb:2599 smb:5300 d:- ref:0 ;
in:952 out:954 type:b dur:2 cpbdur:2 q:30.54 aq:27.12 tex:12251 mv:11494 misc:5151 imb:124 pmb:1320 smb:6716 d:- ref:0 ;
in:954 out:955 type:b dur:2 cpbdur:2 q:30.51 aq:27.34 tex:10913 mv:12219 misc:5124 imb:118 pmb:1211 smb:6831 d:- ref:0 ;
in:959 out:956 type:P dur:2 cpbdur:2 q:30.44 aq:24.09 tex:248774 mv:42412 misc:6262 imb:1712 pmb:3099 smb:3349 d:- ref:0 ;
in:957 out:957 type:B dur:2 cpbdur:2 q:30.47 aq:25.28 tex:44927 mv:24415 misc:6522 imb:260 pmb:2237 smb:5663 d:- ref:0 ;
in:956 out:958 type:b dur:2 cpbdur:2 q:30.48 aq:26.73 tex:8115 mv:9197 misc:4488 imb:64 pmb:1068 smb:7028 d:- ref:0 ;
in:958 out:959 type:b dur:2 cpbdur:2 q:30.45 aq:27.82 tex:12935 mv:11198 misc:4875 imb:97 pmb:1260 smb:6803 d:- ref:0 ;
in:963 out:960 type:P dur:2 cpbdur:2 q:30.37 aq:23.46 tex:280458 mv:51548 misc:5850 imb:2534 pmb:3530 smb:2096 d:- ref:0 ;
in:961 out:961 type:B dur:2 cpbdur:2 q:30.40 aq:24.43 tex:50992 mv:28966 misc:7434 imb:351 pmb:2951 smb:4858 d:- ref:0 ;
in:960 out:962 type:b dur:2 cpbdur:2 q:30.42 aq:25.66 tex:16798 mv:12599 misc:5715 imb:185 pmb:1471 smb:6504 d:- ref:0 ;
in:962 out:963 type:b dur:2 cpbdur:2 q:30.39 aq:26.74 tex:10249 mv:11278 misc:5217 imb:111 pmb:1314 smb:6735 d:- ref:0 ;
in:967 out:964 type:P dur:2 cpbdur:2 q:30.32 aq:23.32 tex:229928 mv:43954 misc:6558 imb:1676 pmb:3467 smb:3017 d:- ref:0 ;
in:965 out:965 type:B dur:2 cpbdur:2 q:30.35 aq:25.45 tex:30585 mv:19221 misc:6306 imb:173 pmb:1889 smb:6098 d:- ref:0 ;
in:964 out:966 type:b dur:2 cpbdur:2 q:30.36 aq:26.17 tex:6096 mv:4733 misc:3347 imb:49 pmb:577 smb:7534 d:- ref:0 ;
in:966 out:967 type:b dur:2 cpbdur:2 q:30.33 aq:27.95 tex:8347 mv:10185 misc:4612 imb:84 pmb:1100 smb:6976 d:- ref:0 ;
in:971 out:968 type:P dur:2 cpbdur:2 q:30.26 aq:23.34 tex:290968 mv:46572 misc:6268 imb:1975 pmb:3363 smb:2822 d:- ref:0 ;
in:969 out:969 type:B dur:2 cpbdur:2 q:30.29 aq:25.61 tex:36488 mv:22447 misc:6505 imb:189 pmb:2096 smb:5875 d:- ref:0 ;
in:968 out:970 type:b dur:2 cpbdur:2 q:30.30 aq:26.91 tex:8617 mv:9805 misc:4722 imb:79 pmb:1151 smb:6930 d:- ref:0 ;
in:970 out:971 type:b dur:2 cpbdur:2 q:30.27 aq:26.54 tex:8310 mv:10733 misc:5085 imb:93 pmb:1318 smb:6749 d:- ref:0 ;
in:975 out:972 type:P dur:2 cpbdur:2 q:30.21 aq:23.48 tex:247647 mv:44730 misc:6239 imb:1727 pmb:3469 smb:2964 d:- ref:0 ;
in:973 out:973 type:B dur:2 cpbdur:2 q:30.23 aq:25.64 tex:29926 mv:20186 misc:6312 imb:190 pmb:1932 smb:6038 d:- ref:0 ;
in:972 out:974 type:b dur:2 cpbdur:2 q:30.25 aq:27.42 tex:10077 mv:10453 misc:4574 imb:96 pmb:1017 smb:7047 d:- ref:0 ;
in:974 out:975 type:b dur:2 cpbdur:2 q:30.22 aq:26.54 tex:9195 mv:8916 misc:4473 imb:70 pmb:978 smb:7112 d:- ref:0 ;
in:979 out:976 type:P dur:2 cpbdur:2 q:30.16 aq:23.29 tex:269450 mv:45546 misc:6372 imb:1869 pmb:3472 smb:2819 d:- ref:0 ;
in:977 out:977 type:B dur:2 cpbdur:2 q:30.18 aq:25.60 tex:32789 mv:25060 misc:7183 imb:265 pmb:2505 smb:5390 d:- ref:0 ;
in:976 out:978 type:b dur:2 cpbdur:2 q:30.20 aq:26.46 tex:11153 mv:12236 misc:5131 imb:123 pmb:1285 smb:6752 d:- ref:0 ;
in:978 out:979 type:b dur:2 cpbdur:2 q:30.17 aq:25.94 tex:6219 mv:5250 misc:3499 imb:70 pmb:625 smb:7465 d:- ref:0 ;
in:983 out:980 type:P dur:2 cpbdur:2 q:30.10 aq:23.46 tex:259847 mv:45089 misc:6328 imb:1741 pmb:3533 smb:2886 d:- ref:0 ;
in:981 out:981 type:B dur:2 cpbdur:2 q:30.13 aq:25.49 tex:31200 mv:21123 misc:6461 imb:158 pmb:2112 smb:5890 d:- ref:0 ;
in:980 out:982 type:b dur:2 cpbdur:2 q:30.14 aq:26.93 tex:10925 mv:10303 misc:4572 imb:87 pmb:1069 smb:7004 d:- ref:0 ;
in:982 out:983 type:b dur:2 cpbdur:2 q:30.11 aq:26.40 tex:6927 mv:8505 misc:4624 imb:62 pmb:1035 smb:7063 d:- ref:0 ;
in:987 out:984 type:P dur:2 cpbdur:2 q:30.04 aq:23.70 tex:228207 mv:43628 misc:6237 imb:1663 pmb:3523 smb:2974 d:- ref:0 ;
in:985 out:985 type:B dur:2 cpbdur:2 q:30.07 aq:25.27 tex:39498 mv:24004 misc:6850 imb:241 pmb:2363 smb:5556 d:- ref:0 ;
in:984 out:986 type:b dur:2 cpbdur:2 q:30.08 aq:26.51 tex:8692 mv:11335 misc:5429 imb:104 pmb:1411 smb:6645 d:- ref:0 ;
in:986 out:987 type:b dur:2 cpbdur:2 q:30.05 aq:26.90 tex:8825 mv:9463 misc:4632 imb:66 pmb:1096 smb:6998 d:- ref:0 ;
in:991 out:988 type:P dur:2 cpbdur:2 q:29.97 aq:22.97 tex:373397 mv:55446 misc:5301 imb:2658 pmb:3816 smb:1686 d:- ref:0 ;
in:989 out:989 type:B dur:2 cpbdur:2 q:30.00 aq:25.55 tex:39352 mv:21146 misc:6830 imb:214 pmb:2513 smb:5433 d:- ref:0 ;
in:988 out:990 type:b dur:2 cpbdur:2 q:30.02 aq:27.07 tex:22777 mv:16331 misc:5452 imb:109 pmb:1600 smb:6451 d:- ref:0 ;
in:990 out:991 type:b dur:2 cpbdur:2 q:29.99 aq:24.71 tex:10604 mv:7988 misc:4968 imb:168 pmb:1063 smb:6929 d:- ref:0 ;
in:995 out:992 type:P dur:2 cpbdur:2 q:29.93 aq:22.89 tex:271010 mv:47691 misc:6019 imb:1820 pmb:3726 smb:2614 d:- ref:0 ;
in:993 out:993 type:B dur:2 cpbdur:2 q:29.95 aq:25.22 tex:40819 mv:25077 misc:6904 imb:213 pmb:2319 smb:5628 d:- ref:0 ;
in:992 out:994 type:b dur:2 cpbdur:2 q:29.96 aq:27.34 tex:9983 mv:11460 misc:5125 imb:83 pmb:1292 smb:6785 d:- ref:0 ;
in:994 out:995 type:b dur:2 cpbdur:2 q:29.94 aq:27.11 tex:11291 mv:10830 misc:4767 imb:64 pmb:1150 smb:6946 d:- ref:0 ;
in:999 out:996 type:P dur:2 cpbdur:2 q:29.87 aq:22.92 tex:301811 mv:48839 misc:6022 imb:1760 pmb:3853 smb:2547 d:- ref:0 ;
in:997 out:997 type:B dur:2 cpbdur:2 q:29.90 aq:25.07 tex:41879 mv:24251 misc:6766 imb:226 pmb:2322 smb:5612 d:- ref:0 ;
in:996 out:998 type:b dur:2 cpbdur:2 q:29.92 aq:27.20 tex:8965 mv:10248 misc:4995 imb:70 pmb:1247 smb:6843 d:- ref:0 ;
in:998 out:999 type:b dur:2 cpbdur:2 q:29.89 aq:27.54 tex:10746 mv:10784 misc:4870 imb:69 pmb:1206 smb:6885 d:- ref:0 ;
in:1003 out:1000 type:P dur:2 cpbdur:2 q:29.82 aq:22.81 tex:280634 mv:47978 misc:6076 imb:1783 pmb:3799 smb:2578 d:- ref:0 ;
in:1001 out:1001 type:B dur:2 cpbdur:2 q:29.85 aq:25.04 tex:39673 mv:24444 misc:6947 imb:206 pmb:2330 smb:5624 d:- ref:0 ;
in:1000 out:1002 type:b dur:2 cpbdur:2 q:29.86 aq:27.27 tex:8701 mv:9439 misc:4452 imb:78 pmb:950 smb:7132 d:- ref:0 ;
in:1002 out:1003 type:b dur:2 cpbdur:2 q:29.83 aq:26.97 tex:11251 mv:11197 misc:5320 imb:100 pmb:1355 smb:6705 d:- ref:0 ;
in:1007 out:1004 type:P dur:2 cpbdur:2 q:29.77 aq:23.04 tex:298878 mv:46494 misc:6156 imb:1830 pmb:3681 smb:2649 d:- ref:0 ;
in:1005 out:1005 type:B dur:2 cpbdur:2 q:29.79 aq:25.59 tex:33972 mv:23770 misc:6818 imb:217 pmb:2210 smb:5733 d:- ref:0 ;
in:1004 out:1006 type:b dur:2 cpbdur:2 q:29.81 aq:26.42 tex:7344 mv:5855 misc:3713 imb:68 pmb:681 smb:7411 d:- ref:0 ;
in:1006 out:1007 type:b dur:2 cpbdur:2 q:29.78 aq:26.68 tex:12313 mv:13610 misc:5693 imb:124 pmb:1480 smb:6556 d:- ref:0 ;
in:1011 out:1008 type:P dur:2 cpbdur:2 q:29.72 aq:22.89 tex:310187 mv:48006 misc:6031 imb:1784 pmb:3833 smb:2543 d:- ref:0 ;
in:1009 out:1009 type:B dur:2 cpbdur:2 q:29.74 aq:25.46 tex:42455 mv:25180 misc:6821 imb:190 pmb:2438 smb:5532 d:- ref:0 ;
in:1008 out:1010 type:b dur:2 cpbdur:2 q:29.76 aq:27.20 tex:9503 mv:10820 misc:5229 imb:62 pmb:1375 smb:6723 d:- ref:0 ;
in:1010 out:1011 type:b dur:2 cpbdur:2 q:29.73 aq:26.60 tex:8885 mv:11028 misc:5215 imb:86 pmb:1314 smb:6760 d:- ref:0 ;
in:1015 out:1012 type:P dur:2 cpbdur:2 q:29.67 aq:22.90 tex:302798 mv:48485 misc:5837 imb:1810 pmb:3783 smb:2567 d:- ref:0 ;
in:1013 out:1013 type:B dur:2 cpbdur:2 q:29.70 aq:25.22 tex:41718 mv:23708 misc:6502 imb:187 pmb:2191 smb:5782 d:- ref:0 ;
in:1012 out:1014 type:b dur:2 cpbdur:2 q:29.71 aq:27.61 tex:9528 mv:8967 misc:4353 imb:42 pmb:977 smb:7141 d:- ref:0 ;
in:1014 out:1015 type:b dur:2 cpbdur:2 q:29.68 aq:26.67 tex:14452 mv:12381 misc:5031 imb:78 pmb:1274 smb:6808 d:- ref:0 ;
in:1019 out:1016 type:P dur:2 cpbdur:2 q:29.62 aq:23.33 tex:306306 mv:45343 misc:6055 imb:1660 pmb:3653 smb:2847 d:- ref:0 ;
in:1017 out:1017 type:B dur:2 cpbdur:2 q:29.65 aq:25.27 tex:32454 mv:23251 misc:6943 imb:206 pmb:2456 smb:5498 d:- ref:0 ;
in:1016 out:1018 type:b dur:2 cpbdur:2 q:29.66 aq:26.59 tex:12274 mv:13470 misc:5344 imb:97 pmb:1444 smb:6619 d:- ref:0 ;
in:1018 out:1019 type:b dur:2 cpbdur:2 q:29.63 aq:26.27 tex:7221 mv:5885 misc:3750 imb:62 pmb:716 smb:7382 d:- ref:0 ;
in:1023 out:1020 type:P dur:2 cpbdur:2 q:29.57 aq:22.80 tex:285773 mv:53243 misc:5104 imb:2342 pmb:4175 smb:1643 d:- ref:0 ;
in:1021 out:1021 type:B dur:2 cpbdur:2 q:29.60 aq:24.17 tex:47088 mv:29581 misc:7803 imb:296 pmb:3243 smb:4621 d:- ref:0 ;
in:1020 out:1022 type:b dur:2 cpbdur:2 q:29.61 aq:25.23 tex:20803 mv:17308 misc:6761 imb:232 pmb:1989 smb:5939 d:- ref:0 ;
in:1022 out:1023 type:b dur:2 cpbdur:2 q:29.58 aq:26.06 tex:8098 mv:9864 misc:4958 imb:57 pmb:1201 smb:6902 d:- ref:0 ;
in:1027 out:1024 type:P dur:2 cpbdur:2 q:29.51 aq:22.73 tex:388476 mv:54500 misc:5664 imb:2044 pmb:3981 smb:2135 d:- ref:0 ;
in:1025 out:1025 type:B dur:2 cpbdur:2 q:29.54 aq:25.27 tex:58262 mv:32087 misc:6995 imb:253 pmb:2818 smb:5089 d:- ref:0 ;
in:1024 out:1026 type:b dur:2 cpbdur:2 q:29.56 aq:27.25 tex:14597 mv:14372 misc:5575 imb:88 pmb:1568 smb:6504 d:- ref:0 ;
in:1026 out:1027 type:b dur:2 cpbdur:2 q:29.53 aq:27.06 tex:18491 mv:12920 misc:5197 imb:74 pmb:1409 smb:6677 d:- ref:0 ;
in:1031 out:1028 type:P dur:2 cpbdur:2 q:29.48 aq:22.74 tex:281291 mv:46128 misc:6029 imb:1533 pmb:3969 smb:2658 d:- ref:0 ;
in:1029 out:1029 type:B dur:2 cpbdur:2 q:29.50 aq:25.01 tex:36559 mv:22965 misc:6964 imb:185 pmb:2444 smb:5531 d:- ref:0 ;
in:1028 out:1030 type:b dur:2 cpbdur:2 q:29.51 aq:27.24 tex:11921 mv:12014 misc:4937 imb:64 pmb:1213 smb:6883 d:- ref:0 ;
in:1030 out:1031 type:b dur:2 cpbdur:2 q:29.49 aq:27.02 tex:8224 mv:6307 misc:3893 imb:51 pmb:782 smb:7327 d:- ref:0 ;
in:1035 out:1032 type:P dur:2 cpbdur:2 q:29.43 aq:22.59 tex:355040 mv:52851 misc:5733 imb:1911 pmb:3974 smb:2275 d:- ref:0 ;
in:1033 out:1033 type:B dur:2 cpbdur:2 q:29.45 aq:24.89 tex:58808 mv:31526 misc:7138 imb:230 pmb:2810 smb:5120 d:- ref:0 ;
in:1032 out:1034 type:b dur:2 cpbdur:2 q:29.47 aq:26.88 tex:12823 mv:13805 misc:5412 imb:92 pmb:1472 smb:6596 d:- ref:0 ;
in:1034 out:1035 type:b dur:2 cpbdur:2 q:29.44 aq:26.90 tex:17240 mv:16224 misc:5752 imb:125 pmb:1581 smb:6454 d:- ref:0 ;
in:1036 out:1036 type:P dur:2 cpbdur:2 q:29.39 aq:26.65 tex:43909 mv:18986 misc:6217 imb:407 pmb:2230 smb:5523 d:- ref:0 ;
in:1037 out:1037 type:I dur:2 cpbdur:2 q:26.74 aq:20.21 tex:737578 mv:161198 misc:456 imb:8160 pmb:0 smb:0 d:- ref:;
in:1041 out:1038 type:P dur:2 cpbdur:2 q:29.49 aq:22.73 tex:260212 mv:47332 misc:6184 imb:1318 pmb:4099 smb:2743 d:- ref:0 ;
in:1039 out:1039 type:B dur:2 cpbdur:2 q:29.49 aq:24.97 tex:34741 mv:27353 misc:7018 imb:164 pmb:2503 smb:5493 d:- ref:0 ;
in:1038 out:1040 type:b dur:2 cpbdur:2 q:29.49 aq:26.88 tex:9592 mv:11924 misc:4956 imb:63 pmb:1243 smb:6854 d:- ref:0 ;
in:1040 out:1041 type:b dur:2 cpbdur:2 q:29.49 aq:27.20 tex:12126 mv:11158 misc:4972 imb:64 pmb:1232 smb:6864 d:- ref:0 ;
in:1045 out:1042 type:P dur:2 cpbdur:2 q:29.44 aq:22.97 tex:328840 mv:49558 misc:5794 imb:1601 pmb:4034 smb:2525 d:- ref:0 ;
in:1043 out:1043 type:B dur:2 cpbdur:2 q:29.46 aq:25.25 tex:41921 mv:28073 misc:6902 imb:209 pmb:2660 smb:5291 d:- ref:0 ;
in:1042 out:1044 type:b dur:2 cpbdur:2 q:29.48 aq:27.15 tex:13825 mv:14699 misc:5508 imb:86 pmb:1626 smb:6448 d:- ref:0 ;
in:1044 out:1045 type:b dur:2 cpbdur:2 q:29.45 aq:26.18 tex:10059 mv:7000 misc:4109 imb:56 pmb:846 smb:7258 d:- ref:0 ;
in:1049 out:1046 type:P dur:2 cpbdur:2 q:29.40 aq:23.42 tex:323196 mv:46852 misc:5808 imb:1566 pmb:3860 smb:2734 d:- ref:0 ;
in:1047 out:1047 type:B dur:2 cpbdur:2 q:29.42 aq:25.45 tex:53180 mv:27961 misc:6819 imb:192 pmb:2780 smb:5188 d:- ref:0 ;
in:1046 out:1048 type:b dur:2 cpbdur:2 q:29.43 aq:26.87 tex:15638 mv:16789 misc:5893 imb:100 pmb:1735 smb:6325 d:- ref:0 ;
in:1048 out:1049 type:b dur:2 cpbdur:2 q:29.41 aq:26.70 tex:10148 mv:11217 misc:5211 imb:61 pmb:1318 smb:6781 d:- ref:0 ;
in:1053 out:1050 type:P dur:2 cpbdur:2 q:29.36 aq:22.72 tex:339409 mv:55948 misc:5267 imb:2203 pmb:4320 smb:1637 d:- ref:0 ;
in:1051 out:1051 type:B dur:2 cpbdur:2 q:29.38 aq:23.94 tex:74210 mv:35455 misc:7751 imb:333 pmb:3767 smb:4060 d:- ref:0 ;
in:1050 out:1052 type:b dur:2 cpbdur:2 q:29.39 aq:25.08 tex:20764 mv:18264 misc:7276 imb:213 pmb:2475 smb:5472 d:- ref:0 ;
in:1052 out:1053 type:b dur:2 cpbdur:2 q:29.37 aq:26.37 tex:14290 mv:11644 misc:5258 imb:56 pmb:1377 smb:6727 d:- ref:0 ;
in:1057 out:1054 type:P dur:2 cpbdur:2 q:29.31 aq:22.42 tex:409952 mv:61746 misc:4310 imb:2544 pmb:4278 smb:1338 d:- ref:0 ;
in:1055 out:1055 type:B dur:2 cpbdur:2 q:29.33 aq:24.92 tex:64241 mv:35210 misc:7093 imb:287 pmb:3009 smb:4864 d:- ref:0 ;
in:1054 out:1056 type:b dur:2 cpbdur:2 q:29.35 aq:27.10 tex:20057 mv:15306 misc:5453 imb:85 pmb:1494 smb:6581 d:- ref:0 ;
in:1056 out:1057 type:b dur:2 cpbdur:2 q:29.32 aq:25.85 tex:19226 mv:22045 misc:6817 imb:261 pmb:2196 smb:5703 d:- ref:0 ;
in:1061 out:1058 type:P dur:2 cpbdur:2 q:29.26 aq:22.79 tex:281700 mv:49804 misc:5776 imb:1532 pmb:4279 smb:2349 d:- ref:0 ;
in:1059 out:1059 type:B dur:2 cpbdur:2 q:29.28 aq:24.96 tex:44027 mv:26858 misc:7123 imb:187 pmb:2587 smb:5386 d:- ref:0 ;
in:1058 out:1060 type:b dur:2 cpbdur:2 q:29.29 aq:26.32 tex:10445 mv:7964 misc:4439 imb:68 pmb:926 smb:7166 d:- ref:0 ;
in:1060 out:1061 type:b dur:2 cpbdur:2 q:29.27 aq:27.25 tex:15783 mv:14803 misc:5518 imb:94 pmb:1503 smb:6563 d:- ref:0 ;
in:1064 out:1062 type:P dur:2 cpbdur:2 q:29.21 aq:22.41 tex:335894 mv:47608 misc:6146 imb:1392 pmb:4139 smb:2629 d:- ref:0 ;
in:1062 out:1063 type:B dur:2 cpbdur:2 q:29.24 aq:25.98 tex:38881 mv:21691 misc:6228 imb:98 pmb:2195 smb:5867 d:- ref:0 ;
in:1063 out:1064 type:b dur:2 cpbdur:2 q:29.22 aq:27.02 tex:17633 mv:11134 misc:5105 imb:63 pmb:1350 smb:6747 d:- ref:0 ;
in:1068 out:1065 type:P dur:2 cpbdur:2 q:29.19 aq:22.59 tex:403566 mv:55735 misc:5283 imb:1917 pmb:4297 smb:1946 d:- ref:0 ;
in:1066 out:1066 type:B dur:2 cpbdur:2 q:29.20 aq:24.76 tex:74179 mv:33969 misc:6900 imb:243 pmb:3132 smb:4785 d:- ref:0 ;
in:1065 out:1067 type:b dur:2 cpbdur:2 q:29.20 aq:26.87 tex:19956 mv:17673 misc:6083 imb:110 pmb:1991 smb:6059 d:- ref:0 ;
in:1067 out:1068 type:b dur:2 cpbdur:2 q:29.19 aq:27.01 tex:16035 mv:15070 misc:5639 imb:86 pmb:1519 smb:6555 d:- ref:0 ;
in:1072 out:1069 type:P dur:2 cpbdur:2 q:29.19 aq:22.66 tex:367366 mv:53013 misc:5597 imb:1671 pmb:4284 smb:2205 d:- ref:0 ;
in:1070 out:1070 type:B dur:2 cpbdur:2 q:29.19 aq:24.78 tex:70566 mv:31963 misc:7039 imb:223 pmb:2916 smb:5021 d:- ref:0 ;
in:1069 out:1071 type:b dur:2 cpbdur:2 q:29.19 aq:27.01 tex:12863 mv:12625 misc:5296 imb:63 pmb:1440 smb:6657 d:- ref:0 ;
in:1071 out:1072 type:b dur:2 cpbdur:2 q:29.19 aq:27.41 tex:19874 mv:15828 misc:5634 imb:74 pmb:1763 smb:6323 d:- ref:0 ;
in:1076 out:1073 type:P dur:2 cpbdur:2 q:29.16 aq:22.76 tex:382477 mv:53617 misc:5522 imb:1722 pmb:4262 smb:2176 d:- ref:0 ;
in:1074 out:1074 type:B dur:2 cpbdur:2 q:29.18 aq:25.07 tex:62650 mv:32471 misc:6959 imb:227 pmb:2907 smb:5026 d:- ref:0 ;
in:1073 out:1075 type:b dur:2 cpbdur:2 q:29.18 aq:27.04 tex:15543 mv:13256 misc:5145 imb:84 pmb:1331 smb:6745 d:- ref:0 ;
in:1075 out:1076 type:b dur:2 cpbdur:2 q:29.17 aq:27.15 tex:16682 mv:15059 misc:5819 imb:105 pmb:1756 smb:6299 d:- ref:0 ;
in:1080 out:1077 type:P dur:2 cpbdur:2 q:29.13 aq:22.51 tex:390520 mv:57648 misc:4248 imb:2706 pmb:4331 smb:1123 d:- ref:0 ;
in:1078 out:1078 type:B dur:2 cpbdur:2 q:29.14 aq:24.69 tex:61666 mv:30110 misc:7216 imb:229 pmb:2947 smb:4984 d:- ref:0 ;
in:1077 out:1079 type:b dur:2 cpbdur:2 q:29.15 aq:26.30 tex:11307 mv:8382 misc:4567 imb:70 pmb:988 smb:7102 d:- ref:0 ;
in:1079 out:1080 type:b dur:2 cpbdur:2 q:29.14 aq:26.14 tex:19456 mv:16961 misc:6079 imb:119 pmb:1816 smb:6225 d:- ref:0 ;
in:1084 out:1081 type:P dur:2 cpbdur:2 q:29.11 aq:22.23 tex:410737 mv:55633 misc:5478 imb:1845 pmb:4344 smb:1971 d:- ref:0 ;
in:1082 out:1082 type:B dur:2 cpbdur:2 q:29.12 aq:25.12 tex:60593 mv:31873 misc:7110 imb:211 pmb:2909 smb:5040 d:- ref:0 ;
in:1081 out:1083 type:b dur:2 cpbdur:2 q:29.13 aq:26.98 tex:15992 mv:14586 misc:5862 imb:73 pmb:1718 smb:6369 d:- ref:0 ;
in:1083 out:1084 type:b dur:2 cpbdur:2 q:29.12 aq:26.86 tex:13671 mv:15543 misc:6002 imb:91 pmb:1878 smb:6191 d:- ref:0 ;
in:1088 out:1085 type:P dur:2 cpbdur:2 q:29.10 aq:22.63 tex:346080 mv:51304 misc:5760 imb:1598 pmb:4336 smb:2226 d:- ref:0 ;
in:1086 out:1086 type:B dur:2 cpbdur:2 q:29.10 aq:25.20 tex:51686 mv:30120 misc:7242 imb:217 pmb:2773 smb:5170 d:- ref:0 ;
in:1085 out:1087 type:b dur:2 cpbdur:2 q:29.11 aq:27.15 tex:16521 mv:13609 misc:5286 imb:86 pmb:1367 smb:6707 d:- ref:0 ;
in:1087 out:1088 type:b dur:2 cpbdur:2 q:29.10 aq:26.57 tex:13379 mv:12379 misc:5050 imb:78 pmb:1316 smb:6766 d:- ref:0 ;
in:1092 out:1089 type:P dur:2 cpbdur:2 q:29.07 aq:22.64 tex:399577 mv:54164 misc:5331 imb:1695 pmb:4330 smb:2135 d:- ref:0 ;
in:1090 out:1090 type:B dur:2 cpbdur:2 q:29.08 aq:25.11 tex:67841 mv:32768 misc:6863 imb:220 pmb:2908 smb:5032 d:- ref:0 ;
in:1089 out:1091 type:b dur:2 cpbdur:2 q:29.09 aq:27.29 tex:20922 mv:16473 misc:5573 imb:98 pmb:1598 smb:6464 d:- ref:0 ;
in:1091 out:1092 type:b dur:2 cpbdur:2 q:29.08 aq:27.23 tex:14897 mv:14086 misc:5385 imb:57 pmb:1566 smb:6537 d:- ref:0 ;
in:1096 out:1093 type:P dur:2 cpbdur:2 q:29.06 aq:22.70 tex:384501 mv:54211 misc:5400 imb:1736 pmb:4354 smb:2070 d:- ref:0 ;
in:1094 out:1094 type:B dur:2 cpbdur:2 q:29.06 aq:25.49 tex:61912 mv:31819 misc:6749 imb:209 pmb:2939 smb:5012 d:- ref:0 ;
in:1093 out:1095 type:b dur:2 cpbdur:2 q:29.07 aq:27.10 tex:20433 mv:17337 misc:5670 imb:83 pmb:1710 smb:6367 d:- ref:0 ;
in:1095 out:1096 type:b dur:2 cpbdur:2 q:29.06 aq:27.62 tex:18326 mv:12185 misc:5161 imb:54 pmb:1431 smb:6675 d:- ref:0 ;
in:1100 out:1097 type:P dur:2 cpbdur:2 q:29.03 aq:22.87 tex:312952 mv:51534 misc:5610 imb:1557 pmb:4398 smb:2205 d:- ref:0 ;
in:1098 out:1098 type:B dur:2 cpbdur:2 q:29.04 aq:24.99 tex:56099 mv:30042 misc:7155 imb:222 pmb:2985 smb:4953 d:- ref:0 ;
in:1097 out:1099 type:b dur:2 cpbdur:2 q:29.05 aq:26.31 tex:23531 mv:16925 misc:5736 imb:104 pmb:1711 smb:6345 d:- ref:0 ;
in:1099 out:1100 type:b dur:2 cpbdur:2 q:29.04 aq:26.56 tex:11815 mv:8753 misc:4592 imb:58 pmb:1030 smb:7072 d:- ref:0 ;
in:1104 out:1101 type:P dur:2 cpbdur:2 q:28.99 aq:22.50 tex:513831 mv:59540 misc:5029 imb:2045 pmb:4339 smb:1776 d:- ref:0 ;
in:1102 out:1102 type:B dur:2 cpbdur:2 q:29.01 aq:25.24 tex:86219 mv:34792 misc:6765 imb:259 pmb:3388 smb:4513 d:- ref:0 ;
in:1101 out:1103 type:b dur:2 cpbdur:2 q:29.02 aq:27.50 tex:44083 mv:24324 misc:6057 imb:113 pmb:2383 smb:5664 d:- ref:0 ;
in:1103 out:1104 type:b dur:2 cpbdur:2 q:29.00 aq:27.03 tex:14326 mv:13070 misc:5164 imb:68 pmb:1358 smb:6734 d:- ref:0 ;
in:1108 out:1105 type:P dur:2 cpbdur:2 q:29.00 aq:22.84 tex:391127 mv:52225 misc:5488 imb:1601 pmb:4249 smb:2310 d:- ref:0 ;
in:1106 out:1106 type:B dur:2 cpbdur:2 q:28.99 aq:24.87 tex:76842 mv:34609 misc:7045 imb:262 pmb:3041 smb:4857 d:- ref:0 ;
in:1105 out:1107 type:b dur:2 cpbdur:2 q:28.99 aq:27.24 tex:18263 mv:16581 misc:5876 imb:91 pmb:1785 smb:6284 d:- ref:0 ;
in:1107 out:1108 type:b dur:2 cpbdur:2 q:28.99 aq:27.28 tex:23757 mv:15521 misc:5682 imb:87 pmb:1822 smb:6251 d:- ref:0 ;
in:1112 out:1109 type:P dur:2 cpbdur:2 q:28.99 aq:22.35 tex:444411 mv:61100 misc:4305 imb:2340 pmb:4684 smb:1136 d:- ref:0 ;
in:1110 out:1110 type:B dur:2 cpbdur:2 q:28.99 aq:24.42 tex:84673 mv:40062 misc:7721 imb:422 pmb:3970 smb:3768 d:- ref:0 ;
in:1109 out:1111 type:b dur:2 cpbdur:2 q:28.99 aq:26.62 tex:21449 mv:14294 misc:5713 imb:92 pmb:1588 smb:6480 d:- ref:0 ;
in:1111 out:1112 type:b dur:2 cpbdur:2 q:28.99 aq:26.50 tex:20495 mv:15731 misc:5998 imb:95 pmb:1853 smb:6212 d:- ref:0 ;
in:1116 out:1113 type:P dur:2 cpbdur:2 q:28.97 aq:22.65 tex:368006 mv:53659 misc:5519 imb:1572 pmb:4535 smb:2053 d:- ref:0 ;
in:1114 out:1114 type:B dur:2 cpbdur:2 q:28.98 aq:25.01 tex:61544 mv:31404 misc:7292 imb:226 pmb:2935 smb:4999 d:- ref:0 ;
in:1113 out:1115 type:b dur:2 cpbdur:2 q:28.98 aq:26.55 tex:11736 mv:8728 misc:4536 imb:59 pmb:1005 smb:7096 d:- ref:0 ;
in:1115 out:1116 type:b dur:2 cpbdur:2 q:28.98 aq:27.09 tex:20174 mv:16642 misc:5736 imb:99 pmb:1640 smb:6421 d:- ref:0 ;
in:1120 out:1117 type:P dur:2 cpbdur:2 q:28.95 aq:22.34 tex:422556 mv:56280 misc:5244 imb:1726 pmb:4542 smb:1892 d:- ref:0 ;
in:1118 out:1118 type:B dur:2 cpbdur:2 q:28.96 aq:25.19 tex:69397 mv:33046 misc:7197 imb:231 pmb:3011 smb:4918 d:- ref:0 ;
in:1117 out:1119 type:b dur:2 cpbdur:2 q:28.97 aq:26.99 tex:18773 mv:14212 misc:5455 imb:69 pmb:1512 smb:6579 d:- ref:0 ;
in:1119 out:1120 type:b dur:2 cpbdur:2 q:28.95 aq:26.63 tex:18633 mv:16505 misc:5934 imb:98 pmb:1858 smb:6204 d:- ref:0 ;
in:1124 out:1121 type:P dur:2 cpbdur:2 q:28.93 aq:22.58 tex:412385 mv:55020 misc:5371 imb:1765 pmb:4456 smb:1939 d:- ref:0 ;
in:1122 out:1122 type:B dur:2 cpbdur:2 q:28.94 aq:25.23 tex:60715 mv:31202 misc:7019 imb:198 pmb:2850 smb:5112 d:- ref:0 ;
in:1121 out:1123 type:b dur:2 cpbdur:2 q:28.94 aq:27.04 tex:17887 mv:13162 misc:5159 imb:85 pmb:1370 smb:6705 d:- ref:0 ;
in:1123 out:1124 type:b dur:2 cpbdur:2 q:28.94 aq:27.28 tex:26289 mv:16113 misc:5550 imb:83 pmb:1673 smb:6404 d:- ref:0 ;
in:1128 out:1125 type:P dur:2 cpbdur:2 q:28.91 aq:22.71 tex:378516 mv:53783 misc:5333 imb:1602 pmb:4561 smb:1997 d:- ref:0 ;
in:1126 out:1126 type:B dur:2 cpbdur:2 q:28.92 aq:25.71 tex:61509 mv:27493 misc:6798 imb:173 pmb:2634 smb:5353 d:- ref:0 ;
in:1125 out:1127 type:b dur:2 cpbdur:2 q:28.93 aq:26.92 tex:12589 mv:8764 misc:4383 imb:61 pmb:972 smb:7127 d:- ref:0 ;
in:1127 out:1128 type:b dur:2 cpbdur:2 q:28.92 aq:26.59 tex:18901 mv:16637 misc:5710 imb:87 pmb:1791 smb:6282 d:- ref:0 ;
in:1132 out:1129 type:P dur:2 cpbdur:2 q:28.88 aq:22.52 tex:441591 mv:56577 misc:5352 imb:1821 pmb:4462 smb:1877 d:- ref:0 ;
in:1130 out:1130 type:B dur:2 cpbdur:2 q:28.90 aq:25.18 tex:74140 mv:33999 misc:7085 imb:248 pmb:3079 smb:4833 d:- ref:0 ;
in:1129 out:1131 type:b dur:2 cpbdur:2 q:28.90 aq:26.49 tex:25065 mv:18637 misc:5970 imb:116 pmb:1795 smb:6249 d:- ref:0 ;
in:1131 out:1132 type:b dur:2 cpbdur:2 q:28.89 aq:26.93 tex:16437 mv:12887 misc:5260 imb:57 pmb:1423 smb:6680 d:- ref:0 ;
in:1136 out:1133 type:P dur:2 cpbdur:2 q:28.87 aq:22.70 tex:356841 mv:51689 misc:5550 imb:1560 pmb:4441 smb:2159 d:- ref:0 ;
in:1134 out:1134 type:B dur:2 cpbdur:2 q:28.88 aq:25.14 tex:58481 mv:31421 misc:7098 imb:233 pmb:2888 smb:5039 d:- ref:0 ;
in:1133 out:1135 type:b dur:2 cpbdur:2 q:28.88 aq:27.60 tex:21563 mv:16213 misc:5512 imb:74 pmb:1613 smb:6473 d:- ref:0 ;
in:1135 out:1136 type:b dur:2 cpbdur:2 q:28.88 aq:27.40 tex:17896 mv:12151 misc:5201 imb:68 pmb:1373 smb:6719 d:- ref:0 ;
in:1140 out:1137 type:P dur:2 cpbdur:2 q:28.85 aq:22.34 tex:538219 mv:64907 misc:3250 imb:2963 pmb:4491 smb:706 d:- ref:0 ;
in:1138 out:1138 type:B dur:2 cpbdur:2 q:28.86 aq:24.80 tex:86587 mv:37310 misc:7239 imb:236 pmb:3465 smb:4459 d:- ref:0 ;
in:1137 out:1139 type:b dur:2 cpbdur:2 q:28.87 aq:27.27 tex:25910 mv:17348 misc:5830 imb:85 pmb:1908 smb:6167 d:- ref:0 ;
in:1139 out:1140 type:b dur:2 cpbdur:2 q:28.85 aq:25.96 tex:28588 mv:12645 misc:5831 imb:88 pmb:1697 smb:6375 d:- ref:0 ;
in:1144 out:1141 type:P dur:2 cpbdur:2 q:28.85 aq:22.35 tex:386268 mv:54738 misc:5386 imb:1638 pmb:4617 smb:1905 d:- ref:0 ;
in:1142 out:1142 type:B dur:2 cpbdur:2 q:28.85 aq:24.95 tex:70227 mv:32984 misc:7293 imb:241 pmb:3125 smb:4794 d:- ref:0 ;
in:1141 out:1143 type:b dur:2 cpbdur:2 q:28.85 aq:27.22 tex:18732 mv:16788 misc:5864 imb:82 pmb:1878 smb:6200 d:- ref:0 ;
in:1143 out:1144 type:b dur:2 cpbdur:2 q:28.85 aq:26.47 tex:16258 mv:12988 misc:5338 imb:66 pmb:1412 smb:6682 d:- ref:0 ;
in:1148 out:1145 type:P dur:2 cpbdur:2 q:28.82 aq:22.43 tex:400690 mv:54134 misc:5536 imb:1519 pmb:4548 smb:2093 d:- ref:0 ;
in:1146 out:1146 type:B dur:2 cpbdur:2 q:28.84 aq:24.84 tex:73095 mv:31638 misc:6875 imb:181 pmb:2937 smb:5042 d:- ref:0 ;
in:1145 out:1147 type:b dur:2 cpbdur:2 q:28.84 aq:26.97 tex:19092 mv:16986 misc:5754 imb:70 pmb:1844 smb:6246 d:- ref:0 ;
in:1147 out:1148 type:b dur:2 cpbdur:2 q:28.83 aq:27.26 tex:19357 mv:13537 misc:5418 imb:82 pmb:1516 smb:6562 d:- ref:0 ;
in:1152 out:1149 type:P dur:2 cpbdur:2 q:28.80 aq:22.19 tex:454701 mv:58390 misc:5173 imb:1871 pmb:4524 smb:1765 d:- ref:0 ;
in:1150 out:1150 type:B dur:2 cpbdur:2 q:28.81 aq:24.88 tex:85041 mv:37153 misc:6878 imb:237 pmb:3261 smb:4662 d:- ref:0 ;
in:1149 out:1151 type:b dur:2 cpbdur:2 q:28.82 aq:27.13 tex:29542 mv:18669 misc:5637 imb:90 pmb:1854 smb:6216 d:- ref:0 ;
in:1151 out:1152 type:b dur:2 cpbdur:2 q:28.81 aq:27.44 tex:21034 mv:16076 misc:5690 imb:68 pmb:1798 smb:6294 d:- ref:0 ;
in:1156 out:1153 type:P dur:2 cpbdur:2 q:28.81 aq:22.43 tex:374860 mv:53859 misc:5393 imb:1521 pmb:4631 smb:2008 d:- ref:0 ;
in:1154 out:1154 type:B dur:2 cpbdur:2 q:28.80 aq:25.13 tex:70086 mv:31033 misc:6969 imb:177 pmb:2939 smb:5044 d:- ref:0 ;
in:1153 out:1155 type:b dur:2 cpbdur:2 q:28.80 aq:26.69 tex:12628 mv:8973 misc:4639 imb:64 pmb:1028 smb:7068 d:- ref:0 ;
in:1155 out:1156 type:b dur:2 cpbdur:2 q:28.80 aq:26.76 tex:22591 mv:15941 misc:5476 imb:86 pmb:1632 smb:6442 d:- ref:0 ;
in:1160 out:1157 type:P dur:2 cpbdur:2 q:28.78 aq:22.26 tex:450529 mv:55856 misc:5423 imb:1699 pmb:4500 smb:1961 d:- ref:0 ;
in:1158 out:1158 type:B dur:2 cpbdur:2 q:28.79 aq:25.06 tex:71771 mv:31509 misc:6816 imb:201 pmb:2873 smb:5086 d:- ref:0 ;
in:1157 out:1159 type:b dur:2 cpbdur:2 q:28.80 aq:26.73 tex:20667 mv:14899 misc:5474 imb:86 pmb:1602 smb:6472 d:- ref:0 ;
in:1159 out:1160 type:b dur:2 cpbdur:2 q:28.78 aq:26.67 tex:17965 mv:17588 misc:5807 imb:70 pmb:1879 smb:6211 d:- ref:0 ;
in:1164 out:1161 type:P dur:2 cpbdur:2 q:28.78 aq:22.59 tex:380942 mv:54213 misc:5525 imb:1630 pmb:4511 smb:2019 d:- ref:0 ;
in:1162 out:1162 type:B dur:2 cpbdur:2 q:28.78 aq:24.95 tex:64076 mv:32144 misc:7100 imb:204 pmb:2958 smb:4998 d:- ref:0 ;
in:1161 out:1163 type:b dur:2 cpbdur:2 q:28.78 aq:27.05 tex:18518 mv:13326 misc:5252 imb:68 pmb:1397 smb:6695 d:- ref:0 ;
in:1163 out:1164 type:b dur:2 cpbdur:2 q:28.78 aq:27.50 tex:26617 mv:16796 misc:5475 imb:93 pmb:1641 smb:6426 d:- ref:0 ;
in:1168 out:1165 type:P dur:2 cpbdur:2 q:28.76 aq:22.97 tex:402729 mv:51348 misc:5683 imb:1502 pmb:4301 smb:2357 d:- ref:0 ;
in:1166 out:1166 type:B dur:2 cpbdur:2 q:28.77 aq:24.98 tex:69709 mv:31415 misc:7124 imb:208 pmb:2981 smb:4971 d:- ref:0 ;
in:1165 out:1167 type:b dur:2 cpbdur:2 q:28.77 aq:25.95 tex:14108 mv:9465 misc:4675 imb:59 pmb:1106 smb:6995 d:- ref:0 ;
in:1167 out:1168 type:b dur:2 cpbdur:2 q:28.76 aq:26.17 tex:21304 mv:17124 misc:6004 imb:103 pmb:1953 smb:6104 d:- ref:0 ;
in:1172 out:1169 type:P dur:2 cpbdur:2 q:28.74 aq:22.94 tex:400293 mv:60443 misc:4264 imb:2582 pmb:4410 smb:1168 d:- ref:0 ;
in:1170 out:1170 type:B dur:2 cpbdur:2 q:28.75 aq:24.49 tex:101621 mv:42426 misc:7433 imb:507 pmb:4131 smb:3522 d:- ref:0 ;
in:1169 out:1171 type:b dur:2 cpbdur:2 q:28.75 aq:24.90 tex:28101 mv:19534 misc:6277 imb:131 pmb:1987 smb:6042 d:- ref:0 ;
in:1171 out:1172 type:b dur:2 cpbdur:2 q:28.74 aq:25.59 tex:20260 mv:15316 misc:6112 imb:121 pmb:1715 smb:6324 d:- ref:0 ;
in:1176 out:1173 type:P dur:2 cpbdur:2 q:28.72 aq:23.17 tex:405953 mv:63103 misc:3832 imb:3076 pmb:4173 smb:911 d:- ref:0 w:7,119,3 ;
in:1174 out:1174 type:B dur:2 cpbdur:2 q:28.73 aq:24.32 tex:97625 mv:41152 misc:7399 imb:381 pmb:3675 smb:4104 d:- ref:0 ;
in:1173 out:1175 type:b dur:2 cpbdur:2 q:28.73 aq:25.79 tex:28630 mv:19871 misc:6627 imb:154 pmb:2060 smb:5946 d:- ref:0 ;
in:1175 out:1176 type:b dur:2 cpbdur:2 q:28.72 aq:26.02 tex:30620 mv:18401 misc:6579 imb:110 pmb:2315 smb:5735 d:- ref:0 ;
in:1177 out:1177 type:P dur:2 cpbdur:2 q:28.69 aq:23.19 tex:244772 mv:36970 misc:5714 imb:1083 pmb:4073 smb:3004 d:- ref:0 ;
in:1181 out:1178 type:P dur:2 cpbdur:2 q:28.69 aq:22.87 tex:497350 mv:66822 misc:3204 imb:3439 pmb:4061 smb:660 d:- ref:0 w:7,121,2,6,63,2,64,0 ;
in:1179 out:1179 type:B dur:2 cpbdur:2 q:28.69 aq:24.12 tex:135199 mv:48188 misc:7141 imb:510 pmb:4041 smb:3609 d:- ref:0 ;
in:1178 out:1180 type:b dur:2 cpbdur:2 q:28.69 aq:25.23 tex:28666 mv:21657 misc:6765 imb:152 pmb:2572 smb:5436 d:- ref:0 ;
in:1180 out:1181 type:b dur:2 cpbdur:2 q:28.69 aq:25.41 tex:35736 mv:23234 misc:7006 imb:185 pmb:2620 smb:5355 d:- ref:0 ;
in:1184 out:1182 type:P dur:2 cpbdur:2 q:28.69 aq:23.14 tex:360525 mv:59255 misc:4292 imb:2540 pmb:4357 smb:1263 d:- ref:0 w:5,31,1 ;
in:1182 out:1183 type:B dur:2 cpbdur:2 q:28.69 aq:24.53 tex:41288 mv:22516 misc:6908 imb:198 pmb:2409 smb:5553 d:- ref:0 ;
in:1183 out:1184 type:b dur:2 cpbdur:2 q:28.69 aq:25.23 tex:27879 mv:20391 misc:6922 imb:159 pmb:2248 smb:5753 d:- ref:0 ;
in:1185 out:1185 type:P dur:2 cpbdur:2 q:28.70 aq:22.80 tex:307154 mv:44479 misc:5687 imb:1415 pmb:4125 smb:2620 d:- ref:0 ;
in:1188 out:1186 type:P dur:2 cpbdur:2 q:28.71 aq:22.96 tex:407241 mv:63311 misc:3432 imb:3026 pmb:4318 smb:816 d:- ref:0 ;
in:1186 out:1187 type:B dur:2 cpbdur:2 q:28.70 aq:24.49 tex:46128 mv:25404 misc:7204 imb:263 pmb:2607 smb:5290 d:- ref:0 ;
in:1187 out:1188 type:b dur:2 cpbdur:2 q:28.70 aq:25.28 tex:35584 mv:22052 misc:6940 imb:178 pmb:2364 smb:5618 d:- ref:0 ;
in:1190 out:1189 type:P dur:2 cpbdur:2 q:28.72 aq:23.05 tex:347892 mv:57543 misc:4333 imb:2377 pmb:4449 smb:1334 d:- ref:0 ;
in:1189 out:1190 type:b dur:2 cpbdur:2 q:28.71 aq:25.08 tex:35725 mv:24311 misc:7028 imb:196 pmb:2499 smb:5465 d:- ref:0 ;
in:1191 out:1191 type:P dur:2 cpbdur:2 q:28.70 aq:23.27 tex:228471 mv:40690 misc:5903 imb:1375 pmb:4115 smb:2670 d:- ref:0 ;
in:1192 out:1192 type:P dur:2 cpbdur:2 q:28.72 aq:22.72 tex:315625 mv:50287 misc:5384 imb:1894 pmb:4225 smb:2041 d:- ref:0 ;
in:1194 out:1193 type:P dur:2 cpbdur:2 q:28.75 aq:23.09 tex:295389 mv:52664 misc:4763 imb:2226 pmb:4314 smb:1620 d:- ref:0 ;
in:1193 out:1194 type:b dur:2 cpbdur:2 q:28.74 aq:24.09 tex:19269 mv:16427 misc:6488 imb:151 pmb:1894 smb:6115 d:- ref:0 ;
in:1195 out:1195 type:P dur:2 cpbdur:2 q:28.75 aq:22.91 tex:272398 mv:44110 misc:5612 imb:1571 pmb:4027 smb:2562 d:- ref:0 ;
in:1196 out:1196 type:P dur:2 cpbdur:2 q:28.75 aq:22.83 tex:194377 mv:38092 misc:5931 imb:1361 pmb:3977 smb:2822 d:- ref:0 ;
in:1200 out:1197 type:P dur:2 cpbdur:2 q:28.77 aq:22.56 tex:525350 mv:67460 misc:982 imb:4972 pmb:3137 smb:51 d:- ref:0 ;
in:1198 out:1198 type:B dur:2 cpbdur:2 q:28.76 aq:23.15 tex:160951 mv:58363 misc:6686 imb:768 pmb:4993 smb:2399 d:- ref:0 ;
in:1197 out:1199 type:b dur:2 cpbdur:2 q:28.76 aq:24.77 tex:53203 mv:28839 misc:7150 imb:230 pmb:2910 smb:5020 d:- ref:0 ;
in:1199 out:1200 type:b dur:2 cpbdur:2 q:28.77 aq:24.04 tex:54319 mv:33904 misc:7905 imb:408 pmb:4022 smb:3730 d:- ref:0 ;
in:1204 out:1201 type:P dur:2 cpbdur:2 q:28.80 aq:22.51 tex:430189 mv:67288 misc:3163 imb:3946 pmb:3527 smb:687 d:- ref:0 ;
in:1202 out:1202 type:B dur:2 cpbdur:2 q:28.79 aq:23.19 tex:124274 mv:48195 misc:7315 imb:526 pmb:3983 smb:3651 d:- ref:0 ;
in:1201 out:1203 type:b dur:2 cpbdur:2 q:28.78 aq:24.56 tex:39714 mv:25003 misc:6931 imb:197 pmb:2435 smb:5528 d:- ref:0 ;
in:1203 out:1204 type:b dur:2 cpbdur:2 q:28.79 aq:24.18 tex:26969 mv:22021 misc:7282 imb:238 pmb:2613 smb:5309 d:- ref:0 ;
in:1206 out:1205 type:P dur:2 cpbdur:2 q:28.80 aq:22.24 tex:330503 mv:58622 misc:4603 imb:2648 pmb:4064 smb:1448 d:- ref:0 ;
in:1205 out:1206 type:b dur:2 cpbdur:2 q:28.80 aq:24.09 tex:37152 mv:25201 misc:6975 imb:285 pmb:2418 smb:5457 d:- ref:0 ;
in:1210 out:1207 type:P dur:2 cpbdur:2 q:28.83 aq:22.04 tex:404097 mv:66842 misc:2629 imb:4228 pmb:3397 smb:535 d:- ref:0 ;
in:1208 out:1208 type:B dur:2 cpbdur:2 q:28.82 aq:22.87 tex:100146 mv:49839 misc:7319 imb:696 pmb:3890 smb:3574 d:- ref:0 ;
in:1207 out:1209 type:b dur:2 cpbdur:2 q:28.81 aq:23.69 tex:22319 mv:25818 misc:7487 imb:306 pmb:2629 smb:5225 d:- ref:0 ;
in:1209 out:1210 type:b dur:2 cpbdur:2 q:28.82 aq:23.58 tex:33953 mv:26403 misc:7180 imb:347 pmb:2439 smb:5374 d:- ref:0 ;
in:1214 out:1211 type:P dur:2 cpbdur:2 q:28.84 aq:21.89 tex:338805 mv:67491 misc:2280 imb:4187 pmb:3568 smb:405 d:- ref:0 ;
in:1212 out:1212 type:B dur:2 cpbdur:2 q:28.84 aq:22.52 tex:62563 mv:39061 misc:7712 imb:775 pmb:3452 smb:3933 d:- ref:0 ;
in:1211 out:1213 type:b dur:2 cpbdur:2 q:28.84 aq:22.95 tex:20859 mv:23195 misc:7466 imb:289 pmb:2642 smb:5229 d:- ref:0 ;
in:1213 out:1214 type:b dur:2 cpbdur:2 q:28.84 aq:22.49 tex:21674 mv:21616 misc:7654 imb:433 pmb:2668 smb:5059 d:- ref:0 ;
in:1218 out:1215 type:P dur:2 cpbdur:2 q:28.85 aq:21.29 tex:369637 mv:63942 misc:4269 imb:3166 pmb:3887 smb:1107 d:- ref:0 ;
in:1216 out:1216 type:B dur:2 cpbdur:2 q:28.85 aq:23.02 tex:69921 mv:39007 misc:7552 imb:397 pmb:3880 smb:3883 d:- ref:0 ;
in:1215 out:1217 type:b dur:2 cpbdur:2 q:28.85 aq:24.13 tex:42879 mv:26519 misc:6930 imb:175 pmb:2596 smb:5389 d:- ref:0 ;
in:1217 out:1218 type:b dur:2 cpbdur:2 q:28.85 aq:23.19 tex:10017 mv:12463 misc:6464 imb:116 pmb:1841 smb:6203 d:- ref:0 ;
in:1222 out:1219 type:P dur:2 cpbdur:2 q:28.85 aq:21.86 tex:256662 mv:53235 misc:5615 imb:1997 pmb:3847 smb:2316 d:- ref:0 ;
in:1220 out:1220 type:B dur:2 cpbdur:2 q:28.85 aq:23.08 tex:69901 mv:35329 misc:7274 imb:277 pmb:3292 smb:4591 d:- ref:0 ;
in:1219 out:1221 type:b dur:2 cpbdur:2 q:28.85 aq:25.09 tex:30737 mv:19883 misc:6084 imb:109 pmb:1972 smb:6079 d:- ref:0 ;
in:1221 out:1222 type:b dur:2 cpbdur:2 q:28.85 aq:23.83 tex:9717 mv:8649 misc:5874 imb:87 pmb:1539 smb:6534 d:- ref:0 ;
in:1226 out:1223 type:P dur:2 cpbdur:2 q:28.85 aq:21.90 tex:282334 mv:54965 misc:5565 imb:2120 pmb:3711 smb:2329 d:- ref:0 ;
in:1224 out:1224 type:B dur:2 cpbdur:2 q:28.85 aq:23.39 tex:80188 mv:35747 misc:6873 imb:255 pmb:3341 smb:4564 d:- ref:0 ;
in:1223 out:1225 type:b dur:2 cpbdur:2 q:28.85 aq:24.88 tex:30338 mv:20318 misc:6032 imb:140 pmb:1852 smb:6168 d:- ref:0 ;
in:1225 out:1226 type:b dur:2 cpbdur:2 q:28.85 aq:23.72 tex:10365 mv:9143 misc:5884 imb:95 pmb:1587 smb:6478 d:- ref:0 ;
in:1230 out:1227 type:P dur:2 cpbdur:2 q:28.83 aq:21.72 tex:362375 mv:60499 misc:3678 imb:3673 pmb:3647 smb:840 d:- ref:0 ;
in:1228 out:1228 type:B dur:2 cpbdur:2 q:28.84 aq:22.35 tex:110994 mv:45628 misc:7162 imb:407 pmb:4384 smb:3369 d:- ref:0 ;
in:1227 out:1229 type:b dur:2 cpbdur:2 q:28.85 aq:23.17 tex:10020 mv:10237 misc:6255 imb:138 pmb:1637 smb:6385 d:- ref:0 ;
in:1229 out:1230 type:b dur:2 cpbdur:2 q:28.84 aq:23.61 tex:40679 mv:25427 misc:7470 imb:182 pmb:3152 smb:4826 d:- ref:0 ;
in:1234 out:1231 type:P dur:2 cpbdur:2 q:28.80 aq:21.66 tex:291691 mv:55242 misc:5691 imb:2368 pmb:3663 smb:2129 d:- ref:0 ;
in:1232 out:1232 type:B dur:2 cpbdur:2 q:28.82 aq:22.70 tex:84915 mv:38751 misc:7190 imb:309 pmb:3452 smb:4399 d:- ref:0 ;
in:1231 out:1233 type:b dur:2 cpbdur:2 q:28.82 aq:23.16 tex:11726 mv:11535 misc:6547 imb:158 pmb:1801 smb:6201 d:- ref:0 ;
in:1233 out:1234 type:b dur:2 cpbdur:2 q:28.81 aq:24.36 tex:33614 mv:22806 misc:6556 imb:139 pmb:2257 smb:5764 d:- ref:0 ;
in:1238 out:1235 type:P dur:2 cpbdur:2 q:28.78 aq:21.70 tex:325075 mv:55748 misc:5577 imb:2430 pmb:3606 smb:2124 d:- ref:0 ;
in:1236 out:1236 type:B dur:2 cpbdur:2 q:28.79 aq:23.46 tex:75199 mv:36890 misc:7327 imb:260 pmb:3373 smb:4527 d:- ref:0 ;
in:1235 out:1237 type:b dur:2 cpbdur:2 q:28.80 aq:24.02 tex:12691 mv:15337 misc:6620 imb:108 pmb:2032 smb:6020 d:- ref:0 ;
in:1237 out:1238 type:b dur:2 cpbdur:2 q:28.78 aq:24.27 tex:30656 mv:21739 misc:6621 imb:142 pmb:2151 smb:5867 d:- ref:0 ;
in:1242 out:1239 type:P dur:2 cpbdur:2 q:28.74 aq:21.79 tex:304591 mv:54911 misc:5690 imb:2149 pmb:3781 smb:2230 d:- ref:0 ;
in:1240 out:1240 type:B dur:2 cpbdur:2 q:28.76 aq:23.57 tex:59139 mv:35166 misc:7431 imb:241 pmb:3297 smb:4622 d:- ref:0 ;
in:1239 out:1241 type:b dur:2 cpbdur:2 q:28.77 aq:23.91 tex:13572 mv:16336 misc:6764 imb:126 pmb:2073 smb:5961 d:- ref:0 ;
in:1241 out:1242 type:b dur:2 cpbdur:2 q:28.75 aq:24.43 tex:41281 mv:21913 misc:6494 imb:154 pmb:2255 smb:5751 d:- ref:0 ;
in:1246 out:1243 type:P dur:2 cpbdur:2 q:28.71 aq:22.04 tex:223862 mv:50473 misc:5913 imb:1884 pmb:3807 smb:2469 d:- ref:0 ;
in:1244 out:1244 type:B dur:2 cpbdur:2 q:28.73 aq:23.52 tex:45347 mv:26688 misc:7221 imb:223 pmb:2746 smb:5191 d:- ref:0 ;
in:1243 out:1245 type:b dur:2 cpbdur:2 q:28.73 aq:23.34 tex:12936 mv:15442 misc:6550 imb:102 pmb:2007 smb:6051 d:- ref:0 ;
in:1245 out:1246 type:b dur:2 cpbdur:2 q:28.72 aq:23.64 tex:11261 mv:11538 misc:6409 imb:112 pmb:1778 smb:6270 d:- ref:0 ;
in:1250 out:1247 type:P dur:2 cpbdur:2 q:28.67 aq:21.98 tex:301570 mv:54701 misc:5561 imb:2455 pmb:3521 smb:2184 d:- ref:0 ;
in:1248 out:1248 type:B dur:2 cpbdur:2 q:28.69 aq:23.30 tex:73851 mv:38047 misc:7310 imb:285 pmb:3517 smb:4358 d:- ref:0 ;
in:1247 out:1249 type:b dur:2 cpbdur:2 q:28.70 aq:24.62 tex:42721 mv:24193 misc:6558 imb:181 pmb:2321 smb:5658 d:- ref:0 ;
in:1249 out:1250 type:b dur:2 cpbdur:2 q:28.68 aq:23.07 tex:12087 mv:12778 misc:6687 imb:107 pmb:2010 smb:6043 d:- ref:0 ;
in:1254 out:1251 type:P dur:2 cpbdur:2 q:28.64 aq:21.90 tex:279536 mv:53659 misc:5685 imb:2290 pmb:3678 smb:2192 d:- ref:0 ;
in:1252 out:1252 type:B dur:2 cpbdur:2 q:28.66 aq:23.00 tex:95182 mv:34782 misc:7172 imb:250 pmb:3696 smb:4214 d:- ref:0 ;
in:1251 out:1253 type:b dur:2 cpbdur:2 q:28.67 aq:24.20 tex:35368 mv:20787 misc:6541 imb:131 pmb:2176 smb:5853 d:- ref:0 ;
in:1253 out:1254 type:b dur:2 cpbdur:2 q:28.65 aq:23.97 tex:18323 mv:11136 misc:6613 imb:112 pmb:2003 smb:6045 d:- ref:0 ;
in:1258 out:1255 type:P dur:2 cpbdur:2 q:28.59 aq:22.02 tex:273977 mv:53753 misc:5726 imb:2280 pmb:3540 smb:2340 d:- ref:0 ;
in:1256 out:1256 type:B dur:2 cpbdur:2 q:28.61 aq:22.71 tex:87274 mv:36726 misc:7176 imb:281 pmb:3632 smb:4247 d:- ref:0 ;
in:1255 out:1257 type:b dur:2 cpbdur:2 q:28.63 aq:24.00 tex:39492 mv:22584 misc:6540 imb:155 pmb:2283 smb:5722 d:- ref:0 ;
in:1257 out:1258 type:b dur:2 cpbdur:2 q:28.60 aq:23.77 tex:15165 mv:12198 misc:6685 imb:130 pmb:1990 smb:6040 d:- ref:0 ;
in:1262 out:1259 type:P dur:2 cpbdur:2 q:28.55 aq:21.32 tex:336392 mv:61630 misc:3874 imb:3442 pmb:3700 smb:1018 d:- ref:0 ;
in:1260 out:1260 type:B dur:2 cpbdur:2 q:28.57 aq:22.58 tex:100255 mv:42236 misc:7485 imb:473 pmb:4496 smb:3191 d:- ref:0 ;
in:1259 out:1261 type:b dur:2 cpbdur:2 q:28.58 aq:22.64 tex:19971 mv:15182 misc:7319 imb:151 pmb:2544 smb:5465 d:- ref:0 ;
in:1261 out:1262 type:b dur:2 cpbdur:2 q:28.56 aq:23.82 tex:45450 mv:25669 misc:7057 imb:200 pmb:2673 smb:5287 d:- ref:0 ;
in:1266 out:1263 type:P dur:2 cpbdur:2 q:28.51 aq:21.55 tex:280854 mv:55968 misc:5410 imb:2341 pmb:3781 smb:2038 d:- ref:0 ;
in:1264 out:1264 type:B dur:2 cpbdur:2 q:28.53 aq:22.75 tex:124685 mv:39948 misc:7215 imb:258 pmb:3761 smb:4141 d:- ref:0 ;
in:1263 out:1265 type:b dur:2 cpbdur:2 q:28.54 aq:23.14 tex:15865 mv:12407 misc:6968 imb:122 pmb:2122 smb:5916 d:- ref:0 ;
in:1265 out:1266 type:b dur:2 cpbdur:2 q:28.52 aq:24.46 tex:36391 mv:22355 misc:6478 imb:159 pmb:2253 smb:5748 d:- ref:0 ;
in:1270 out:1267 type:P dur:2 cpbdur:2 q:28.48 aq:21.44 tex:290586 mv:56435 misc:5459 imb:2426 pmb:3677 smb:2057 d:- ref:0 ;
in:1268 out:1268 type:B dur:2 cpbdur:2 q:28.49 aq:22.76 tex:68047 mv:35803 misc:7302 imb:229 pmb:3424 smb:4507 d:- ref:0 ;
in:1267 out:1269 type:b dur:2 cpbdur:2 q:28.50 aq:23.36 tex:15194 mv:15592 misc:6718 imb:118 pmb:2047 smb:5995 d:- ref:0 ;
in:1269 out:1270 type:b dur:2 cpbdur:2 q:28.49 aq:24.11 tex:53411 mv:24570 misc:6643 imb:149 pmb:2526 smb:5485 d:- ref:0 ;
in:1274 out:1271 type:P dur:2 cpbdur:2 q:28.46 aq:21.61 tex:255076 mv:52372 misc:5704 imb:1988 pmb:3839 smb:2333 d:- ref:0 ;
in:1272 out:1272 type:B dur:2 cpbdur:2 q:28.47 aq:22.92 tex:60799 mv:29275 misc:7294 imb:243 pmb:2985 smb:4932 d:- ref:0 ;
in:1271 out:1273 type:b dur:2 cpbdur:2 q:28.47 aq:23.06 tex:14147 mv:15845 misc:6680 imb:93 pmb:2105 smb:5962 d:- ref:0 ;
in:1273 out:1274 type:b dur:2 cpbdur:2 q:28.46 aq:22.95 tex:14928 mv:13180 misc:6796 imb:115 pmb:2049 smb:5996 d:- ref:0 ;
in:1278 out:1275 type:P dur:2 cpbdur:2 q:28.43 aq:21.79 tex:272586 mv:55206 misc:5456 imb:2351 pmb:3661 smb:2148 d:- ref:0 ;
in:1276 out:1276 type:B dur:2 cpbdur:2 q:28.44 aq:22.78 tex:88354 mv:38579 misc:7171 imb:310 pmb:3583 smb:4267 d:- ref:0 ;
in:1275 out:1277 type:b dur:2 cpbdur:2 q:28.45 aq:23.96 tex:81222 mv:26887 misc:6483 imb:167 pmb:2725 smb:5268 d:- ref:0 ;
in:1277 out:1278 type:b dur:2 cpbdur:2 q:28.43 aq:23.15 tex:14764 mv:13085 misc:6815 imb:138 pmb:2041 smb:5981 d:- ref:0 ;
in:1282 out:1279 type:P dur:2 cpbdur:2 q:28.40 aq:21.65 tex:290832 mv:56499 misc:5437 imb:2461 pmb:3619 smb:2080 d:- ref:0 ;
in:1280 out:1280 type:B dur:2 cpbdur:2 q:28.41 aq:23.02 tex:92699 mv:37395 misc:7082 imb:319 pmb:3622 smb:4219 d:- ref:0 ;
in:1279 out:1281 type:b dur:2 cpbdur:2 q:28.42 aq:23.64 tex:46161 mv:25651 misc:6628 imb:195 pmb:2416 smb:5549 d:- ref:0 ;
in:1281 out:1282 type:b dur:2 cpbdur:2 q:28.41 aq:22.73 tex:15047 mv:15071 misc:6970 imb:122 pmb:2210 smb:5828 d:- ref:0 ;
in:1286 out:1283 type:P dur:2 cpbdur:2 q:28.36 aq:21.92 tex:321551 mv:56598 misc:5363 imb:2442 pmb:3702 smb:2016 d:- ref:0 ;
in:1284 out:1284 type:B dur:2 cpbdur:2 q:28.38 aq:22.55 tex:107376 mv:42532 misc:7036 imb:355 pmb:3757 smb:4048 d:- ref:0 ;
in:1283 out:1285 type:b dur:2 cpbdur:2 q:28.39 aq:23.88 tex:53881 mv:27980 misc:6635 imb:211 pmb:2639 smb:5310 d:- ref:0 ;
in:1285 out:1286 type:b dur:2 cpbdur:2 q:28.37 aq:23.22 tex:19468 mv:12662 misc:6814 imb:141 pmb:2079 smb:5940 d:- ref:0 ;
in:1287 out:1287 type:I dur:2 cpbdur:2 q:25.60 aq:19.24 tex:507724 mv:155046 misc:422 imb:8160 pmb:0 smb:0 d:- ref:;
in:1291 out:1288 type:P dur:2 cpbdur:2 q:28.39 aq:21.21 tex:319091 mv:59917 misc:4408 imb:3095 pmb:3804 smb:1261 d:- ref:0 ;
in:1289 out:1289 type:B dur:2 cpbdur:2 q:28.39 aq:23.33 tex:76848 mv:37715 misc:7149 imb:302 pmb:3513 smb:4345 d:- ref:0 ;
in:1288 out:1290 type:b dur:2 cpbdur:2 q:28.39 aq:23.53 tex:18156 mv:13480 misc:6772 imb:107 pmb:2121 smb:5932 d:- ref:0 ;
in:1290 out:1291 type:b dur:2 cpbdur:2 q:28.39 aq:22.79 tex:62894 mv:31483 misc:7479 imb:386 pmb:3394 smb:4380 d:- ref:0 ;
in:1295 out:1292 type:P dur:2 cpbdur:2 q:28.38 aq:21.27 tex:325359 mv:57637 misc:5324 imb:2548 pmb:3597 smb:2015 d:- ref:0 ;
in:1293 out:1293 type:B dur:2 cpbdur:2 q:28.38 aq:22.63 tex:83119 mv:40957 misc:7356 imb:340 pmb:3640 smb:4180 d:- ref:0 ;
in:1292 out:1294 type:b dur:2 cpbdur:2 q:28.39 aq:23.33 tex:20644 mv:15824 misc:7060 imb:134 pmb:2378 smb:5648 d:- ref:0 ;
in:1294 out:1295 type:b dur:2 cpbdur:2 q:28.38 aq:23.83 tex:61542 mv:29693 misc:6613 imb:216 pmb:2804 smb:5140 d:- ref:0 ;
in:1299 out:1296 type:P dur:2 cpbdur:2 q:28.36 aq:21.54 tex:261574 mv:51832 misc:5786 imb:1924 pmb:3859 smb:2377 d:- ref:0 ;
in:1297 out:1297 type:B dur:2 cpbdur:2 q:28.37 aq:23.14 tex:111683 mv:32513 misc:7108 imb:235 pmb:3454 smb:4471 d:- ref:0 ;
in:1296 out:1298 type:b dur:2 cpbdur:2 q:28.37 aq:23.05 tex:22591 mv:16058 misc:6991 imb:112 pmb:2334 smb:5714 d:- ref:0 ;
in:1298 out:1299 type:b dur:2 cpbdur:2 q:28.36 aq:23.46 tex:16832 mv:13496 misc:6560 imb:122 pmb:1992 smb:6046 d:- ref:0 ;
in:1303 out:1300 type:P dur:2 cpbdur:2 q:28.33 aq:21.83 tex:312023 mv:57591 misc:5386 imb:2645 pmb:3533 smb:1982 d:- ref:0 ;
in:1301 out:1301 type:B dur:2 cpbdur:2 q:28.34 aq:22.84 tex:97059 mv:44578 misc:7043 imb:434 pmb:3666 smb:4060 d:- ref:0 ;
in:1300 out:1302 type:b dur:2 cpbdur:2 q:28.35 aq:23.87 tex:65027 mv:30888 misc:6589 imb:222 pmb:2827 smb:5111 d:- ref:0 ;
in:1302 out:1303 type:b dur:2 cpbdur:2 q:28.33 aq:23.09 tex:18801 mv:14289 misc:7166 imb:141 pmb:2307 smb:5712 d:- ref:0 ;
in:1307 out:1304 type:P dur:2 cpbdur:2 q:28.31 aq:21.59 tex:341028 mv:59514 misc:4962 imb:3006 pmb:3466 smb:1688 d:- ref:0 ;
in:1305 out:1305 type:B dur:2 cpbdur:2 q:28.32 aq:22.56 tex:120856 mv:45898 misc:7158 imb:445 pmb:4223 smb:3492 d:- ref:0 ;
in:1304 out:1306 type:b dur:2 cpbdur:2 q:28.32 aq:23.76 tex:62165 mv:31270 misc:6757 imb:244 pmb:2832 smb:5084 d:- ref:0 ;
in:1306 out:1307 type:b dur:2 cpbdur:2 q:28.32 aq:22.93 tex:18708 mv:12728 misc:6972 imb:138 pmb:2131 smb:5891 d:- ref:0 ;
in:1311 out:1308 type:P dur:2 cpbdur:2 q:28.30 aq:21.51 tex:286737 mv:56842 misc:5413 imb:2376 pmb:3686 smb:2098 d:- ref:0 ;
in:1309 out:1309 type:B dur:2 cpbdur:2 q:28.31 aq:22.04 tex:131156 mv:45394 misc:7050 imb:375 pmb:4040 smb:3745 d:- ref:0 ;
in:1308 out:1310 type:b dur:2 cpbdur:2 q:28.31 aq:24.16 tex:95106 mv:29122 misc:6468 imb:193 pmb:2969 smb:4998 d:- ref:0 ;
in:1310 out:1311 type:b dur:2 cpbdur:2 q:28.30 aq:22.69 tex:19417 mv:11570 misc:6805 imb:138 pmb:1995 smb:6027 d:- ref:0 ;
in:1315 out:1312 type:P dur:2 cpbdur:2 q:28.28 aq:21.51 tex:310738 mv:57009 misc:5397 imb:2588 pmb:3469 smb:2103 d:- ref:0 ;
in:1313 out:1313 type:B dur:2 cpbdur:2 q:28.29 aq:22.46 tex:132358 mv:43021 misc:6869 imb:327 pmb:4093 smb:3740 d:- ref:0 ;
in:1312 out:1314 type:b dur:2 cpbdur:2 q:28.29 aq:23.52 tex:58822 mv:30322 misc:6584 imb:201 pmb:2759 smb:5200 d:- ref:0 ;
in:1314 out:1315 type:b dur:2 cpbdur:2 q:28.28 aq:23.38 tex:20979 mv:12016 misc:6741 imb:104 pmb:2112 smb:5944 d:- ref:0 ;
in:1318 out:1316 type:P dur:2 cpbdur:2 q:28.25 aq:21.77 tex:287343 mv:51632 misc:5681 imb:1952 pmb:3744 smb:2464 d:- ref:0 ;
in:1316 out:1317 type:B dur:2 cpbdur:2 q:28.27 aq:22.81 tex:96045 mv:36549 misc:6590 imb:227 pmb:3299 smb:4634 d:- ref:0 ;
in:1317 out:1318 type:b dur:2 cpbdur:2 q:28.26 aq:23.38 tex:30605 mv:15475 misc:7040 imb:135 pmb:2481 smb:5544 d:- ref:0 ;
in:1322 out:1319 type:P dur:2 cpbdur:2 q:28.24 aq:21.00 tex:343012 mv:63452 misc:3792 imb:3524 pmb:3706 smb:930 d:- ref:0 ;
in:1320 out:1320 type:B dur:2 cpbdur:2 q:28.25 aq:21.87 tex:163729 mv:48627 misc:6908 imb:568 pmb:4684 smb:2908 d:- ref:0 ;
in:1319 out:1321 type:b dur:2 cpbdur:2 q:28.25 aq:23.60 tex:138138 mv:34437 misc:6833 imb:221 pmb:3694 smb:4245 d:- ref:0 ;
in:1321 out:1322 type:b dur:2 cpbdur:2 q:28.24 aq:23.15 tex:26204 mv:11682 misc:6850 imb:120 pmb:2099 smb:5941 d:- ref:0 ;
in:1326 out:1323 type:P dur:2 cpbdur:2 q:28.23 aq:21.35 tex:325092 mv:57686 misc:5294 imb:2525 pmb:3514 smb:2121 d:- ref:0 ;
in:1324 out:1324 type:B dur:2 cpbdur:2 q:28.23 aq:22.22 tex:123830 mv:46015 misc:6947 imb:306 pmb:3976 smb:3878 d:- ref:0 ;
in:1323 out:1325 type:b dur:2 cpbdur:2 q:28.24 aq:23.01 tex:16601 mv:12869 misc:6802 imb:101 pmb:2075 smb:5984 d:- ref:0 ;
in:1325 out:1326 type:b dur:2 cpbdur:2 q:28.23 aq:23.84 tex:77427 mv:30508 misc:6401 imb:130 pmb:2948 smb:5082 d:- ref:0 ;
in:1329 out:1327 type:P dur:2 cpbdur:2 q:28.23 aq:21.24 tex:298282 mv:54963 misc:5459 imb:2013 pmb:3862 smb:2285 d:- ref:0 ;
in:1327 out:1328 type:B dur:2 cpbdur:2 q:28.23 aq:22.91 tex:100982 mv:37806 misc:6444 imb:244 pmb:3377 smb:4539 d:- ref:0 ;
in:1328 out:1329 type:b dur:2 cpbdur:2 q:28.23 aq:23.40 tex:22966 mv:14749 misc:6917 imb:117 pmb:2359 smb:5684 d:- ref:0 ;
in:1333 out:1330 type:P dur:2 cpbdur:2 q:28.22 aq:21.36 tex:334906 mv:59604 misc:4954 imb:2492 pmb:3751 smb:1917 d:- ref:0 ;
in:1331 out:1331 type:B dur:2 cpbdur:2 q:28.23 aq:22.48 tex:216412 mv:48198 misc:6558 imb:337 pmb:4185 smb:3638 d:- ref:0 ;
in:1330 out:1332 type:b dur:2 cpbdur:2 q:28.23 aq:23.54 tex:23595 mv:11899 misc:6658 imb:125 pmb:2049 smb:5986 d:- ref:0 ;
in:1332 out:1333 type:b dur:2 cpbdur:2 q:28.22 aq:24.01 tex:61455 mv:30034 misc:6287 imb:155 pmb:2750 smb:5255 d:- ref:0 ;
in:1337 out:1334 type:P dur:2 cpbdur:2 q:28.23 aq:21.29 tex:348203 mv:59523 misc:5010 imb:2611 pmb:3684 smb:1865 d:- ref:0 ;
in:1335 out:1335 type:B dur:2 cpbdur:2 q:28.23 aq:22.10 tex:123992 mv:47662 misc:6914 imb:356 pmb:3950 smb:3854 d:- ref:0 ;
in:1334 out:1336 type:b dur:2 cpbdur:2 q:28.22 aq:23.11 tex:16175 mv:12093 misc:6580 imb:83 pmb:2013 smb:6064 d:- ref:0 ;
in:1336 out:1337 type:b dur:2 cpbdur:2 q:28.23 aq:24.32 tex:79473 mv:30413 misc:6210 imb:141 pmb:2892 smb:5127 d:- ref:0 ;
in:1340 out:1338 type:P dur:2 cpbdur:2 q:28.25 aq:21.56 tex:311090 mv:54167 misc:5511 imb:1945 pmb:3927 smb:2288 d:- ref:0 ;
in:1338 out:1339 type:B dur:2 cpbdur:2 q:28.24 aq:23.76 tex:25574 mv:17382 misc:6932 imb:133 pmb:2377 smb:5650 d:- ref:0 ;
in:1339 out:1340 type:b dur:2 cpbdur:2 q:28.24 aq:24.10 tex:75561 mv:31911 misc:6272 imb:201 pmb:2925 smb:5034 d:- ref:0 ;
in:1344 out:1341 type:P dur:2 cpbdur:2 q:28.25 aq:21.27 tex:349616 mv:60299 misc:4957 imb:2556 pmb:3815 smb:1789 d:- ref:0 ;
in:1342 out:1342 type:B dur:2 cpbdur:2 q:28.25 aq:22.71 tex:226625 mv:47960 misc:6615 imb:316 pmb:4225 smb:3619 d:- ref:0 ;
in:1341 out:1343 type:b dur:2 cpbdur:2 q:28.25 aq:23.45 tex:23686 mv:10348 misc:6590 imb:111 pmb:1974 smb:6075 d:- ref:0 ;
in:1343 out:1344 type:b dur:2 cpbdur:2 q:28.25 aq:23.86 tex:68925 mv:30096 misc:6427 imb:197 pmb:2776 smb:5187 d:- ref:0 ;
in:1348 out:1345 type:P dur:2 cpbdur:2 q:28.26 aq:21.66 tex:336626 mv:57774 misc:5176 imb:2571 pmb:3507 smb:2082 d:- ref:0 ;
in:1346 out:1346 type:B dur:2 cpbdur:2 q:28.25 aq:22.76 tex:94733 mv:43219 misc:7160 imb:301 pmb:3742 smb:4117 d:- ref:0 ;
in:1345 out:1347 type:b dur:2 cpbdur:2 q:28.25 aq:23.77 tex:18021 mv:15477 misc:6774 imb:89 pmb:2219 smb:5852 d:- ref:0 ;
in:1347 out:1348 type:b dur:2 cpbdur:2 q:28.25 aq:24.57 tex:85867 mv:32303 misc:6230 imb:174 pmb:3018 smb:4968 d:- ref:0 ;
in:1351 out:1349 type:P dur:2 cpbdur:2 q:28.27 aq:21.15 tex:335731 mv:63402 misc:3379 imb:3209 pmb:4160 smb:791 d:- ref:0 ;
in:1349 out:1350 type:B dur:2 cpbdur:2 q:28.26 aq:23.03 tex:25488 mv:17258 misc:7030 imb:151 pmb:2446 smb:5563 d:- ref:0 ;
in:1350 out:1351 type:b dur:2 cpbdur:2 q:28.26 aq:23.22 tex:84422 mv:39377 misc:7433 imb:435 pmb:4061 smb:3664 d:- ref:0 ;
in:1355 out:1352 type:P dur:2 cpbdur:2 q:28.26 aq:21.32 tex:337273 mv:61292 misc:4803 imb:2374 pmb:3968 smb:1818 d:- ref:0 ;
in:1353 out:1353 type:B dur:2 cpbdur:2 q:28.26 aq:22.76 tex:204669 mv:50072 misc:6563 imb:334 pmb:4268 smb:3558 d:- ref:0 ;
in:1352 out:1354 type:b dur:2 cpbdur:2 q:28.27 aq:24.07 tex:19950 mv:11144 misc:6570 imb:93 pmb:1985 smb:6082 d:- ref:0 ;
in:1354 out:1355 type:b dur:2 cpbdur:2 q:28.26 aq:24.06 tex:60869 mv:32522 misc:6569 imb:211 pmb:2836 smb:5113 d:- ref:0 ;
in:1359 out:1356 type:P dur:2 cpbdur:2 q:28.26 aq:21.19 tex:345853 mv:62431 misc:4724 imb:2521 pmb:3869 smb:1770 d:- ref:0 ;
in:1357 out:1357 type:B dur:2 cpbdur:2 q:28.26 aq:23.00 tex:89289 mv:46737 misc:7062 imb:317 pmb:3865 smb:3978 d:- ref:0 ;
in:1356 out:1358 type:b dur:2 cpbdur:2 q:28.26 aq:23.47 tex:17570 mv:15986 misc:6852 imb:86 pmb:2315 smb:5759 d:- ref:0 ;
in:1358 out:1359 type:b dur:2 cpbdur:2 q:28.26 aq:24.45 tex:78730 mv:32032 misc:6334 imb:162 pmb:2978 smb:5020 d:- ref:0 ;
in:1363 out:1360 type:P dur:2 cpbdur:2 q:28.27 aq:21.66 tex:309701 mv:58946 misc:5209 imb:2170 pmb:4121 smb:1869 d:- ref:0 ;
in:1361 out:1361 type:B dur:2 cpbdur:2 q:28.26 aq:23.25 tex:83157 mv:39017 misc:7162 imb:239 pmb:3592 smb:4329 d:- ref:0 ;
in:1360 out:1362 type:b dur:2 cpbdur:2 q:28.26 aq:23.47 tex:19725 mv:17262 misc:6981 imb:91 pmb:2409 smb:5660 d:- ref:0 ;
in:1362 out:1363 type:b dur:2 cpbdur:2 q:28.27 aq:23.72 tex:17365 mv:14539 misc:6584 imb:86 pmb:2144 smb:5930 d:- ref:0 ;
in:1367 out:1364 type:P dur:2 cpbdur:2 q:28.26 aq:21.64 tex:326967 mv:62037 misc:4588 imb:2609 pmb:3841 smb:1710 d:- ref:0 ;
in:1365 out:1365 type:B dur:2 cpbdur:2 q:28.27 aq:23.17 tex:123769 mv:47921 misc:6798 imb:318 pmb:4034 smb:3808 d:- ref:0 ;
in:1364 out:1366 type:b dur:2 cpbdur:2 q:28.27 aq:24.66 tex:109766 mv:32547 misc:6239 imb:173 pmb:3082 smb:4905 d:- ref:0 ;
in:1366 out:1367 type:b dur:2 cpbdur:2 q:28.26 aq:23.60 tex:16901 mv:14323 misc:6824 imb:107 pmb:2176 smb:5877 d:- ref:0 ;
in:1371 out:1368 type:P dur:2 cpbdur:2 q:28.27 aq:21.69 tex:322743 mv:61874 misc:4863 imb:2598 pmb:3841 smb:1721 d:- ref:0 ;
in:1369 out:1369 type:B dur:2 cpbdur:2 q:28.26 aq:22.71 tex:133958 mv:45037 misc:6901 imb:265 pmb:4078 smb:3817 d:- ref:0 ;
in:1368 out:1370 type:b dur:2 cpbdur:2 q:28.26 aq:24.11 tex:55059 mv:29827 misc:6442 imb:161 pmb:2662 smb:5337 d:- ref:0 ;
in:1370 out:1371 type:b dur:2 cpbdur:2 q:28.27 aq:24.05 tex:20588 mv:11917 misc:6703 imb:93 pmb:2102 smb:5965 d:- ref:0 ;
in:1375 out:1372 type:P dur:2 cpbdur:2 q:28.25 aq:21.70 tex:370071 mv:63386 misc:4895 imb:2461 pmb:4034 smb:1665 d:- ref:0 ;
in:1373 out:1373 type:B dur:2 cpbdur:2 q:28.26 aq:22.68 tex:135975 mv:50584 misc:6809 imb:383 pmb:4237 smb:3540 d:- ref:0 ;
in:1372 out:1374 type:b dur:2 cpbdur:2 q:28.26 aq:24.02 tex:66475 mv:34280 misc:6805 imb:206 pmb:3133 smb:4821 d:- ref:0 ;
in:1374 out:1375 type:b dur:2 cpbdur:2 q:28.26 aq:23.74 tex:24071 mv:13331 misc:7054 imb:116 pmb:2354 smb:5690 d:- ref:0 ;
in:1379 out:1376 type:P dur:2 cpbdur:2 q:28.24 aq:22.14 tex:296816 mv:57655 misc:5305 imb:2497 pmb:3566 smb:2097 d:- ref:0 ;
in:1377 out:1377 type:B dur:2 cpbdur:2 q:28.25 aq:22.55 tex:121815 mv:48459 misc:7086 imb:360 pmb:4014 smb:3786 d:- ref:0 ;
in:1376 out:1378 type:b dur:2 cpbdur:2 q:28.25 aq:23.64 tex:15403 mv:13002 misc:6667 imb:106 pmb:2046 smb:6008 d:- ref:0 ;
in:1378 out:1379 type:b dur:2 cpbdur:2 q:28.25 aq:24.25 tex:58862 mv:31475 misc:6727 imb:190 pmb:2899 smb:5071 d:- ref:0 ;
in:1383 out:1380 type:P dur:2 cpbdur:2 q:28.22 aq:21.49 tex:352258 mv:68064 misc:3206 imb:3436 pmb:3986 smb:738 d:- ref:0 ;
in:1381 out:1381 type:B dur:2 cpbdur:2 q:28.23 aq:22.24 tex:187462 mv:60004 misc:6510 imb:578 pmb:5353 smb:2229 d:- ref:0 ;
in:1380 out:1382 type:b dur:2 cpbdur:2 q:28.24 aq:23.07 tex:30889 mv:17443 misc:7796 imb:328 pmb:3091 smb:4741 d:- ref:0 ;
in:1382 out:1383 type:b dur:2 cpbdur:2 q:28.22 aq:23.76 tex:51741 mv:30798 misc:7125 imb:186 pmb:3020 smb:4954 d:- ref:0 ;
in:1387 out:1384 type:P dur:2 cpbdur:2 q:28.23 aq:21.36 tex:342978 mv:63002 misc:4892 imb:2440 pmb:4104 smb:1616 d:- ref:0 ;
in:1385 out:1385 type:B dur:2 cpbdur:2 q:28.22 aq:22.58 tex:122239 mv:46077 misc:7268 imb:293 pmb:4214 smb:3653 d:- ref:0 ;
in:1384 out:1386 type:b dur:2 cpbdur:2 q:28.22 aq:23.00 tex:20318 mv:14587 misc:7191 imb:115 pmb:2427 smb:5618 d:- ref:0 ;
in:1386 out:1387 type:b dur:2 cpbdur:2 q:28.22 aq:24.41 tex:92978 mv:29972 misc:6754 imb:119 pmb:3272 smb:4769 d:- ref:0 ;
in:1391 out:1388 type:P dur:2 cpbdur:2 q:28.22 aq:21.42 tex:350096 mv:62496 misc:4664 imb:2725 pmb:3780 smb:1655 d:- ref:0 ;
in:1389 out:1389 type:B dur:2 cpbdur:2 q:28.22 aq:22.90 tex:107511 mv:47749 misc:7020 imb:373 pmb:3960 smb:3827 d:- ref:0 ;
in:1388 out:1390 type:b dur:2 cpbdur:2 q:28.22 aq:23.20 tex:19073 mv:15517 misc:6858 imb:87 pmb:2290 smb:5783 d:- ref:0 ;
in:1390 out:1391 type:b dur:2 cpbdur:2 q:28.22 aq:24.01 tex:55898 mv:31083 misc:6835 imb:186 pmb:2863 smb:5111 d:- ref:0 ;
in:1395 out:1392 type:P dur:2 cpbdur:2 q:28.22 aq:21.73 tex:326786 mv:60141 misc:5081 imb:2623 pmb:3787 smb:1750 d:- ref:0 ;
in:1393 out:1393 type:B dur:2 cpbdur:2 q:28.22 aq:23.01 tex:70877 mv:36991 misc:7420 imb:267 pmb:3435 smb:4458 d:- ref:0 ;
in:1392 out:1394 type:b dur:2 cpbdur:2 q:28.22 aq:23.88 tex:21616 mv:17813 misc:7107 imb:101 pmb:2524 smb:5535 d:- ref:0 ;
in:1394 out:1395 type:b dur:2 cpbdur:2 q:28.22 aq:23.42 tex:16456 mv:14686 misc:7082 imb:110 pmb:2253 smb:5797 d:- ref:0 ;
in:1399 out:1396 type:P dur:2 cpbdur:2 q:28.22 aq:21.79 tex:323227 mv:62710 misc:4775 imb:2464 pmb:4107 smb:1589 d:- ref:0 ;
in:1397 out:1397 type:B dur:2 cpbdur:2 q:28.22 aq:23.29 tex:123574 mv:41932 misc:7022 imb:297 pmb:4200 smb:3663 d:- ref:0 ;
in:1396 out:1398 type:b dur:2 cpbdur:2 q:28.22 aq:23.92 tex:56485 mv:30861 misc:6974 imb:202 pmb:2896 smb:5062 d:- ref:0 ;
in:1398 out:1399 type:b dur:2 cpbdur:2 q:28.22 aq:23.61 tex:16351 mv:15725 misc:7052 imb:108 pmb:2283 smb:5769 d:- ref:0 ;
in:1403 out:1400 type:P dur:2 cpbdur:2 q:28.21 aq:21.95 tex:329882 mv:61068 misc:4954 imb:2554 pmb:3789 smb:1817 d:- ref:0 ;
in:1401 out:1401 type:B dur:2 cpbdur:2 q:28.22 aq:22.40 tex:124688 mv:51415 misc:7113 imb:419 pmb:4109 smb:3632 d:- ref:0 ;
in:1400 out:1402 type:b dur:2 cpbdur:2 q:28.22 aq:24.54 tex:58844 mv:33263 misc:6565 imb:185 pmb:2910 smb:5065 d:- ref:0 ;
in:1402 out:1403 type:b dur:2 cpbdur:2 q:28.22 aq:23.62 tex:19164 mv:13097 misc:7019 imb:108 pmb:2233 smb:5819 d:- ref:0 ;
in:1407 out:1404 type:P dur:2 cpbdur:2 q:28.21 aq:21.76 tex:346454 mv:63089 misc:4729 imb:2795 pmb:3769 smb:1596 d:- ref:0 ;
in:1405 out:1405 type:B dur:2 cpbdur:2 q:28.21 aq:22.68 tex:136510 mv:52696 misc:6762 imb:371 pmb:4399 smb:3390 d:- ref:0 ;
in:1404 out:1406 type:b dur:2 cpbdur:2 q:28.21 aq:24.07 tex:57262 mv:33258 misc:6920 imb:187 pmb:2945 smb:5028 d:- ref:0 ;
in:1406 out:1407 type:b dur:2 cpbdur:2 q:28.21 aq:24.01 tex:22519 mv:14045 misc:7076 imb:101 pmb:2370 smb:5689 d:- ref:0 ;
in:1411 out:1408 type:P dur:2 cpbdur:2 q:28.20 aq:21.25 tex:354568 mv:67512 misc:2992 imb:3568 pmb:3950 smb:642 d:- ref:0 ;
in:1409 out:1409 type:B dur:2 cpbdur:2 q:28.21 aq:22.59 tex:215034 mv:51633 misc:6693 imb:355 pmb:4708 smb:3097 d:- ref:0 ;
in:1408 out:1410 type:b dur:2 cpbdur:2 q:28.21 aq:23.87 tex:22918 mv:12726 misc:6964 imb:91 pmb:2215 smb:5854 d:- ref:0 ;
in:1410 out:1411 type:b dur:2 cpbdur:2 q:28.20 aq:23.56 tex:81274 mv:38156 misc:7442 imb:410 pmb:3753 smb:3997 d:- ref:0 ;
in:1415 out:1412 type:P dur:2 cpbdur:2 q:28.18 aq:21.68 tex:331342 mv:62473 misc:4841 imb:2556 pmb:3828 smb:1776 d:- ref:0 ;
in:1413 out:1413 type:B dur:2 cpbdur:2 q:28.19 aq:22.44 tex:127437 mv:52850 misc:7073 imb:331 pmb:4377 smb:3452 d:- ref:0 ;
in:1412 out:1414 type:b dur:2 cpbdur:2 q:28.19 aq:23.68 tex:17098 mv:14542 misc:7016 imb:97 pmb:2279 smb:5784 d:- ref:0 ;
in:1414 out:1415 type:b dur:2 cpbdur:2 q:28.18 aq:24.80 tex:78671 mv:33602 misc:6447 imb:149 pmb:3078 smb:4933 d:- ref:0 ;
in:1418 out:1416 type:P dur:2 cpbdur:2 q:28.17 aq:21.57 tex:310904 mv:59609 misc:5055 imb:2030 pmb:4192 smb:1938 d:- ref:0 ;
in:1416 out:1417 type:B dur:2 cpbdur:2 q:28.17 aq:23.29 tex:101057 mv:43283 misc:6724 imb:274 pmb:3760 smb:4126 d:- ref:0 ;
in:1417 out:1418 type:b dur:2 cpbdur:2 q:28.17 aq:24.10 tex:25665 mv:16583 misc:7272 imb:143 pmb:2571 smb:5446 d:- ref:0 ;
in:1422 out:1419 type:P dur:2 cpbdur:2 q:28.15 aq:21.56 tex:354071 mv:64818 misc:4439 imb:2740 pmb:3880 smb:1540 d:- ref:0 ;
in:1420 out:1420 type:B dur:2 cpbdur:2 q:28.16 aq:23.04 tex:231937 mv:54446 misc:6585 imb:372 pmb:4508 smb:3280 d:- ref:0 ;
in:1419 out:1421 type:b dur:2 cpbdur:2 q:28.16 aq:24.04 tex:23656 mv:12882 misc:6902 imb:104 pmb:2193 smb:5863 d:- ref:0 ;
in:1421 out:1422 type:b dur:2 cpbdur:2 q:28.16 aq:24.65 tex:67101 mv:34802 misc:6753 imb:166 pmb:3117 smb:4877 d:- ref:0 ;
in:1426 out:1423 type:P dur:2 cpbdur:2 q:28.16 aq:21.35 tex:363204 mv:64383 misc:4653 imb:2535 pmb:3944 smb:1681 d:- ref:0 ;
in:1424 out:1424 type:B dur:2 cpbdur:2 q:28.15 aq:22.37 tex:126237 mv:52805 misc:6958 imb:350 pmb:4274 smb:3536 d:- ref:0 ;
in:1423 out:1425 type:b dur:2 cpbdur:2 q:28.15 aq:23.91 tex:14583 mv:12558 misc:6771 imb:85 pmb:2068 smb:6007 d:- ref:0 ;
in:1425 out:1426 type:b dur:2 cpbdur:2 q:28.15 aq:24.61 tex:77068 mv:34653 misc:6607 imb:165 pmb:3186 smb:4809 d:- ref:0 ;
in:1429 out:1427 type:P dur:2 cpbdur:2 q:28.18 aq:21.61 tex:312787 mv:59265 misc:4956 imb:1953 pmb:4214 smb:1993 d:- ref:0 ;
in:1427 out:1428 type:B dur:2 cpbdur:2 q:28.16 aq:23.64 tex:30054 mv:19808 misc:7146 imb:131 pmb:2708 smb:5321 d:- ref:0 ;
in:1428 out:1429 type:b dur:2 cpbdur:2 q:28.17 aq:24.30 tex:66146 mv:36026 misc:6972 imb:194 pmb:3257 smb:4709 d:- ref:0 ;
in:1433 out:1430 type:P dur:2 cpbdur:2 q:28.18 aq:21.33 tex:371896 mv:64867 misc:4469 imb:2617 pmb:3942 smb:1601 d:- ref:0 ;
in:1431 out:1431 type:B dur:2 cpbdur:2 q:28.18 aq:22.97 tex:229177 mv:53433 misc:6606 imb:319 pmb:4579 smb:3262 d:- ref:0 ;
in:1430 out:1432 type:b dur:2 cpbdur:2 q:28.18 aq:24.37 tex:24553 mv:12752 misc:7007 imb:106 pmb:2242 smb:5812 d:- ref:0 ;
in:1432 out:1433 type:b dur:2 cpbdur:2 q:28.18 aq:24.64 tex:65639 mv:33994 misc:6679 imb:154 pmb:2974 smb:5032 d:- ref:0 ;
in:1437 out:1434 type:P dur:2 cpbdur:2 q:28.20 aq:21.49 tex:364562 mv:63992 misc:4662 imb:2683 pmb:3790 smb:1687 d:- ref:0 ;
in:1435 out:1435 type:B dur:2 cpbdur:2 q:28.19 aq:23.16 tex:101777 mv:48975 misc:7112 imb:298 pmb:4162 smb:3700 d:- ref:0 ;
in:1434 out:1436 type:b dur:2 cpbdur:2 q:28.19 aq:24.30 tex:20996 mv:17493 misc:7127 imb:108 pmb:2428 smb:5624 d:- ref:0 ;
in:1436 out:1437 type:b dur:2 cpbdur:2 q:28.19 aq:24.72 tex:88756 mv:37461 misc:6535 imb:208 pmb:3310 smb:4642 d:- ref:0 ;
in:1441 out:1438 type:P dur:2 cpbdur:2 q:28.22 aq:21.42 tex:363769 mv:67797 misc:2850 imb:3375 pmb:4220 smb:565 d:- ref:0 ;
in:1439 out:1439 type:B dur:2 cpbdur:2 q:28.21 aq:23.31 tex:89417 mv:45547 misc:7348 imb:321 pmb:4154 smb:3685 d:- ref:0 ;
in:1438 out:1440 type:b dur:2 cpbdur:2 q:28.20 aq:24.17 tex:20374 mv:18145 misc:7217 imb:106 pmb:2602 smb:5452 d:- ref:0 ;
in:1440 out:1441 type:b dur:2 cpbdur:2 q:28.21 aq:23.11 tex:28292 mv:17786 misc:7906 imb:201 pmb:3237 smb:4722 d:- ref:0 ;
in:1445 out:1442 type:P dur:2 cpbdur:2 q:28.22 aq:21.71 tex:332547 mv:65959 misc:4390 imb:2547 pmb:4111 smb:1502 d:- ref:0 ;
in:1443 out:1443 type:B dur:2 cpbdur:2 q:28.22 aq:23.19 tex:131002 mv:52337 misc:6901 imb:327 pmb:4540 smb:3293 d:- ref:0 ;
in:1442 out:1444 type:b dur:2 cpbdur:2 q:28.22 aq:24.96 tex:104919 mv:36240 misc:6649 imb:155 pmb:3481 smb:4524 d:- ref:0 ;
in:1444 out:1445 type:b dur:2 cpbdur:2 q:28.22 aq:23.95 tex:16109 mv:15024 misc:7099 imb:70 pmb:2384 smb:5706 d:- ref:0 ;
in:1449 out:1446 type:P dur:2 cpbdur:2 q:28.23 aq:21.80 tex:340014 mv:65438 misc:4420 imb:2690 pmb:3926 smb:1544 d:- ref:0 ;
in:1447 out:1447 type:B dur:2 cpbdur:2 q:28.23 aq:23.04 tex:135244 mv:50831 misc:6797 imb:316 pmb:4441 smb:3403 d:- ref:0 ;
in:1446 out:1448 type:b dur:2 cpbdur:2 q:28.22 aq:24.51 tex:53777 mv:34450 misc:6861 imb:181 pmb:2937 smb:5042 d:- ref:0 ;
in:1448 out:1449 type:b dur:2 cpbdur:2 q:28.23 aq:24.77 tex:22635 mv:12223 misc:6718 imb:79 pmb:2166 smb:5915 d:- ref:0 ;
in:1453 out:1450 type:P dur:2 cpbdur:2 q:28.23 aq:22.06 tex:407953 mv:67590 misc:4273 imb:2675 pmb:4106 smb:1379 d:- ref:0 ;
in:1451 out:1451 type:B dur:2 cpbdur:2 q:28.23 aq:22.86 tex:151675 mv:58140 misc:6625 imb:459 pmb:4596 smb:3105 d:- ref:0 ;
in:1450 out:1452 type:b dur:2 cpbdur:2 q:28.23 aq:24.26 tex:71649 mv:38126 misc:6849 imb:211 pmb:3300 smb:4649 d:- ref:0 ;
in:1452 out:1453 type:b dur:2 cpbdur:2 q:28.23 aq:24.41 tex:25463 mv:13917 misc:7100 imb:97 pmb:2411 smb:5652 d:- ref:0 ;
in:1457 out:1454 type:P dur:2 cpbdur:2 q:28.24 aq:21.75 tex:353830 mv:64445 misc:4501 imb:2834 pmb:3771 smb:1555 d:- ref:0 ;
in:1455 out:1455 type:B dur:2 cpbdur:2 q:28.23 aq:22.90 tex:139070 mv:53226 misc:6720 imb:387 pmb:4439 smb:3334 d:- ref:0 ;
in:1454 out:1456 type:b dur:2 cpbdur:2 q:28.23 aq:24.56 tex:64036 mv:35369 misc:6787 imb:172 pmb:3061 smb:4927 d:- ref:0 ;
in:1456 out:1457 type:b dur:2 cpbdur:2 q:28.23 aq:24.43 tex:19989 mv:12768 misc:6747 imb:90 pmb:2161 smb:5909 d:- ref:0 ;
in:1461 out:1458 type:P dur:2 cpbdur:2 q:28.23 aq:21.85 tex:385450 mv:67565 misc:4065 imb:2937 pmb:3871 smb:1352 d:- ref:0 ;
in:1459 out:1459 type:B dur:2 cpbdur:2 q:28.23 aq:22.94 tex:184961 mv:58180 misc:6611 imb:382 pmb:4628 smb:3150 d:- ref:0 ;
in:1458 out:1460 type:b dur:2 cpbdur:2 q:28.23 aq:24.28 tex:19578 mv:13148 misc:6954 imb:96 pmb:2217 smb:5847 d:- ref:0 ;
in:1460 out:1461 type:b dur:2 cpbdur:2 q:28.23 aq:24.59 tex:58811 mv:36843 misc:7170 imb:207 pmb:3200 smb:4753 d:- ref:0 ;
in:1463 out:1462 type:P dur:2 cpbdur:2 q:28.24 aq:21.95 tex:253018 mv:51458 misc:5308 imb:1291 pmb:4557 smb:2312 d:- ref:0 ;
in:1462 out:1463 type:b dur:2 cpbdur:2 q:28.24 aq:24.14 tex:15984 mv:10974 misc:6442 imb:98 pmb:1860 smb:6202 d:- ref:0 ;
in:1467 out:1464 type:P dur:2 cpbdur:2 q:28.23 aq:22.13 tex:356977 mv:66220 misc:4283 imb:2590 pmb:4122 smb:1448 d:- ref:0 ;
in:1465 out:1465 type:B dur:2 cpbdur:2 q:28.24 aq:22.92 tex:177479 mv:56983 misc:6466 imb:398 pmb:4722 smb:3040 d:- ref:0 ;
in:1464 out:1466 type:b dur:2 cpbdur:2 q:28.24 aq:25.30 tex:112636 mv:39060 misc:6496 imb:179 pmb:3668 smb:4313 d:- ref:0 ;
in:1466 out:1467 type:b dur:2 cpbdur:2 q:28.23 aq:24.85 tex:21202 mv:11934 misc:6992 imb:98 pmb:2153 smb:5909 d:- ref:0 ;
in:1471 out:1468 type:P dur:2 cpbdur:2 q:28.23 aq:21.92 tex:396374 mv:71026 misc:2744 imb:3680 pmb:3936 smb:544 d:- ref:0 ;
in:1469 out:1469 type:B dur:2 cpbdur:2 q:28.23 aq:23.29 tex:160917 mv:56924 misc:6743 imb:423 pmb:4918 smb:2819 d:- ref:0 ;
in:1468 out:1470 type:b dur:2 cpbdur:2 q:28.23 aq:24.87 tex:66748 mv:39198 misc:7174 imb:205 pmb:3361 smb:4594 d:- ref:0 ;
in:1470 out:1471 type:b dur:2 cpbdur:2 q:28.23 aq:23.85 tex:52219 mv:23908 misc:7977 imb:286 pmb:3980 smb:3894 d:- ref:0 ;
in:1474 out:1472 type:P dur:2 cpbdur:2 q:28.23 aq:21.94 tex:335762 mv:63820 misc:4578 imb:2266 pmb:4282 smb:1612 d:- ref:0 ;
in:1472 out:1473 type:B dur:2 cpbdur:2 q:28.23 aq:23.95 tex:110616 mv:49478 misc:6698 imb:301 pmb:4099 smb:3760 d:- ref:0 ;
in:1473 out:1474 type:b dur:2 cpbdur:2 q:28.23 aq:24.39 tex:24344 mv:16028 misc:7308 imb:93 pmb:2636 smb:5431 d:- ref:0 ;
in:1478 out:1475 type:P dur:2 cpbdur:2 q:28.25 aq:21.91 tex:363072 mv:68697 misc:3959 imb:2684 pmb:4157 smb:1319 d:- ref:0 ;
in:1476 out:1476 type:B dur:2 cpbdur:2 q:28.24 aq:23.07 tex:167601 mv:57398 misc:6489 imb:365 pmb:4752 smb:3043 d:- ref:0 ;
in:1475 out:1477 type:b dur:2 cpbdur:2 q:28.24 aq:25.35 tex:118249 mv:41841 misc:6310 imb:202 pmb:3796 smb:4162 d:- ref:0 ;
in:1477 out:1478 type:b dur:2 cpbdur:2 q:28.24 aq:24.78 tex:19929 mv:11924 misc:6851 imb:83 pmb:2136 smb:5941 d:- ref:0 ;
in:1482 out:1479 type:P dur:2 cpbdur:2 q:28.24 aq:22.14 tex:358276 mv:67329 misc:4227 imb:2751 pmb:3975 smb:1434 d:- ref:0 ;
in:1480 out:1480 type:B dur:2 cpbdur:2 q:28.25 aq:22.91 tex:133725 mv:57124 misc:6911 imb:340 pmb:4592 smb:3228 d:- ref:0 ;
in:1479 out:1481 type:b dur:2 cpbdur:2 q:28.25 aq:23.91 tex:14882 mv:12920 misc:6838 imb:87 pmb:2148 smb:5925 d:- ref:0 ;
in:1481 out:1482 type:b dur:2 cpbdur:2 q:28.25 aq:25.13 tex:84490 mv:39459 misc:6715 imb:187 pmb:3466 smb:4507 d:- ref:0 ;
in:1486 out:1483 type:P dur:2 cpbdur:2 q:28.27 aq:22.32 tex:456823 mv:71624 misc:3809 imb:2686 pmb:4261 smb:1213 d:- ref:0 ;
in:1484 out:1484 type:B dur:2 cpbdur:2 q:28.26 aq:22.92 tex:174431 mv:66644 misc:6141 imb:594 pmb:4896 smb:2670 d:- ref:0 ;
in:1483 out:1485 type:b dur:2 cpbdur:2 q:28.25 aq:24.30 tex:17665 mv:14181 misc:7106 imb:126 pmb:2273 smb:5761 d:- ref:0 ;
in:1485 out:1486 type:b dur:2 cpbdur:2 q:28.26 aq:25.08 tex:64180 mv:39804 misc:6976 imb:277 pmb:3255 smb:4628 d:- ref:0 ;
in:1490 out:1487 type:P dur:2 cpbdur:2 q:28.31 aq:21.84 tex:375238 mv:67803 misc:3919 imb:2933 pmb:3929 smb:1298 d:- ref:0 ;
in:1488 out:1488 type:B dur:2 cpbdur:2 q:28.29 aq:23.24 tex:144162 mv:59078 misc:6792 imb:367 pmb:4697 smb:3096 d:- ref:0 ;
in:1487 out:1489 type:b dur:2 cpbdur:2 q:28.28 aq:24.49 tex:17056 mv:12938 misc:6862 imb:111 pmb:2119 smb:5930 d:- ref:0 ;
in:1489 out:1490 type:b dur:2 cpbdur:2 q:28.30 aq:25.35 tex:63912 mv:41084 misc:6900 imb:229 pmb:3464 smb:4467 d:- ref:0 ;
in:1494 out:1491 type:P dur:2 cpbdur:2 q:28.34 aq:21.85 tex:391248 mv:70004 misc:3780 imb:2912 pmb:3975 smb:1273 d:- ref:0 ;
in:1492 out:1492 type:B dur:2 cpbdur:2 q:28.33 aq:23.90 tex:133913 mv:57972 misc:6731 imb:374 pmb:4527 smb:3259 d:- ref:0 ;
in:1491 out:1493 type:b dur:2 cpbdur:2 q:28.32 aq:24.56 tex:18070 mv:19623 misc:7291 imb:116 pmb:2606 smb:5438 d:- ref:0 ;
in:1493 out:1494 type:b dur:2 cpbdur:2 q:28.33 aq:25.20 tex:57564 mv:38095 misc:7197 imb:203 pmb:3255 smb:4702 d:- ref:0 ;
in:1498 out:1495 type:P dur:2 cpbdur:2 q:28.36 aq:22.77 tex:382337 mv:66372 misc:4139 imb:2235 pmb:4472 smb:1453 d:- ref:0 ;
in:1496 out:1496 type:B dur:2 cpbdur:2 q:28.35 aq:23.96 tex:78531 mv:43216 misc:7685 imb:294 pmb:3820 smb:4046 d:- ref:0 ;
in:1495 out:1497 type:b dur:2 cpbdur:2 q:28.35 aq:24.52 tex:18202 mv:20007 misc:7199 imb:77 pmb:2597 smb:5486 d:- ref:0 ;
in:1497 out:1498 type:b dur:2 cpbdur:2 q:28.36 aq:24.85 tex:23930 mv:13412 misc:7018 imb:106 pmb:2304 smb:5750 d:- ref:0 ;
in:1502 out:1499 type:P dur:2 cpbdur:2 q:28.38 aq:22.07 tex:380829 mv:72169 misc:2722 imb:3560 pmb:4038 smb:562 d:- ref:0 ;
in:1500 out:1500 type:B dur:2 cpbdur:2 q:28.37 aq:23.45 tex:120514 mv:57725 misc:6817 imb:611 pmb:5198 smb:2351 d:- ref:0 ;
in:1499 out:1501 type:b dur:2 cpbdur:2 q:28.37 aq:24.72 tex:73869 mv:41479 misc:7300 imb:241 pmb:3780 smb:4139 d:- ref:0 ;
in:1501 out:1502 type:b dur:2 cpbdur:2 q:28.37 aq:24.51 tex:13609 mv:16493 misc:7250 imb:87 pmb:2463 smb:5610 d:- ref:0 ;
in:1506 out:1503 type:P dur:2 cpbdur:2 q:28.37 aq:22.46 tex:345279 mv:69043 misc:3966 imb:2688 pmb:4097 smb:1375 d:- ref:0 ;
in:1504 out:1504 type:B dur:2 cpbdur:2 q:28.37 aq:23.25 tex:128817 mv:59694 misc:6769 imb:383 pmb:4708 smb:3069 d:- ref:0 ;
in:1503 out:1505 type:b dur:2 cpbdur:2 q:28.38 aq:25.45 tex:68755 mv:40216 misc:7005 imb:174 pmb:3480 smb:4506 d:- ref:0 ;
in:1505 out:1506 type:b dur:2 cpbdur:2 q:28.37 aq:24.50 tex:16638 mv:12975 misc:6987 imb:67 pmb:2264 smb:5829 d:- ref:0 ;
in:1507 out:1507 type:P dur:2 cpbdur:2 q:28.37 aq:22.32 tex:201026 mv:50756 misc:5570 imb:1077 pmb:4568 smb:2515 d:- ref:0 ;
in:1511 out:1508 type:P dur:2 cpbdur:2 q:28.37 aq:21.93 tex:364270 mv:70348 misc:3718 imb:2709 pmb:4224 smb:1227 d:- ref:0 ;
in:1509 out:1509 type:B dur:2 cpbdur:2 q:28.37 aq:23.68 tex:201501 mv:61558 misc:6229 imb:393 pmb:4901 smb:2866 d:- ref:0 ;
in:1508 out:1510 type:b dur:2 cpbdur:2 q:28.37 aq:24.36 tex:17447 mv:12150 misc:6843 imb:98 pmb:2106 smb:5956 d:- ref:0 ;
in:1510 out:1511 type:b dur:2 cpbdur:2 q:28.37 aq:25.54 tex:52780 mv:37392 misc:7108 imb:176 pmb:3190 smb:4794 d:- ref:0 ;
in:1515 out:1512 type:P dur:2 cpbdur:2 q:28.36 aq:21.94 tex:375786 mv:71019 misc:3819 imb:2783 pmb:4118 smb:1259 d:- ref:0 ;
in:1513 out:1513 type:B dur:2 cpbdur:2 q:28.36 aq:23.88 tex:87229 mv:55364 misc:7215 imb:362 pmb:4358 smb:3440 d:- ref:0 ;
in:1512 out:1514 type:b dur:2 cpbdur:2 q:28.36 aq:25.10 tex:15681 mv:17588 misc:7283 imb:84 pmb:2505 smb:5571 d:- ref:0 ;
in:1514 out:1515 type:b dur:2 cpbdur:2 q:28.36 aq:25.41 tex:66442 mv:40273 misc:7117 imb:209 pmb:3499 smb:4452 d:- ref:0 ;
in:1519 out:1516 type:P dur:2 cpbdur:2 q:28.36 aq:22.36 tex:317847 mv:67710 misc:4003 imb:2284 pmb:4606 smb:1270 d:- ref:0 ;
in:1517 out:1517 type:B dur:2 cpbdur:2 q:28.36 aq:23.96 tex:69867 mv:45594 misc:7483 imb:286 pmb:3964 smb:3910 d:- ref:0 ;
in:1516 out:1518 type:b dur:2 cpbdur:2 q:28.36 aq:24.44 tex:16719 mv:19417 misc:7240 imb:92 pmb:2593 smb:5475 d:- ref:0 ;
in:1518 out:1519 type:b dur:2 cpbdur:2 q:28.36 aq:24.01 tex:14648 mv:15429 misc:7211 imb:90 pmb:2433 smb:5637 d:- ref:0 ;
in:1523 out:1520 type:P dur:2 cpbdur:2 q:28.36 aq:22.47 tex:340678 mv:70159 misc:3883 imb:2708 pmb:4235 smb:1217 d:- ref:0 ;
in:1521 out:1521 type:B dur:2 cpbdur:2 q:28.36 aq:24.03 tex:120102 mv:54589 misc:6877 imb:377 pmb:4553 smb:3230 d:- ref:0 ;
in:1520 out:1522 type:b dur:2 cpbdur:2 q:28.36 aq:25.40 tex:95060 mv:40513 misc:6795 imb:173 pmb:3727 smb:4260 d:- ref:0 ;
in:1522 out:1523 type:b dur:2 cpbdur:2 q:28.36 aq:24.56 tex:14681 mv:16506 misc:7261 imb:87 pmb:2482 smb:5591 d:- ref:0 ;
in:1527 out:1524 type:P dur:2 cpbdur:2 q:28.37 aq:22.48 tex:344369 mv:70666 misc:3829 imb:2896 pmb:4053 smb:1211 d:- ref:0 ;
in:1525 out:1525 type:B dur:2 cpbdur:2 q:28.36 aq:23.93 tex:109254 mv:55953 misc:7017 imb:402 pmb:4566 smb:3192 d:- ref:0 ;
in:1524 out:1526 type:b dur:2 cpbdur:2 q:28.36 aq:25.40 tex:46328 mv:35606 misc:7298 imb:183 pmb:3046 smb:4931 d:- ref:0 ;
in:1526 out:1527 type:b dur:2 cpbdur:2 q:28.37 aq:24.36 tex:15513 mv:17555 misc:7484 imb:121 pmb:2571 smb:5468 d:- ref:0 ;
in:1531 out:1528 type:P dur:2 cpbdur:2 q:28.36 aq:22.46 tex:401309 mv:76161 misc:2378 imb:3381 pmb:4385 smb:394 d:- ref:0 ;
in:1529 out:1529 type:B dur:2 cpbdur:2 q:28.37 aq:23.31 tex:126581 mv:61627 misc:7080 imb:527 pmb:4807 smb:2826 d:- ref:0 ;
in:1528 out:1530 type:b dur:2 cpbdur:2 q:28.37 aq:25.01 tex:58024 mv:42591 misc:7177 imb:229 pmb:3597 smb:4334 d:- ref:0 ;
in:1530 out:1531 type:b dur:2 cpbdur:2 q:28.36 aq:23.82 tex:39999 mv:24496 misc:8089 imb:319 pmb:3760 smb:4081 d:- ref:0 ;
in:1535 out:1532 type:P dur:2 cpbdur:2 q:28.36 aq:22.41 tex:326896 mv:71714 misc:3654 imb:2912 pmb:4210 smb:1038 d:- ref:0 ;
in:1533 out:1533 type:B dur:2 cpbdur:2 q:28.36 aq:23.40 tex:114454 mv:59096 misc:6954 imb:400 pmb:4912 smb:2848 d:- ref:0 ;
in:1532 out:1534 type:b dur:2 cpbdur:2 q:28.36 aq:25.36 tex:52766 mv:39264 misc:7458 imb:187 pmb:3313 smb:4660 d:- ref:0 ;
in:1534 out:1535 type:b dur:2 cpbdur:2 q:28.36 aq:24.61 tex:16722 mv:13874 misc:7188 imb:78 pmb:2435 smb:5647 d:- ref:0 ;
in:1536 out:1536 type:P dur:2 cpbdur:2 q:28.35 aq:25.17 tex:122513 mv:46575 misc:6008 imb:1068 pmb:3942 smb:3150 d:- ref:0 ;
in:1537 out:1537 type:I dur:2 cpbdur:2 q:25.44 aq:19.77 tex:537739 mv:190756 misc:457 imb:8160 pmb:0 smb:0 d:- ref:;
in:1541 out:1538 type:P dur:2 cpbdur:2 q:28.41 aq:22.44 tex:321069 mv:71678 misc:3773 imb:2802 pmb:4226 smb:1132 d:- ref:0 ;
in:1539 out:1539 type:B dur:2 cpbdur:2 q:28.41 aq:23.84 tex:87690 mv:55012 misc:7202 imb:373 pmb:4616 smb:3171 d:- ref:0 ;
in:1538 out:1540 type:b dur:2 cpbdur:2 q:28.41 aq:24.84 tex:41331 mv:36178 misc:7339 imb:212 pmb:2981 smb:4967 d:- ref:0 ;
in:1540 out:1541 type:b dur:2 cpbdur:2 q:28.41 aq:24.38 tex:13405 mv:14976 misc:7219 imb:90 pmb:2419 smb:5651 d:- ref:0 ;
in:1545 out:1542 type:P dur:2 cpbdur:2 q:28.40 aq:22.47 tex:295090 mv:71645 misc:3657 imb:2672 pmb:4379 smb:1109 d:- ref:0 ;
in:1543 out:1543 type:B dur:2 cpbdur:2 q:28.41 aq:23.29 tex:119363 mv:55986 misc:7171 imb:390 pmb:4760 smb:3010 d:- ref:0 ;
in:1542 out:1544 type:b dur:2 cpbdur:2 q:28.41 aq:25.58 tex:75620 mv:38691 misc:7265 imb:200 pmb:3564 smb:4396 d:- ref:0 ;
in:1544 out:1545 type:b dur:2 cpbdur:2 q:28.40 aq:24.86 tex:16309 mv:13098 misc:7129 imb:87 pmb:2332 smb:5741 d:- ref:0 ;
in:1549 out:1546 type:P dur:2 cpbdur:2 q:28.40 aq:22.53 tex:309879 mv:71885 misc:3660 imb:2732 pmb:4305 smb:1123 d:- ref:0 ;
in:1547 out:1547 type:B dur:2 cpbdur:2 q:28.40 aq:23.52 tex:104867 mv:52453 misc:7112 imb:367 pmb:4681 smb:3112 d:- ref:0 ;
in:1546 out:1548 type:b dur:2 cpbdur:2 q:28.40 aq:25.25 tex:42083 mv:34038 misc:7215 imb:171 pmb:2928 smb:5061 d:- ref:0 ;
in:1548 out:1549 type:b dur:2 cpbdur:2 q:28.40 aq:24.57 tex:19535 mv:14391 misc:7426 imb:92 pmb:2540 smb:5528 d:- ref:0 ;
in:1553 out:1550 type:P dur:2 cpbdur:2 q:28.39 aq:22.69 tex:353885 mv:74273 misc:3394 imb:2816 pmb:4421 smb:923 d:- ref:0 ;
in:1551 out:1551 type:B dur:2 cpbdur:2 q:28.40 aq:23.14 tex:120412 mv:61192 misc:7036 imb:504 pmb:4850 smb:2806 d:- ref:0 ;
in:1550 out:1552 type:b dur:2 cpbdur:2 q:28.40 aq:23.63 tex:14241 mv:14665 misc:7334 imb:135 pmb:2406 smb:5619 d:- ref:0 ;
in:1552 out:1553 type:b dur:2 cpbdur:2 q:28.39 aq:24.75 tex:43516 mv:33174 misc:7542 imb:218 pmb:3066 smb:4876 d:- ref:0 ;
in:1557 out:1554 type:P dur:2 cpbdur:2 q:28.40 aq:22.58 tex:304558 mv:72054 misc:3692 imb:2746 pmb:4355 smb:1059 d:- ref:0 ;
in:1555 out:1555 type:B dur:2 cpbdur:2 q:28.39 aq:23.27 tex:106951 mv:56677 misc:7420 imb:403 pmb:4678 smb:3079 d:- ref:0 ;
in:1554 out:1556 type:b dur:2 cpbdur:2 q:28.39 aq:24.20 tex:14681 mv:14104 misc:7343 imb:91 pmb:2481 smb:5588 d:- ref:0 ;
in:1556 out:1557 type:b dur:2 cpbdur:2 q:28.40 aq:25.48 tex:44269 mv:38981 misc:7470 imb:233 pmb:3328 smb:4599 d:- ref:0 ;
in:1561 out:1558 type:P dur:2 cpbdur:2 q:28.38 aq:22.09 tex:356880 mv:77537 misc:2167 imb:3471 pmb:4342 smb:347 d:- ref:0 ;
in:1559 out:1559 type:B dur:2 cpbdur:2 q:28.39 aq:23.63 tex:130398 mv:59536 misc:7178 imb:441 pmb:4884 smb:2835 d:- ref:0 ;
in:1558 out:1560 type:b dur:2 cpbdur:2 q:28.39 aq:24.72 tex:14993 mv:15415 misc:7256 imb:104 pmb:2448 smb:5608 d:- ref:0 ;
in:1560 out:1561 type:b dur:2 cpbdur:2 q:28.38 aq:24.36 tex:54058 mv:38343 misc:7911 imb:399 pmb:3799 smb:3962 d:- ref:0 ;
in:1565 out:1562 type:P dur:2 cpbdur:2 q:28.38 aq:22.38 tex:342155 mv:74905 misc:3444 imb:2630 pmb:4652 smb:878 d:- ref:0 ;
in:1563 out:1563 type:B dur:2 cpbdur:2 q:28.38 aq:23.91 tex:74594 mv:53441 misc:7669 imb:376 pmb:4359 smb:3425 d:- ref:0 ;
in:1562 out:1564 type:b dur:2 cpbdur:2 q:28.38 aq:24.59 tex:17419 mv:20135 misc:7534 imb:98 pmb:2681 smb:5381 d:- ref:0 ;
in:1564 out:1565 type:b dur:2 cpbdur:2 q:28.38 aq:25.63 tex:62644 mv:36434 misc:7418 imb:209 pmb:3362 smb:4589 d:- ref:0 ;
in:1569 out:1566 type:P dur:2 cpbdur:2 q:28.37 aq:22.81 tex:262098 mv:70952 misc:3854 imb:2269 pmb:4861 smb:1030 d:- ref:0 ;
in:1567 out:1567 type:B dur:2 cpbdur:2 q:28.38 aq:24.52 tex:57105 mv:44014 misc:7889 imb:247 pmb:3999 smb:3914 d:- ref:0 ;
in:1566 out:1568 type:b dur:2 cpbdur:2 q:28.38 aq:24.66 tex:18351 mv:19027 misc:7510 imb:82 pmb:2780 smb:5298 d:- ref:0 ;
in:1568 out:1569 type:b dur:2 cpbdur:2 q:28.38 aq:24.40 tex:14236 mv:16458 misc:7338 imb:98 pmb:2509 smb:5553 d:- ref:0 ;
in:1573 out:1570 type:P dur:2 cpbdur:2 q:28.36 aq:22.79 tex:331459 mv:75665 misc:3252 imb:3145 pmb:4209 smb:806 d:- ref:0 ;
in:1571 out:1571 type:B dur:2 cpbdur:2 q:28.37 aq:24.28 tex:90052 mv:57825 misc:7267 imb:448 pmb:4686 smb:3026 d:- ref:0 ;
in:1570 out:1572 type:b dur:2 cpbdur:2 q:28.37 aq:25.52 tex:51591 mv:39632 misc:7625 imb:212 pmb:3604 smb:4344 d:- ref:0 ;
in:1572 out:1573 type:b dur:2 cpbdur:2 q:28.37 aq:24.52 tex:15079 mv:17185 misc:7504 imb:96 pmb:2625 smb:5439 d:- ref:0 ;
in:1577 out:1574 type:P dur:2 cpbdur:2 q:28.36 aq:23.04 tex:301329 mv:76175 misc:3248 imb:2592 pmb:4732 smb:836 d:- ref:0 ;
in:1575 out:1575 type:B dur:2 cpbdur:2 q:28.36 aq:23.78 tex:106191 mv:57878 misc:7155 imb:429 pmb:5049 smb:2682 d:- ref:0 ;
in:1574 out:1576 type:b dur:2 cpbdur:2 q:28.36 aq:25.29 tex:36805 mv:34072 misc:7547 imb:199 pmb:2992 smb:4969 d:- ref:0 ;
in:1576 out:1577 type:b dur:2 cpbdur:2 q:28.36 aq:25.42 tex:23027 mv:15058 misc:7443 imb:105 pmb:2630 smb:5425 d:- ref:0 ;
in:1581 out:1578 type:P dur:2 cpbdur:2 q:28.35 aq:23.08 tex:308692 mv:76758 misc:3134 imb:3016 pmb:4412 smb:732 d:- ref:0 ;
in:1579 out:1579 type:B dur:2 cpbdur:2 q:28.36 aq:23.68 tex:99647 mv:62629 misc:7116 imb:440 pmb:5021 smb:2699 d:- ref:0 ;
in:1578 out:1580 type:b dur:2 cpbdur:2 q:28.36 aq:25.38 tex:47294 mv:44282 misc:7800 imb:271 pmb:3719 smb:4170 d:- ref:0 ;
in:1580 out:1581 type:b dur:2 cpbdur:2 q:28.35 aq:24.79 tex:14355 mv:14935 misc:7422 imb:102 pmb:2460 smb:5598 d:- ref:0 ;
in:1585 out:1582 type:P dur:2 cpbdur:2 q:28.33 aq:23.01 tex:314095 mv:77095 misc:3282 imb:3020 pmb:4357 smb:783 d:- ref:0 ;
in:1583 out:1583 type:B dur:2 cpbdur:2 q:28.34 aq:23.77 tex:89122 mv:60007 misc:7479 imb:421 pmb:4765 smb:2974 d:- ref:0 ;
in:1582 out:1584 type:b dur:2 cpbdur:2 q:28.34 aq:24.49 tex:13948 mv:14924 misc:7288 imb:107 pmb:2410 smb:5643 d:- ref:0 ;
in:1584 out:1585 type:b dur:2 cpbdur:2 q:28.33 aq:25.34 tex:40571 mv:38119 misc:7638 imb:218 pmb:3456 smb:4486 d:- ref:0 ;
in:1589 out:1586 type:P dur:2 cpbdur:2 q:28.31 aq:23.13 tex:315879 mv:78282 misc:2903 imb:3010 pmb:4485 smb:665 d:- ref:0 ;
in:1587 out:1587 type:B dur:2 cpbdur:2 q:28.32 aq:23.88 tex:146758 mv:66290 misc:6816 imb:527 pmb:5290 smb:2343 d:- ref:0 ;
in:1586 out:1588 type:b dur:2 cpbdur:2 q:28.32 aq:24.50 tex:19162 mv:17274 misc:7604 imb:155 pmb:2663 smb:5342 d:- ref:0 ;
in:1588 out:1589 type:b dur:2 cpbdur:2 q:28.31 aq:25.42 tex:38460 mv:36437 misc:7751 imb:203 pmb:3247 smb:4710 d:- ref:0 ;
in:1593 out:1590 type:P dur:2 cpbdur:2 q:28.30 aq:22.66 tex:325336 mv:81527 misc:2217 imb:2987 pmb:4842 smb:331 d:- ref:0 ;
in:1591 out:1591 type:B dur:2 cpbdur:2 q:28.30 aq:23.78 tex:91702 mv:63451 misc:7055 imb:545 pmb:5320 smb:2295 d:- ref:0 ;
in:1590 out:1592 type:b dur:2 cpbdur:2 q:28.30 aq:24.69 tex:37084 mv:27145 misc:8227 imb:274 pmb:3783 smb:4103 d:- ref:0 ;
in:1592 out:1593 type:b dur:2 cpbdur:2 q:28.30 aq:25.47 tex:48815 mv:42098 misc:8007 imb:263 pmb:3784 smb:4113 d:- ref:0 ;
in:1597 out:1594 type:P dur:2 cpbdur:2 q:28.29 aq:22.76 tex:357463 mv:81209 misc:2488 imb:2970 pmb:4709 smb:481 d:- ref:0 ;
in:1595 out:1595 type:B dur:2 cpbdur:2 q:28.29 aq:24.27 tex:86770 mv:61726 misc:7344 imb:489 pmb:4885 smb:2786 d:- ref:0 ;
in:1594 out:1596 type:b dur:2 cpbdur:2 q:28.30 aq:24.75 tex:15858 mv:20584 misc:7734 imb:112 pmb:2808 smb:5240 d:- ref:0 ;
in:1596 out:1597 type:b dur:2 cpbdur:2 q:28.29 aq:25.58 tex:41906 mv:37123 misc:7891 imb:245 pmb:3344 smb:4571 d:- ref:0 ;
in:1601 out:1598 type:P dur:2 cpbdur:2 q:28.29 aq:23.16 tex:262199 mv:75254 misc:3179 imb:2563 pmb:4903 smb:694 d:- ref:0 ;
in:1599 out:1599 type:B dur:2 cpbdur:2 q:28.29 aq:24.71 tex:59242 mv:44644 misc:8050 imb:317 pmb:3972 smb:3871 d:- ref:0 ;
in:1598 out:1600 type:b dur:2 cpbdur:2 q:28.29 aq:25.56 tex:24342 mv:22940 misc:7806 imb:104 pmb:3034 smb:5022 d:- ref:0 ;
in:1600 out:1601 type:b dur:2 cpbdur:2 q:28.29 aq:24.17 tex:13913 mv:15079 misc:7464 imb:100 pmb:2570 smb:5490 d:- ref:0 ;
in:1605 out:1602 type:P dur:2 cpbdur:2 q:28.28 aq:23.08 tex:311103 mv:79149 misc:2844 imb:3142 pmb:4457 smb:561 d:- ref:0 ;
in:1603 out:1603 type:B dur:2 cpbdur:2 q:28.28 aq:24.44 tex:82380 mv:58650 misc:7410 imb:468 pmb:4834 smb:2858 d:- ref:0 ;
in:1602 out:1604 type:b dur:2 cpbdur:2 q:28.29 aq:25.49 tex:38657 mv:37865 misc:7774 imb:214 pmb:3207 smb:4739 d:- ref:0 ;
in:1604 out:1605 type:b dur:2 cpbdur:2 q:28.28 aq:24.43 tex:14166 mv:17486 misc:7660 imb:110 pmb:2705 smb:5345 d:- ref:0 ;
in:1609 out:1606 type:P dur:2 cpbdur:2 q:28.26 aq:23.28 tex:315470 mv:78926 misc:2740 imb:2889 pmb:4710 smb:561 d:- ref:0 ;
in:1607 out:1607 type:B dur:2 cpbdur:2 q:28.27 aq:23.84 tex:100350 mv:63876 misc:7006 imb:535 pmb:5050 smb:2575 d:- ref:0 ;
in:1606 out:1608 type:b dur:2 cpbdur:2 q:28.27 aq:25.44 tex:43661 mv:41385 misc:7754 imb:299 pmb:3498 smb:4363 d:- ref:0 ;
in:1608 out:1609 type:b dur:2 cpbdur:2 q:28.27 aq:24.91 tex:19347 mv:17082 misc:7563 imb:133 pmb:2684 smb:5343 d:- ref:0 ;
in:1613 out:1610 type:P dur:2 cpbdur:2 q:28.25 aq:23.25 tex:299696 mv:79290 misc:2446 imb:3210 pmb:4485 smb:465 d:- ref:0 ;
in:1611 out:1611 type:B dur:2 cpbdur:2 q:28.26 aq:23.87 tex:93116 mv:61696 misc:7156 imb:505 pmb:5108 smb:2547 d:- ref:0 ;
in:1610 out:1612 type:b dur:2 cpbdur:2 q:28.26 aq:25.18 tex:42446 mv:40252 misc:7934 imb:296 pmb:3337 smb:4527 d:- ref:0 ;
in:1612 out:1613 type:b dur:2 cpbdur:2 q:28.26 aq:24.93 tex:17009 mv:15884 misc:7467 imb:134 pmb:2531 smb:5495 d:- ref:0 ;
in:1617 out:1614 type:P dur:2 cpbdur:2 q:28.23 aq:23.22 tex:331856 mv:80421 misc:2531 imb:3429 pmb:4262 smb:469 d:- ref:0 ;
in:1615 out:1615 type:B dur:2 cpbdur:2 q:28.24 aq:24.06 tex:132195 mv:70316 misc:6729 imb:609 pmb:5353 smb:2198 d:- ref:0 ;
in:1614 out:1616 type:b dur:2 cpbdur:2 q:28.25 aq:24.38 tex:14453 mv:14820 misc:7351 imb:129 pmb:2443 smb:5588 d:- ref:0 ;
in:1616 out:1617 type:b dur:2 cpbdur:2 q:28.24 aq:25.36 tex:45736 mv:41942 misc:7866 imb:330 pmb:3614 smb:4216 d:- ref:0 ;
in:1621 out:1618 type:P dur:2 cpbdur:2 q:28.22 aq:22.96 tex:349566 mv:82371 misc:1647 imb:3398 pmb:4541 smb:221 d:- ref:0 ;
in:1619 out:1619 type:B dur:2 cpbdur:2 q:28.23 aq:23.99 tex:94767 mv:62713 misc:7368 imb:594 pmb:4913 smb:2653 d:- ref:0 ;
in:1618 out:1620 type:b dur:2 cpbdur:2 q:28.23 aq:24.36 tex:15907 mv:18199 misc:7686 imb:180 pmb:2694 smb:5286 d:- ref:0 ;
in:1620 out:1621 type:b dur:2 cpbdur:2 q:28.22 aq:25.19 tex:80375 mv:47168 misc:7841 imb:550 pmb:4313 smb:3297 d:- ref:0 ;
in:1625 out:1622 type:P dur:2 cpbdur:2 q:28.21 aq:23.03 tex:333764 mv:81897 misc:2091 imb:3329 pmb:4473 smb:358 d:- ref:0 ;
in:1623 out:1623 type:B dur:2 cpbdur:2 q:28.22 aq:24.44 tex:91611 mv:67223 misc:7022 imb:587 pmb:5109 smb:2464 d:- ref:0 ;
in:1622 out:1624 type:b dur:2 cpbdur:2 q:28.22 aq:24.78 tex:17408 mv:20327 misc:7737 imb:100 pmb:2851 smb:5209 d:- ref:0 ;
in:1624 out:1625 type:b dur:2 cpbdur:2 q:28.22 aq:25.33 tex:42822 mv:42841 misc:7897 imb:361 pmb:3434 smb:4365 d:- ref:0 ;
in:1629 out:1626 type:P dur:2 cpbdur:2 q:28.21 aq:22.82 tex:336062 mv:81791 misc:2083 imb:3412 pmb:4430 smb:318 d:- ref:0 ;
in:1627 out:1627 type:B dur:2 cpbdur:2 q:28.21 aq:24.46 tex:77899 mv:62258 misc:7643 imb:574 pmb:4759 smb:2827 d:- ref:0 ;
in:1626 out:1628 type:b dur:2 cpbdur:2 q:28.21 aq:24.79 tex:20455 mv:22785 misc:7936 imb:116 pmb:2985 smb:5059 d:- ref:0 ;
in:1628 out:1629 type:b dur:2 cpbdur:2 q:28.21 aq:25.42 tex:52194 mv:47306 misc:7860 imb:437 pmb:3935 smb:3788 d:- ref:0 ;
in:1633 out:1630 type:P dur:2 cpbdur:2 q:28.21 aq:23.33 tex:265846 mv:76398 misc:2868 imb:2634 pmb:4962 smb:564 d:- ref:0 ;
in:1631 out:1631 type:B dur:2 cpbdur:2 q:28.21 aq:24.80 tex:82932 mv:51034 misc:7770 imb:436 pmb:4518 smb:3206 d:- ref:0 ;
in:1630 out:1632 type:b dur:2 cpbdur:2 q:28.21 aq:24.43 tex:19611 mv:23297 misc:7940 imb:118 pmb:3040 smb:5002 d:- ref:0 ;
in:1632 out:1633 type:b dur:2 cpbdur:2 q:28.21 aq:24.70 tex:16778 mv:18656 misc:7766 imb:149 pmb:2789 smb:5222 d:- ref:0 ;
in:1637 out:1634 type:P dur:2 cpbdur:2 q:28.19 aq:23.25 tex:318483 mv:80119 misc:2446 imb:3306 pmb:4445 smb:409 d:- ref:0 ;
in:1635 out:1635 type:B dur:2 cpbdur:2 q:28.20 aq:24.39 tex:86418 mv:65272 misc:7318 imb:613 pmb:4877 smb:2670 d:- ref:0 ;
in:1634 out:1636 type:b dur:2 cpbdur:2 q:28.20 aq:25.41 tex:48797 mv:46625 misc:7954 imb:380 pmb:3811 smb:3969 d:- ref:0 ;
in:1636 out:1637 type:b dur:2 cpbdur:2 q:28.19 aq:24.32 tex:16580 mv:18683 misc:7809 imb:145 pmb:2815 smb:5200 d:- ref:0 ;
in:1641 out:1638 type:P dur:2 cpbdur:2 q:28.19 aq:23.17 tex:309011 mv:80503 misc:2374 imb:3239 pmb:4514 smb:407 d:- ref:0 ;
in:1639 out:1639 type:B dur:2 cpbdur:2 q:28.19 aq:23.96 tex:93026 mv:63727 misc:7159 imb:587 pmb:5104 smb:2469 d:- ref:0 ;
in:1638 out:1640 type:b dur:2 cpbdur:2 q:28.19 aq:25.06 tex:41120 mv:42932 misc:7884 imb:315 pmb:3478 smb:4367 d:- ref:0 ;
in:1640 out:1641 type:b dur:2 cpbdur:2 q:28.19 aq:24.78 tex:18190 mv:16916 misc:7614 imb:136 pmb:2664 smb:5360 d:- ref:0 ;
in:1645 out:1642 type:P dur:2 cpbdur:2 q:28.18 aq:23.22 tex:288936 mv:80249 misc:2479 imb:3091 pmb:4654 smb:415 d:- ref:0 ;
in:1643 out:1643 type:B dur:2 cpbdur:2 q:28.18 aq:23.79 tex:113367 mv:63369 misc:7096 imb:560 pmb:5165 smb:2435 d:- ref:0 ;
in:1642 out:1644 type:b dur:2 cpbdur:2 q:28.18 aq:25.66 tex:65584 mv:45421 misc:7755 imb:338 pmb:3913 smb:3909 d:- ref:0 ;
in:1644 out:1645 type:b dur:2 cpbdur:2 q:28.18 aq:24.46 tex:17223 mv:15075 misc:7390 imb:111 pmb:2482 smb:5567 d:- ref:0 ;
in:1649 out:1646 type:P dur:2 cpbdur:2 q:28.16 aq:23.47 tex:272867 mv:78929 misc:2660 imb:3188 pmb:4481 smb:491 d:- ref:0 ;
in:1647 out:1647 type:B dur:2 cpbdur:2 q:28.17 aq:23.64 tex:95131 mv:64481 misc:7452 imb:548 pmb:4979 smb:2633 d:- ref:0 ;
in:1646 out:1648 type:b dur:2 cpbdur:2 q:28.17 aq:24.22 tex:15647 mv:16630 misc:7547 imb:154 pmb:2540 smb:5466 d:- ref:0 ;
in:1648 out:1649 type:b dur:2 cpbdur:2 q:28.17 aq:25.02 tex:50211 mv:45832 misc:7941 imb:362 pmb:3983 smb:3815 d:- ref:0 ;
in:1653 out:1650 type:P dur:2 cpbdur:2 q:28.14 aq:22.82 tex:330457 mv:81944 misc:1743 imb:3412 pmb:4535 smb:213 d:- ref:0 ;
in:1651 out:1651 type:B dur:2 cpbdur:2 q:28.15 aq:23.42 tex:131853 mv:73848 misc:6027 imb:893 pmb:5585 smb:1682 d:- ref:0 ;
in:1650 out:1652 type:b dur:2 cpbdur:2 q:28.16 aq:23.45 tex:21066 mv:16180 misc:7418 imb:278 pmb:2445 smb:5437 d:- ref:0 ;
in:1652 out:1653 type:b dur:2 cpbdur:2 q:28.14 aq:24.92 tex:40431 mv:39476 misc:7965 imb:298 pmb:3464 smb:4398 d:- ref:0 ;
in:1657 out:1654 type:P dur:2 cpbdur:2 q:28.13 aq:22.68 tex:272629 mv:79223 misc:2588 imb:3242 pmb:4451 smb:467 d:- ref:0 ;
in:1655 out:1655 type:B dur:2 cpbdur:2 q:28.14 aq:24.08 tex:73372 mv:59717 misc:7695 imb:562 pmb:4703 smb:2895 d:- ref:0 ;
in:1654 out:1656 type:b dur:2 cpbdur:2 q:28.14 aq:24.56 tex:23813 mv:21603 misc:7832 imb:118 pmb:2959 smb:5083 d:- ref:0 ;
in:1656 out:1657 type:b dur:2 cpbdur:2 q:28.13 aq:24.77 tex:42978 mv:44910 misc:8056 imb:390 pmb:3770 smb:4000 d:- ref:0 ;
in:1661 out:1658 type:P dur:2 cpbdur:2 q:28.12 aq:22.62 tex:282874 mv:79514 misc:2436 imb:3576 pmb:4173 smb:411 d:- ref:0 ;
in:1659 out:1659 type:B dur:2 cpbdur:2 q:28.12 aq:24.03 tex:89063 mv:65425 misc:7128 imb:596 pmb:5078 smb:2486 d:- ref:0 ;
in:1658 out:1660 type:b dur:2 cpbdur:2 q:28.13 aq:24.44 tex:16031 mv:21949 misc:7732 imb:127 pmb:2861 smb:5172 d:- ref:0 ;
in:1660 out:1661 type:b dur:2 cpbdur:2 q:28.12 aq:24.79 tex:44061 mv:44569 misc:7962 imb:407 pmb:3634 smb:4119 d:- ref:0 ;
in:1665 out:1662 type:P dur:2 cpbdur:2 q:28.11 aq:23.06 tex:237554 mv:75620 misc:3242 imb:2906 pmb:4628 smb:626 d:- ref:0 ;
in:1663 out:1663 type:B dur:2 cpbdur:2 q:28.11 aq:24.00 tex:54784 mv:48391 misc:8065 imb:495 pmb:4038 smb:3627 d:- ref:0 ;
in:1662 out:1664 type:b dur:2 cpbdur:2 q:28.12 aq:24.17 tex:17269 mv:23657 misc:7914 imb:129 pmb:3032 smb:4999 d:- ref:0 ;
in:1664 out:1665 type:b dur:2 cpbdur:2 q:28.11 aq:23.99 tex:18439 mv:18326 misc:7835 imb:145 pmb:2923 smb:5092 d:- ref:0 ;
in:1669 out:1666 type:P dur:2 cpbdur:2 q:28.10 aq:22.85 tex:246004 mv:77661 misc:2655 imb:3535 pmb:4109 smb:516 d:- ref:0 ;
in:1667 out:1667 type:B dur:2 cpbdur:2 q:28.10 aq:23.85 tex:75495 mv:60754 misc:7519 imb:731 pmb:4636 smb:2793 d:- ref:0 ;
in:1666 out:1668 type:b dur:2 cpbdur:2 q:28.11 aq:24.64 tex:40767 mv:41230 misc:7883 imb:407 pmb:3340 smb:4413 d:- ref:0 ;
in:1668 out:1669 type:b dur:2 cpbdur:2 q:28.10 aq:24.00 tex:15876 mv:17666 misc:7658 imb:158 pmb:2674 smb:5328 d:- ref:0 ;
in:1673 out:1670 type:P dur:2 cpbdur:2 q:28.07 aq:22.85 tex:237356 mv:77541 misc:2591 imb:3639 pmb:4051 smb:470 d:- ref:0 ;
in:1671 out:1671 type:B dur:2 cpbdur:2 q:28.09 aq:23.20 tex:89968 mv:66825 misc:7055 imb:764 pmb:4998 smb:2398 d:- ref:0 ;
in:1670 out:1672 type:b dur:2 cpbdur:2 q:28.09 aq:24.51 tex:50679 mv:46548 misc:7877 imb:396 pmb:3965 smb:3799 d:- ref:0 ;
in:1672 out:1673 type:b dur:2 cpbdur:2 q:28.08 aq:23.58 tex:15954 mv:17652 misc:7546 imb:184 pmb:2523 smb:5453 d:- ref:0 ;
in:1677 out:1674 type:P dur:2 cpbdur:2 q:28.05 aq:22.79 tex:227378 mv:78116 misc:2714 imb:3589 pmb:4058 smb:513 d:- ref:0 ;
in:1675 out:1675 type:B dur:2 cpbdur:2 q:28.06 aq:23.13 tex:92874 mv:61455 misc:7183 imb:774 pmb:4881 smb:2505 d:- ref:0 ;
in:1674 out:1676 type:b dur:2 cpbdur:2 q:28.07 aq:24.27 tex:39920 mv:40480 misc:8016 imb:425 pmb:3376 smb:4359 d:- ref:0 ;
in:1676 out:1677 type:b dur:2 cpbdur:2 q:28.06 aq:24.10 tex:21956 mv:16568 misc:7596 imb:176 pmb:2577 smb:5407 d:- ref:0 ;
in:1681 out:1678 type:P dur:2 cpbdur:2 q:28.02 aq:22.77 tex:234981 mv:78061 misc:2182 imb:3803 pmb:4040 smb:317 d:- ref:0 ;
in:1679 out:1679 type:B dur:2 cpbdur:2 q:28.04 aq:23.26 tex:90388 mv:63941 misc:7127 imb:717 pmb:4892 smb:2551 d:- ref:0 ;
in:1678 out:1680 type:b dur:2 cpbdur:2 q:28.05 aq:23.27 tex:17211 mv:17782 misc:7583 imb:234 pmb:2567 smb:5359 d:- ref:0 ;
in:1680 out:1681 type:b dur:2 cpbdur:2 q:28.03 aq:23.80 tex:47308 mv:45031 misc:8005 imb:620 pmb:3890 smb:3650 d:- ref:0 ;
in:1685 out:1682 type:P dur:2 cpbdur:2 q:27.99 aq:22.46 tex:225763 mv:76111 misc:2838 imb:3742 pmb:3797 smb:621 d:- ref:0 ;
in:1683 out:1683 type:B dur:2 cpbdur:2 q:28.00 aq:23.07 tex:76731 mv:61489 misc:7476 imb:698 pmb:4709 smb:2753 d:- ref:0 ;
in:1682 out:1684 type:b dur:2 cpbdur:2 q:28.01 aq:23.26 tex:17865 mv:17907 misc:7620 imb:257 pmb:2611 smb:5292 d:- ref:0 ;
in:1684 out:1685 type:b dur:2 cpbdur:2 q:27.99 aq:24.31 tex:44425 mv:44383 misc:7728 imb:493 pmb:3712 smb:3955 d:- ref:0 ;
in:1689 out:1686 type:P dur:2 cpbdur:2 q:27.96 aq:22.53 tex:214771 mv:75839 misc:2718 imb:3716 pmb:3844 smb:600 d:- ref:0 ;
in:1687 out:1687 type:B dur:2 cpbdur:2 q:27.98 aq:23.32 tex:83565 mv:59804 misc:7255 imb:769 pmb:4650 smb:2741 d:- ref:0 ;
in:1686 out:1688 type:b dur:2 cpbdur:2 q:27.98 aq:23.44 tex:18687 mv:21523 misc:7806 imb:152 pmb:2941 smb:5067 d:- ref:0 ;
in:1688 out:1689 type:b dur:2 cpbdur:2 q:27.97 aq:24.04 tex:39745 mv:41637 misc:7906 imb:502 pmb:3466 smb:4192 d:- ref:0 ;
in:1693 out:1690 type:P dur:2 cpbdur:2 q:27.94 aq:22.94 tex:180780 mv:72981 misc:3311 imb:3345 pmb:4028 smb:787 d:- ref:0 ;
in:1691 out:1691 type:B dur:2 cpbdur:2 q:27.95 aq:23.17 tex:47707 mv:46524 misc:8009 imb:554 pmb:3810 smb:3796 d:- ref:0 ;
in:1690 out:1692 type:b dur:2 cpbdur:2 q:27.96 aq:23.69 tex:18760 mv:22190 misc:7810 imb:156 pmb:2955 smb:5049 d:- ref:0 ;
in:1692 out:1693 type:b dur:2 cpbdur:2 q:27.95 aq:23.55 tex:20129 mv:18786 misc:7797 imb:187 pmb:2908 smb:5065 d:- ref:0 ;
in:1697 out:1694 type:P dur:2 cpbdur:2 q:27.92 aq:22.74 tex:200851 mv:73923 misc:2538 imb:4208 pmb:3413 smb:539 d:- ref:0 ;
in:1695 out:1695 type:B dur:2 cpbdur:2 q:27.93 aq:23.43 tex:74719 mv:61534 misc:6899 imb:903 pmb:4907 smb:2350 d:- ref:0 ;
in:1694 out:1696 type:b dur:2 cpbdur:2 q:27.93 aq:23.96 tex:42865 mv:44962 misc:7981 imb:542 pmb:3645 smb:3973 d:- ref:0 ;
in:1696 out:1697 type:b dur:2 cpbdur:2 q:27.92 aq:23.39 tex:19246 mv:20007 misc:7923 imb:229 pmb:2891 smb:5040 d:- ref:0 ;
in:1701 out:1698 type:P dur:2 cpbdur:2 q:27.89 aq:22.70 tex:185362 mv:74013 misc:2873 imb:4060 pmb:3444 smb:656 d:- ref:0 ;
in:1699 out:1699 type:B dur:2 cpbdur:2 q:27.90 aq:23.05 tex:68354 mv:59733 misc:7265 imb:925 pmb:4435 smb:2800 d:- ref:0 ;
in:1698 out:1700 type:b dur:2 cpbdur:2 q:27.91 aq:23.74 tex:47762 mv:47329 misc:7797 imb:568 pmb:3911 smb:3681 d:- ref:0 ;
in:1700 out:1701 type:b dur:2 cpbdur:2 q:27.90 aq:23.16 tex:20946 mv:20408 misc:7870 imb:210 pmb:3022 smb:4928 d:- ref:0 ;
in:1705 out:1702 type:P dur:2 cpbdur:2 q:27.86 aq:22.74 tex:181301 mv:72293 misc:2846 imb:4322 pmb:3229 smb:609 d:- ref:0 ;
in:1703 out:1703 type:B dur:2 cpbdur:2 q:27.87 aq:22.92 tex:85156 mv:65516 misc:6760 imb:961 pmb:4901 smb:2298 d:- ref:0 ;
in:1702 out:1704 type:b dur:2 cpbdur:2 q:27.88 aq:23.57 tex:38376 mv:41429 misc:8035 imb:543 pmb:3420 smb:4197 d:- ref:0 ;
in:1704 out:1705 type:b dur:2 cpbdur:2 q:27.86 aq:23.25 tex:25369 mv:22260 misc:8115 imb:325 pmb:3093 smb:4742 d:- ref:0 ;
in:1709 out:1706 type:P dur:2 cpbdur:2 q:27.81 aq:22.78 tex:183751 mv:70866 misc:2623 imb:4601 pmb:3003 smb:556 d:- ref:0 ;
in:1707 out:1707 type:B dur:2 cpbdur:2 q:27.83 aq:22.66 tex:80995 mv:65900 misc:6865 imb:1124 pmb:4726 smb:2310 d:- ref:0 ;
in:1706 out:1708 type:b dur:2 cpbdur:2 q:27.85 aq:23.63 tex:50560 mv:51083 misc:7621 imb:781 pmb:4003 smb:3376 d:- ref:0 ;
in:1708 out:1709 type:b dur:2 cpbdur:2 q:27.82 aq:23.02 tex:19681 mv:20074 misc:7885 imb:286 pmb:2723 smb:5151 d:- ref:0 ;
in:1713 out:1710 type:P dur:2 cpbdur:2 q:27.77 aq:22.45 tex:180572 mv:71810 misc:1994 imb:4900 pmb:2961 smb:299 d:- ref:0 ;
in:1711 out:1711 type:B dur:2 cpbdur:2 q:27.79 aq:22.37 tex:77476 mv:63245 misc:6927 imb:1065 pmb:4864 smb:2231 d:- ref:0 ;
in:1710 out:1712 type:b dur:2 cpbdur:2 q:27.80 aq:22.44 tex:26171 mv:22001 misc:8036 imb:466 pmb:3011 smb:4683 d:- ref:0 ;
in:1712 out:1713 type:b dur:2 cpbdur:2 q:27.78 aq:23.38 tex:40877 mv:47524 misc:7855 imb:663 pmb:3877 smb:3620 d:- ref:0 ;
in:1717 out:1714 type:P dur:2 cpbdur:2 q:27.73 aq:22.25 tex:190616 mv:72740 misc:2308 imb:4677 pmb:3097 smb:386 d:- ref:0 ;
in:1715 out:1715 type:B dur:2 cpbdur:2 q:27.75 aq:22.61 tex:87120 mv:68246 misc:6370 imb:1161 pmb:4998 smb:2001 d:- ref:0 ;
in:1714 out:1716 type:b dur:2 cpbdur:2 q:27.76 aq:22.67 tex:22532 mv:21231 misc:7901 imb:326 pmb:2984 smb:4850 d:- ref:0 ;
in:1716 out:1717 type:b dur:2 cpbdur:2 q:27.74 aq:23.11 tex:40246 mv:45371 misc:7959 imb:781 pmb:3529 smb:3850 d:- ref:0 ;
in:1721 out:1718 type:P dur:2 cpbdur:2 q:27.70 aq:22.27 tex:168162 mv:70995 misc:2643 imb:4427 pmb:3214 smb:519 d:- ref:0 ;
in:1719 out:1719 type:B dur:2 cpbdur:2 q:27.71 aq:22.77 tex:57997 mv:58578 misc:7393 imb:1046 pmb:4471 smb:2643 d:- ref:0 ;
in:1718 out:1720 type:b dur:2 cpbdur:2 q:27.72 aq:22.82 tex:22438 mv:23621 misc:8069 imb:263 pmb:3154 smb:4743 d:- ref:0 ;
in:1720 out:1721 type:b dur:2 cpbdur:2 q:27.71 aq:23.29 tex:43636 mv:45949 misc:7895 imb:753 pmb:3887 smb:3520 d:- ref:0 ;
in:1725 out:1722 type:P dur:2 cpbdur:2 q:27.67 aq:22.40 tex:132246 mv:67408 misc:3466 imb:3982 pmb:3438 smb:740 d:- ref:0 ;
in:1723 out:1723 type:B dur:2 cpbdur:2 q:27.69 aq:22.61 tex:49601 mv:52284 misc:7771 imb:876 pmb:4130 smb:3154 d:- ref:0 ;
in:1722 out:1724 type:b dur:2 cpbdur:2 q:27.69 aq:22.58 tex:22713 mv:24123 misc:8108 imb:325 pmb:3193 smb:4642 d:- ref:0 ;
in:1724 out:1725 type:b dur:2 cpbdur:2 q:27.68 aq:22.58 tex:22731 mv:21097 misc:8036 imb:341 pmb:2888 smb:4931 d:- ref:0 ;
in:1726 out:1726 type:P dur:2 cpbdur:2 q:27.64 aq:22.53 tex:97192 mv:57080 misc:5536 imb:2802 pmb:3631 smb:1727 d:- ref:0 ;
in:1727 out:1727 type:P dur:2 cpbdur:2 q:27.64 aq:22.52 tex:101542 mv:58549 misc:5125 imb:3275 pmb:3381 smb:1504 d:- ref:0 ;
in:1728 out:1728 type:I dur:2 cpbdur:2 q:24.89 aq:19.86 tex:333554 mv:119476 misc:434 imb:8160 pmb:0 smb:0 d:- ref:;
in:1732 out:1729 type:P dur:2 cpbdur:2 q:27.67 aq:22.03 tex:182263 mv:69334 misc:1339 imb:5616 pmb:2418 smb:126 d:- ref:0 ;
in:1730 out:1730 type:B dur:2 cpbdur:2 q:27.67 aq:22.47 tex:68619 mv:67207 misc:6550 imb:1890 pmb:4291 smb:1979 d:- ref:0 ;
in:1729 out:1731 type:b dur:2 cpbdur:2 q:27.67 aq:22.26 tex:33340 mv:39109 misc:8015 imb:1015 pmb:3375 smb:3770 d:- ref:0 ;
in:1731 out:1732 type:b dur:2 cpbdur:2 q:27.67 aq:22.81 tex:47505 mv:50152 misc:7823 imb:1136 pmb:3805 smb:3219 d:- ref:0 ;
in:1736 out:1733 type:P dur:2 cpbdur:2 q:27.64 aq:22.28 tex:138177 mv:68687 misc:2328 imb:4700 pmb:3097 smb:363 d:- ref:0 ;
in:1734 out:1734 type:B dur:2 cpbdur:2 q:27.66 aq:22.31 tex:51129 mv:55237 misc:7698 imb:1100 pmb:4184 smb:2876 d:- ref:0 ;
in:1733 out:1735 type:b dur:2 cpbdur:2 q:27.66 aq:22.24 tex:25039 mv:28260 misc:8213 imb:464 pmb:3209 smb:4487 d:- ref:0 ;
in:1735 out:1736 type:b dur:2 cpbdur:2 q:27.65 aq:22.24 tex:27482 mv:28511 misc:8159 imb:562 pmb:3320 smb:4278 d:- ref:0 ;
in:1740 out:1737 type:P dur:2 cpbdur:2 q:27.60 aq:22.05 tex:189639 mv:69327 misc:1130 imb:5613 pmb:2468 smb:79 d:- ref:0 ;
in:1738 out:1738 type:B dur:2 cpbdur:2 q:27.62 aq:22.54 tex:79536 mv:70020 misc:5852 imb:1789 pmb:4785 smb:1586 d:- ref:0 ;
in:1737 out:1739 type:b dur:2 cpbdur:2 q:27.63 aq:22.96 tex:52545 mv:53819 misc:7436 imb:1109 pmb:4287 smb:2764 d:- ref:0 ;
in:1739 out:1740 type:b dur:2 cpbdur:2 q:27.61 aq:22.26 tex:40127 mv:36404 misc:8045 imb:773 pmb:4069 smb:3318 d:- ref:0 ;
in:1744 out:1741 type:P dur:2 cpbdur:2 q:27.55 aq:22.22 tex:164834 mv:70477 misc:1969 imb:5040 pmb:2793 smb:327 d:- ref:0 ;
in:1742 out:1742 type:B dur:2 cpbdur:2 q:27.57 aq:22.24 tex:69951 mv:65798 misc:6723 imb:1556 pmb:4513 smb:2091 d:- ref:0 ;
in:1741 out:1743 type:b dur:2 cpbdur:2 q:27.59 aq:22.61 tex:41479 mv:47413 misc:8004 imb:938 pmb:3758 smb:3464 d:- ref:0 ;
in:1743 out:1744 type:b dur:2 cpbdur:2 q:27.56 aq:22.25 tex:27634 mv:30260 misc:8186 imb:539 pmb:3339 smb:4282 d:- ref:0 ;
in:1748 out:1745 type:P dur:2 cpbdur:2 q:27.51 aq:22.20 tex:179587 mv:72479 misc:1702 imb:5080 pmb:2851 smb:229 d:- ref:0 ;
in:1746 out:1746 type:B dur:2 cpbdur:2 q:27.53 aq:22.28 tex:75379 mv:67438 misc:6615 imb:1519 pmb:4599 smb:2042 d:- ref:0 ;
in:1745 out:1747 type:b dur:2 cpbdur:2 q:27.54 aq:22.76 tex:46859 mv:54747 misc:7690 imb:1004 pmb:4241 smb:2915 d:- ref:0 ;
in:1747 out:1748 type:b dur:2 cpbdur:2 q:27.52 aq:22.27 tex:28235 mv:30599 misc:8190 imb:597 pmb:3260 smb:4303 d:- ref:0 ;
in:1752 out:1749 type:P dur:2 cpbdur:2 q:27.47 aq:22.24 tex:186198 mv:70424 misc:1746 imb:5321 pmb:2601 smb:238 d:- ref:0 ;
in:1750 out:1750 type:B dur:2 cpbdur:2 q:27.49 aq:22.14 tex:79870 mv:68350 misc:6716 imb:1617 pmb:4350 smb:2193 d:- ref:0 ;
in:1749 out:1751 type:b dur:2 cpbdur:2 q:27.50 aq:22.03 tex:33291 mv:35798 misc:8151 imb:738 pmb:3485 smb:3937 d:- ref:0 ;
in:1751 out:1752 type:b dur:2 cpbdur:2 q:27.48 aq:22.73 tex:49127 mv:50771 misc:7646 imb:1000 pmb:4005 smb:3155 d:- ref:0 ;
in:1756 out:1753 type:P dur:2 cpbdur:2 q:27.44 aq:21.83 tex:188702 mv:71619 misc:1807 imb:5164 pmb:2756 smb:240 d:- ref:0 ;
in:1754 out:1754 type:B dur:2 cpbdur:2 q:27.45 aq:22.04 tex:91961 mv:72248 misc:6247 imb:1595 pmb:4618 smb:1947 d:- ref:0 ;
in:1753 out:1755 type:b dur:2 cpbdur:2 q:27.46 aq:22.34 tex:34613 mv:35186 misc:8169 imb:661 pmb:3788 smb:3711 d:- ref:0 ;
in:1755 out:1756 type:b dur:2 cpbdur:2 q:27.45 aq:22.50 tex:47085 mv:48669 misc:7910 imb:1018 pmb:3668 smb:3474 d:- ref:0 ;
in:1760 out:1757 type:P dur:2 cpbdur:2 q:27.42 aq:21.93 tex:185947 mv:71200 misc:2021 imb:5103 pmb:2746 smb:311 d:- ref:0 ;
in:1758 out:1758 type:B dur:2 cpbdur:2 q:27.43 aq:21.99 tex:73585 mv:68296 misc:6847 imb:1523 pmb:4328 smb:2309 d:- ref:0 ;
in:1757 out:1759 type:b dur:2 cpbdur:2 q:27.43 aq:22.21 tex:32679 mv:37031 misc:8090 imb:590 pmb:3620 smb:3950 d:- ref:0 ;
in:1759 out:1760 type:b dur:2 cpbdur:2 q:27.43 aq:22.58 tex:59926 mv:56495 misc:7147 imb:1071 pmb:4398 smb:2691 d:- ref:0 ;
in:1764 out:1761 type:P dur:2 cpbdur:2 q:27.40 aq:21.83 tex:160947 mv:69308 misc:2361 imb:4908 pmb:2854 smb:398 d:- ref:0 ;
in:1762 out:1762 type:B dur:2 cpbdur:2 q:27.41 aq:22.30 tex:77350 mv:63475 misc:6679 imb:1266 pmb:4694 smb:2200 d:- ref:0 ;
in:1761 out:1763 type:b dur:2 cpbdur:2 q:27.42 aq:22.25 tex:36841 mv:39454 misc:8113 imb:564 pmb:3938 smb:3658 d:- ref:0 ;
in:1763 out:1764 type:b dur:2 cpbdur:2 q:27.41 aq:22.22 tex:35892 mv:36194 misc:8050 imb:577 pmb:3704 smb:3879 d:- ref:0 ;
in:1768 out:1765 type:P dur:2 cpbdur:2 q:27.37 aq:22.00 tex:171831 mv:68658 misc:2375 imb:5225 pmb:2525 smb:410 d:- ref:0 ;
in:1766 out:1766 type:B dur:2 cpbdur:2 q:27.39 aq:21.99 tex:78843 mv:67583 misc:6550 imb:1519 pmb:4503 smb:2138 d:- ref:0 ;
in:1765 out:1767 type:b dur:2 cpbdur:2 q:27.39 aq:22.42 tex:52946 mv:51943 misc:7559 imb:915 pmb:3986 smb:3259 d:- ref:0 ;
in:1767 out:1768 type:b dur:2 cpbdur:2 q:27.38 aq:22.18 tex:35173 mv:35402 misc:8089 imb:606 pmb:3648 smb:3906 d:- ref:0 ;
in:1772 out:1769 type:P dur:2 cpbdur:2 q:27.35 aq:21.84 tex:174620 mv:69703 misc:1669 imb:5377 pmb:2564 smb:219 d:- ref:0 ;
in:1770 out:1770 type:B dur:2 cpbdur:2 q:27.36 aq:21.81 tex:92786 mv:70289 misc:5813 imb:1870 pmb:4721 smb:1569 d:- ref:0 ;
in:1769 out:1771 type:b dur:2 cpbdur:2 q:27.37 aq:22.33 tex:51393 mv:50699 misc:7652 imb:994 pmb:4047 smb:3119 d:- ref:0 ;
in:1771 out:1772 type:b dur:2 cpbdur:2 q:27.36 aq:22.14 tex:38141 mv:37087 misc:8020 imb:617 pmb:3831 smb:3712 d:- ref:0 ;
in:1776 out:1773 type:P dur:2 cpbdur:2 q:27.32 aq:21.66 tex:167920 mv:66735 misc:2641 imb:5257 pmb:2364 smb:539 d:- ref:0 ;
in:1774 out:1774 type:B dur:2 cpbdur:2 q:27.34 aq:21.90 tex:82214 mv:66421 misc:6805 imb:1479 pmb:4354 smb:2327 d:- ref:0 ;
in:1773 out:1775 type:b dur:2 cpbdur:2 q:27.34 aq:22.37 tex:48849 mv:51773 misc:7682 imb:945 pmb:3935 smb:3280 d:- ref:0 ;
in:1775 out:1776 type:b dur:2 cpbdur:2 q:27.33 aq:21.92 tex:38892 mv:38106 misc:7978 imb:707 pmb:3558 smb:3895 d:- ref:0 ;
in:1780 out:1777 type:P dur:2 cpbdur:2 q:27.30 aq:21.55 tex:157298 mv:66065 misc:3021 imb:5176 pmb:2340 smb:644 d:- ref:0 ;
in:1778 out:1778 type:B dur:2 cpbdur:2 q:27.31 aq:21.66 tex:76845 mv:65848 misc:6843 imb:1522 pmb:4238 smb:2400 d:- ref:0 ;
in:1777 out:1779 type:b dur:2 cpbdur:2 q:27.32 aq:21.98 tex:46312 mv:47251 misc:7757 imb:866 pmb:3531 smb:3763 d:- ref:0 ;
in:1779 out:1780 type:b dur:2 cpbdur:2 q:27.31 aq:21.75 tex:36341 mv:37471 misc:8036 imb:719 pmb:3412 smb:4029 d:- ref:0 ;
in:1784 out:1781 type:P dur:2 cpbdur:2 q:27.27 aq:21.40 tex:152185 mv:64550 misc:3097 imb:5166 pmb:2336 smb:658 d:- ref:0 ;
in:1782 out:1782 type:B dur:2 cpbdur:2 q:27.29 aq:21.51 tex:80148 mv:65073 misc:6707 imb:1542 pmb:4259 smb:2359 d:- ref:0 ;
in:1781 out:1783 type:b dur:2 cpbdur:2 q:27.29 aq:21.82 tex:38357 mv:37830 misc:7965 imb:734 pmb:3544 smb:3882 d:- ref:0 ;
in:1783 out:1784 type:b dur:2 cpbdur:2 q:27.28 aq:21.95 tex:46131 mv:44592 misc:7813 imb:914 pmb:3443 smb:3803 d:- ref:0 ;
in:1788 out:1785 type:P dur:2 cpbdur:2 q:27.25 aq:21.35 tex:145831 mv:63294 misc:2971 imb:5334 pmb:2184 smb:642 d:- ref:0 ;
in:1786 out:1786 type:B dur:2 cpbdur:2 q:27.26 aq:21.43 tex:77733 mv:64777 misc:6970 imb:1705 pmb:4049 smb:2406 d:- ref:0 ;
in:1785 out:1787 type:b dur:2 cpbdur:2 q:27.27 aq:21.74 tex:40617 mv:39910 misc:7913 imb:825 pmb:3532 smb:3803 d:- ref:0 ;
in:1787 out:1788 type:b dur:2 cpbdur:2 q:27.25 aq:21.88 tex:47213 mv:47629 misc:7694 imb:1047 pmb:3589 smb:3524 d:- ref:0 ;
in:1792 out:1789 type:P dur:2 cpbdur:2 q:27.22 aq:21.20 tex:148378 mv:62704 misc:2814 imb:5418 pmb:2149 smb:593 d:- ref:0 ;
in:1790 out:1790 type:B dur:2 cpbdur:2 q:27.24 aq:21.42 tex:70523 mv:61548 misc:6913 imb:1701 pmb:3935 smb:2524 d:- ref:0 ;
in:1789 out:1791 type:b dur:2 cpbdur:2 q:27.24 aq:21.62 tex:40495 mv:38315 misc:7806 imb:750 pmb:3415 smb:3995 d:- ref:0 ;
in:1791 out:1792 type:b dur:2 cpbdur:2 q:27.23 aq:21.53 tex:43003 mv:42927 misc:7742 imb:1046 pmb:3294 smb:3820 d:- ref:0 ;
in:1796 out:1793 type:P dur:2 cpbdur:2 q:27.19 aq:21.15 tex:130445 mv:60776 misc:3059 imb:5268 pmb:2184 smb:708 d:- ref:0 ;
in:1794 out:1794 type:B dur:2 cpbdur:2 q:27.21 aq:21.12 tex:64146 mv:53789 misc:7353 imb:1484 pmb:3774 smb:2902 d:- ref:0 ;
in:1793 out:1795 type:b dur:2 cpbdur:2 q:27.21 aq:21.64 tex:38006 mv:38188 misc:7894 imb:757 pmb:3592 smb:3811 d:- ref:0 ;
in:1795 out:1796 type:b dur:2 cpbdur:2 q:27.20 aq:21.32 tex:36321 mv:35987 misc:8004 imb:738 pmb:3504 smb:3918 d:- ref:0 ;
in:1797 out:1797 type:P dur:2 cpbdur:2 q:27.16 aq:21.13 tex:82870 mv:49867 misc:5903 imb:3328 pmb:2641 smb:2191 d:- ref:0 ;
in:1798 out:1798 type:P dur:2 cpbdur:2 q:27.15 aq:21.08 tex:88600 mv:51136 misc:5600 imb:3449 pmb:2645 smb:2066 d:- ref:0 ;
in:1799 out:1799 type:P dur:2 cpbdur:2 q:27.15 aq:20.93 tex:76523 mv:47609 misc:6156 imb:3215 pmb:2548 smb:2397 d:- ref:0 ;
in:1800 out:1800 type:I dur:2 cpbdur:2 q:24.38 aq:17.85 tex:260948 mv:89614 misc:406 imb:8160 pmb:0 smb:0 d:- ref:;
in:1804 out:1801 type:P dur:2 cpbdur:2 q:27.17 aq:20.81 tex:127023 mv:56815 misc:3098 imb:5676 pmb:1773 smb:711 d:- ref:0 ;
in:1802 out:1802 type:B dur:2 cpbdur:2 q:27.17 aq:20.70 tex:68411 mv:57715 misc:6890 imb:2039 pmb:3527 smb:2594 d:- ref:0 ;
in:1801 out:1803 type:b dur:2 cpbdur:2 q:27.17 aq:21.07 tex:44019 mv:46431 misc:7662 imb:1144 pmb:3425 smb:3591 d:- ref:0 ;
in:1803 out:1804 type:b dur:2 cpbdur:2 q:27.17 aq:21.01 tex:42047 mv:39916 misc:7557 imb:1145 pmb:3300 smb:3715 d:- ref:0 ;
in:1808 out:1805 type:P dur:2 cpbdur:2 q:27.13 aq:20.58 tex:119173 mv:55305 misc:3658 imb:5267 pmb:1924 smb:969 d:- ref:0 ;
in:1806 out:1806 type:B dur:2 cpbdur:2 q:27.15 aq:20.77 tex:66196 mv:53009 misc:7059 imb:1871 pmb:3385 smb:2904 d:- ref:0 ;
in:1805 out:1807 type:b dur:2 cpbdur:2 q:27.16 aq:21.17 tex:41707 mv:38192 misc:7605 imb:1110 pmb:3117 smb:3933 d:- ref:0 ;
in:1807 out:1808 type:b dur:2 cpbdur:2 q:27.14 aq:21.13 tex:40301 mv:36098 misc:7713 imb:963 pmb:3174 smb:4023 d:- ref:0 ;
in:1812 out:1809 type:P dur:2 cpbdur:2 q:27.09 aq:20.44 tex:114957 mv:53456 misc:3851 imb:5196 pmb:1891 smb:1073 d:- ref:0 ;
in:1810 out:1810 type:B dur:2 cpbdur:2 q:27.11 aq:20.61 tex:68183 mv:51210 misc:7135 imb:1769 pmb:3459 smb:2932 d:- ref:0 ;
in:1809 out:1811 type:b dur:2 cpbdur:2 q:27.12 aq:21.08 tex:45989 mv:39816 misc:7427 imb:1149 pmb:3057 smb:3954 d:- ref:0 ;
in:1811 out:1812 type:b dur:2 cpbdur:2 q:27.10 aq:20.93 tex:34867 mv:30878 misc:7551 imb:769 pmb:3034 smb:4357 d:- ref:0 ;
in:1816 out:1813 type:P dur:2 cpbdur:2 q:27.03 aq:20.03 tex:106714 mv:53931 misc:3835 imb:5007 pmb:2101 smb:1052 d:- ref:0 ;
in:1814 out:1814 type:B dur:2 cpbdur:2 q:27.06 aq:20.45 tex:59099 mv:44350 misc:7351 imb:1448 pmb:3496 smb:3216 d:- ref:0 ;
in:1813 out:1815 type:b dur:2 cpbdur:2 q:27.07 aq:20.85 tex:37858 mv:31922 misc:7628 imb:793 pmb:3246 smb:4121 d:- ref:0 ;
in:1815 out:1816 type:b dur:2 cpbdur:2 q:27.04 aq:20.64 tex:38543 mv:32640 misc:7569 imb:960 pmb:2987 smb:4213 d:- ref:0 ;
in:1820 out:1817 type:P dur:2 cpbdur:2 q:26.98 aq:19.87 tex:98971 mv:53027 misc:3946 imb:4946 pmb:2194 smb:1020 d:- ref:0 ;
in:1818 out:1818 type:B dur:2 cpbdur:2 q:27.00 aq:20.07 tex:52710 mv:40605 misc:7493 imb:1298 pmb:3554 smb:3308 d:- ref:0 ;
in:1817 out:1819 type:b dur:2 cpbdur:2 q:27.02 aq:20.47 tex:31671 mv:27272 misc:7761 imb:717 pmb:2972 smb:4471 d:- ref:0 ;
in:1819 out:1820 type:b dur:2 cpbdur:2 q:26.99 aq:20.55 tex:33410 mv:28431 misc:7831 imb:710 pmb:3126 smb:4324 d:- ref:0 ;
in:1821 out:1821 type:P dur:2 cpbdur:2 q:26.93 aq:19.94 tex:59800 mv:33822 misc:6794 imb:2566 pmb:2091 smb:3503 d:- ref:0 ;
in:1822 out:1822 type:P dur:2 cpbdur:2 q:26.92 aq:19.95 tex:66980 mv:39068 misc:6640 imb:2900 pmb:2207 smb:3053 d:- ref:0 ;
in:1823 out:1823 type:P dur:2 cpbdur:2 q:26.91 aq:19.97 tex:63780 mv:37199 misc:6701 imb:2898 pmb:2163 smb:3099 d:- ref:0 ;
in:1824 out:1824 type:P dur:2 cpbdur:2 q:26.90 aq:19.95 tex:65665 mv:38578 misc:6557 imb:3090 pmb:2193 smb:2877 d:- ref:0 ;
in:1825 out:1825 type:P dur:2 cpbdur:2 q:26.90 aq:19.95 tex:64964 mv:37743 misc:6557 imb:3048 pmb:2147 smb:2965 d:- ref:0 ;
in:1826 out:1826 type:P dur:2 cpbdur:2 q:26.89 aq:19.89 tex:65443 mv:38283 misc:6586 imb:3053 pmb:2187 smb:2920 d:- ref:0 ;
in:1827 out:1827 type:P dur:2 cpbdur:2 q:26.88 aq:20.00 tex:68772 mv:39348 misc:6392 imb:3233 pmb:2115 smb:2812 d:- ref:0 ;
in:1828 out:1828 type:P dur:2 cpbdur:2 q:26.87 aq:20.09 tex:72190 mv:39178 misc:6120 imb:3316 pmb:2059 smb:2785 d:- ref:0 ;
in:1829 out:1829 type:P dur:2 cpbdur:2 q:26.87 aq:20.04 tex:66157 mv:38270 misc:6301 imb:3153 pmb:2035 smb:2972 d:- ref:0 ;
in:1830 out:1830 type:P dur:2 cpbdur:2 q:26.86 aq:20.19 tex:106909 mv:47573 misc:4502 imb:4465 pmb:2392 smb:1303 d:- ref:0 ;
in:1831 out:1831 type:P dur:2 cpbdur:2 q:26.85 aq:20.10 tex:83658 mv:44378 misc:5612 imb:3930 pmb:2076 smb:2154 d:- ref:0 ;
in:1832 out:1832 type:P dur:2 cpbdur:2 q:26.85 aq:20.08 tex:82919 mv:40678 misc:5715 imb:3690 pmb:1947 smb:2523 d:- ref:0 ;
in:1833 out:1833 type:P dur:2 cpbdur:2 q:26.85 aq:20.21 tex:93270 mv:42908 misc:5182 imb:4086 pmb:1850 smb:2224 d:- ref:0 ;
in:1834 out:1834 type:P dur:2 cpbdur:2 q:26.84 aq:20.21 tex:98217 mv:45793 misc:4766 imb:4307 pmb:1857 smb:1996 d:- ref:0 ;
in:1835 out:1835 type:P dur:2 cpbdur:2 q:26.83 aq:20.22 tex:103319 mv:44321 misc:4416 imb:4590 pmb:1661 smb:1909 d:- ref:0 ;
in:1836 out:1836 type:P dur:2 cpbdur:2 q:26.82 aq:20.31 tex:119601 mv:47307 misc:3884 imb:5032 pmb:1505 smb:1623 d:- ref:0 ;
in:1837 out:1837 type:P dur:2 cpbdur:2 q:26.80 aq:20.58 tex:127887 mv:52538 misc:3015 imb:5687 pmb:1564 smb:909 d:- ref:0 ;
in:1838 out:1838 type:P dur:2 cpbdur:2 q:26.79 aq:20.60 tex:145327 mv:54692 misc:2045 imb:6427 pmb:1295 smb:438 d:- ref:0 ;
in:1839 out:1839 type:P dur:2 cpbdur:2 q:26.78 aq:20.91 tex:164412 mv:54893 misc:1431 imb:6843 pmb:1057 smb:260 d:- ref:0 ;
in:1840 out:1840 type:P dur:2 cpbdur:2 q:26.77 aq:21.23 tex:181983 mv:55380 misc:741 imb:7387 pmb:741 smb:32 d:- ref:0 ;
in:1841 out:1841 type:P dur:2 cpbdur:2 q:26.76 aq:20.99 tex:191818 mv:55032 misc:814 imb:7342 pmb:766 smb:52 d:- ref:0 ;
in:1842 out:1842 type:P dur:2 cpbdur:2 q:26.75 aq:21.00 tex:186891 mv:53350 misc:735 imb:7460 pmb:667 smb:33 d:- ref:0 ;
in:1843 out:1843 type:P dur:2 cpbdur:2 q:26.74 aq:20.81 tex:188417 mv:52840 misc:663 imb:7462 pmb:672 smb:26 d:- ref:0 ;
in:1844 out:1844 type:P dur:2 cpbdur:2 q:26.73 aq:20.21 tex:176289 mv:47507 misc:588 imb:7768 pmb:383 smb:9 d:- ref:0 ;
in:1845 out:1845 type:P dur:2 cpbdur:2 q:26.72 aq:20.44 tex:180150 mv:47277 misc:573 imb:7863 pmb:294 smb:3 d:- ref:0 ;
in:1846 out:1846 type:P dur:2 cpbdur:2 q:26.72 aq:20.82 tex:200920 mv:50945 misc:639 imb:7670 pmb:480 smb:10 d:- ref:0 ;
in:1847 out:1847 type:P dur:2 cpbdur:2 q:26.71 aq:20.84 tex:197550 mv:52252 misc:806 imb:7463 pmb:656 smb:41 d:- ref:0 ;
in:1848 out:1848 type:P dur:2 cpbdur:2 q:26.70 aq:21.21 tex:197249 mv:56622 misc:1289 imb:6858 pmb:1154 smb:148 d:- ref:0 ;
in:1849 out:1849 type:P dur:2 cpbdur:2 q:26.69 aq:21.34 tex:170116 mv:56603 misc:1929 imb:6073 pmb:1723 smb:364 d:- ref:0 ;
in:1850 out:1850 type:P dur:2 cpbdur:2 q:26.69 aq:20.52 tex:194578 mv:49731 misc:1115 imb:7388 pmb:653 smb:119 d:- ref:0 ;
in:1851 out:1851 type:P dur:2 cpbdur:2 q:26.69 aq:20.48 tex:204961 mv:50971 misc:1428 imb:7117 pmb:834 smb:209 d:- ref:0 ;
in:1852 out:1852 type:P dur:2 cpbdur:2 q:26.69 aq:20.65 tex:207341 mv:51372 misc:1567 imb:7054 pmb:879 smb:227 d:- ref:0 ;
in:1853 out:1853 type:P dur:2 cpbdur:2 q:26.70 aq:20.34 tex:182624 mv:48040 misc:1056 imb:7546 pmb:500 smb:114 d:- ref:0 ;
in:1854 out:1854 type:P dur:2 cpbdur:2 q:26.70 aq:21.24 tex:195958 mv:51298 misc:1176 imb:7289 pmb:741 smb:130 d:- ref:0 ;
in:1855 out:1855 type:P dur:2 cpbdur:2 q:26.72 aq:21.59 tex:167451 mv:59665 misc:2228 imb:5608 pmb:2164 smb:388 d:- ref:0 ;
in:1856 out:1856 type:P dur:2 cpbdur:2 q:26.73 aq:20.97 tex:137027 mv:53569 misc:3756 imb:5125 pmb:2124 smb:911 d:- ref:0 ;
in:1857 out:1857 type:P dur:2 cpbdur:2 q:26.74 aq:20.96 tex:149338 mv:54418 misc:4244 imb:4756 pmb:2212 smb:1192 d:- ref:0 ;
in:1858 out:1858 type:P dur:2 cpbdur:2 q:26.75 aq:20.99 tex:128908 mv:53187 misc:4785 imb:3860 pmb:2665 smb:1635 d:- ref:0 ;
in:1859 out:1859 type:P dur:2 cpbdur:2 q:26.77 aq:20.70 tex:116201 mv:49128 misc:4919 imb:4242 pmb:2019 smb:1899 d:- ref:0 ;
in:1860 out:1860 type:P dur:2 cpbdur:2 q:26.77 aq:21.08 tex:143810 mv:55846 misc:3248 imb:5019 pmb:2365 smb:776 d:- ref:0 ;
in:1861 out:1861 type:P dur:2 cpbdur:2 q:26.79 aq:21.48 tex:129890 mv:53977 misc:4461 imb:4222 pmb:2322 smb:1616 d:- ref:0 ;
in:1862 out:1862 type:P dur:2 cpbdur:2 q:26.80 aq:21.30 tex:143809 mv:53765 misc:3466 imb:5388 pmb:1719 smb:1053 d:- ref:0 ;
in:1863 out:1863 type:P dur:2 cpbdur:2 q:26.81 aq:21.65 tex:160450 mv:54368 misc:2606 imb:6159 pmb:1373 smb:628 d:- ref:0 ;
in:1864 out:1864 type:P dur:2 cpbdur:2 q:26.83 aq:21.84 tex:145422 mv:56102 misc:2924 imb:5827 pmb:1637 smb:696 d:- ref:0 ;
in:1865 out:1865 type:P dur:2 cpbdur:2 q:26.84 aq:21.52 tex:140288 mv:53188 misc:2156 imb:6518 pmb:1203 smb:439 d:- ref:0 ;
in:1866 out:1866 type:P dur:2 cpbdur:2 q:26.86 aq:21.69 tex:141355 mv:54520 misc:1757 imb:6661 pmb:1204 smb:295 d:- ref:0 ;
in:1867 out:1867 type:P dur:2 cpbdur:2 q:26.88 aq:21.80 tex:146728 mv:58660 misc:2220 imb:6081 pmb:1622 smb:457 d:- ref:0 ;
in:1868 out:1868 type:P dur:2 cpbdur:2 q:26.89 aq:21.27 tex:146304 mv:52201 misc:1703 imb:6772 pmb:1086 smb:302 d:- ref:0 ;
in:1869 out:1869 type:P dur:2 cpbdur:2 q:26.90 aq:21.38 tex:155365 mv:55027 misc:1776 imb:6522 pmb:1299 smb:339 d:- ref:0 ;
in:1870 out:1870 type:P dur:2 cpbdur:2 q:26.91 aq:21.80 tex:152955 mv:57030 misc:2343 imb:5967 pmb:1651 smb:542 d:- ref:0 ;
in:1871 out:1871 type:P dur:2 cpbdur:2 q:26.92 aq:21.58 tex:139842 mv:56102 misc:2144 imb:6267 pmb:1423 smb:470 d:- ref:0 ;
in:1872 out:1872 type:P dur:2 cpbdur:2 q:26.92 aq:21.78 tex:162784 mv:58204 misc:2004 imb:6074 pmb:1666 smb:420 d:- ref:0 ;
in:1873 out:1873 type:P dur:2 cpbdur:2 q:26.92 aq:22.06 tex:163877 mv:63179 misc:2552 imb:5380 pmb:2250 smb:530 d:- ref:0 ;
in:1874 out:1874 type:P dur:2 cpbdur:2 q:26.92 aq:21.67 tex:148679 mv:57799 misc:3178 imb:5393 pmb:2038 smb:729 d:- ref:0 ;
in:1875 out:1875 type:P dur:2 cpbdur:2 q:26.92 aq:21.71 tex:148886 mv:58941 misc:3109 imb:5236 pmb:2144 smb:780 d:- ref:0 ;
in:1876 out:1876 type:P dur:2 cpbdur:2 q:26.92 aq:21.86 tex:150486 mv:59722 misc:3600 imb:4668 pmb:2565 smb:927 d:- ref:0 ;
in:1877 out:1877 type:P dur:2 cpbdur:2 q:26.92 aq:21.23 tex:131060 mv:56267 misc:3697 imb:4936 pmb:2229 smb:995 d:- ref:0 ;
in:1878 out:1878 type:P dur:2 cpbdur:2 q:26.92 aq:21.23 tex:138013 mv:55694 misc:4005 imb:4841 pmb:2130 smb:1189 d:- ref:0 ;
in:1879 out:1879 type:P dur:2 cpbdur:2 q:26.91 aq:21.58 tex:153839 mv:59251 misc:4166 imb:4306 pmb:2577 smb:1277 d:- ref:0 ;
in:1880 out:1880 type:P dur:2 cpbdur:2 q:26.91 aq:21.26 tex:154635 mv:56008 misc:4381 imb:4468 pmb:2293 smb:1399 d:- ref:0 ;
in:1881 out:1881 type:I dur:2 cpbdur:2 q:23.95 aq:18.36 tex:375980 mv:137261 misc:383 imb:8160 pmb:0 smb:0 d:- ref:;
in:1885 out:1882 type:P dur:2 cpbdur:2 q:26.94 aq:21.11 tex:304243 mv:66047 misc:2238 imb:5672 pmb:2030 smb:458 d:- ref:0 ;
in:1883 out:1883 type:B dur:2 cpbdur:2 q:26.94 aq:21.44 tex:150396 mv:77520 misc:5316 imb:2475 pmb:3993 smb:1692 d:- ref:0 ;
in:1882 out:1884 type:b dur:2 cpbdur:2 q:26.94 aq:22.24 tex:102102 mv:62652 misc:6046 imb:1799 pmb:3907 smb:2454 d:- ref:0 ;
in:1884 out:1885 type:b dur:2 cpbdur:2 q:26.94 aq:22.13 tex:73531 mv:52200 misc:7029 imb:1200 pmb:3857 smb:3103 d:- ref:0 ;
in:1889 out:1886 type:P dur:2 cpbdur:2 q:26.91 aq:21.70 tex:261506 mv:66787 misc:2539 imb:4747 pmb:2888 smb:525 d:- ref:0 ;
in:1887 out:1887 type:B dur:2 cpbdur:2 q:26.93 aq:21.44 tex:122294 mv:71754 misc:5856 imb:1688 pmb:4684 smb:1788 d:- ref:0 ;
in:1886 out:1888 type:b dur:2 cpbdur:2 q:26.93 aq:22.01 tex:70622 mv:53775 misc:7235 imb:1099 pmb:3997 smb:3064 d:- ref:0 ;
in:1888 out:1889 type:b dur:2 cpbdur:2 q:26.92 aq:22.40 tex:66867 mv:45632 misc:7437 imb:916 pmb:3988 smb:3256 d:- ref:0 ;
in:1892 out:1890 type:P dur:2 cpbdur:2 q:26.90 aq:21.47 tex:217635 mv:57817 misc:1652 imb:6411 pmb:1514 smb:235 d:- ref:0 ;
in:1890 out:1891 type:B dur:2 cpbdur:2 q:26.91 aq:21.60 tex:155167 mv:72140 misc:4461 imb:2541 pmb:4573 smb:1046 d:- ref:0 ;
in:1891 out:1892 type:b dur:2 cpbdur:2 q:26.90 aq:22.13 tex:102682 mv:60918 misc:6296 imb:2021 pmb:4068 smb:2071 d:- ref:0 ;
in:1893 out:1893 type:P dur:2 cpbdur:2 q:26.89 aq:20.62 tex:152367 mv:49674 misc:1423 imb:7128 pmb:798 smb:234 d:- ref:0 ;
in:1894 out:1894 type:P dur:2 cpbdur:2 q:26.89 aq:20.66 tex:137053 mv:51491 misc:1592 imb:6961 pmb:896 smb:303 d:- ref:0 ;
in:1895 out:1895 type:P dur:2 cpbdur:2 q:26.90 aq:20.27 tex:129089 mv:48358 misc:897 imb:7472 pmb:621 smb:67 d:- ref:0 ;
in:1896 out:1896 type:P dur:2 cpbdur:2 q:26.91 aq:20.90 tex:172619 mv:52061 misc:832 imb:7348 pmb:763 smb:49 d:- ref:0 ;
in:1897 out:1897 type:i dur:2 cpbdur:2 q:23.98 aq:18.40 tex:517875 mv:101352 misc:341 imb:8160 pmb:0 smb:0 d:- ref:;
in:1901 out:1898 type:P dur:2 cpbdur:2 q:26.98 aq:21.30 tex:278463 mv:59373 misc:1132 imb:6810 pmb:1229 smb:121 d:- ref:0 ;
in:1899 out:1899 type:B dur:2 cpbdur:2 q:26.98 aq:21.26 tex:156795 mv:75794 misc:4219 imb:3677 pmb:3325 smb:1158 d:- ref:0 ;
in:1898 out:1900 type:b dur:2 cpbdur:2 q:26.98 aq:21.56 tex:125528 mv:69270 misc:4642 imb:3761 pmb:2969 smb:1430 d:- ref:0 ;
in:1900 out:1901 type:b dur:2 cpbdur:2 q:26.98 aq:21.61 tex:94892 mv:57782 misc:5982 imb:2033 pmb:3683 smb:2444 d:- ref:0 ;
in:1904 out:1902 type:P dur:2 cpbdur:2 q:27.00 aq:21.22 tex:228371 mv:63374 misc:3159 imb:4769 pmb:2635 smb:756 d:- ref:0 ;
in:1902 out:1903 type:B dur:2 cpbdur:2 q:26.99 aq:21.42 tex:110045 mv:57835 misc:5848 imb:2021 pmb:3539 smb:2600 d:- ref:0 ;
in:1903 out:1904 type:b dur:2 cpbdur:2 q:27.00 aq:21.86 tex:85519 mv:50028 misc:6125 imb:1410 pmb:3678 smb:3072 d:- ref:0 ;
in:1906 out:1905 type:P dur:2 cpbdur:2 q:27.01 aq:21.43 tex:227177 mv:60897 misc:3822 imb:4063 pmb:3036 smb:1061 d:- ref:0 ;
in:1905 out:1906 type:b dur:2 cpbdur:2 q:27.01 aq:21.99 tex:89003 mv:48968 misc:5981 imb:1866 pmb:3174 smb:3120 d:- ref:0 ;
in:1910 out:1907 type:P dur:2 cpbdur:2 q:27.04 aq:20.45 tex:335415 mv:68251 misc:2550 imb:4902 pmb:2756 smb:502 d:- ref:0 ;
in:1908 out:1908 type:B dur:2 cpbdur:2 q:27.03 aq:21.08 tex:137848 mv:68855 misc:6345 imb:1568 pmb:4344 smb:2248 d:- ref:0 ;
in:1907 out:1909 type:b dur:2 cpbdur:2 q:27.02 aq:22.00 tex:92534 mv:56606 misc:6100 imb:1838 pmb:3550 smb:2772 d:- ref:0 ;
in:1909 out:1910 type:b dur:2 cpbdur:2 q:27.03 aq:21.75 tex:64525 mv:41381 misc:7606 imb:613 pmb:3733 smb:3814 d:- ref:0 ;
in:1914 out:1911 type:P dur:2 cpbdur:2 q:27.07 aq:20.46 tex:240172 mv:66769 misc:3843 imb:3589 pmb:3636 smb:935 d:- ref:0 ;
in:1912 out:1912 type:B dur:2 cpbdur:2 q:27.05 aq:21.12 tex:130827 mv:56697 misc:6980 imb:774 pmb:4580 smb:2806 d:- ref:0 ;
in:1911 out:1913 type:b dur:2 cpbdur:2 q:27.05 aq:21.86 tex:50644 mv:35545 misc:7531 imb:411 pmb:3325 smb:4424 d:- ref:0 ;
in:1913 out:1914 type:b dur:2 cpbdur:2 q:27.06 aq:22.09 tex:50246 mv:36360 misc:7546 imb:428 pmb:3346 smb:4386 d:- ref:0 ;
in:1918 out:1915 type:P dur:2 cpbdur:2 q:27.12 aq:21.81 tex:209365 mv:59636 misc:5207 imb:3405 pmb:3098 smb:1657 d:- ref:0 ;
in:1916 out:1916 type:B dur:2 cpbdur:2 q:27.09 aq:21.07 tex:107477 mv:57148 misc:7167 imb:831 pmb:4297 smb:3032 d:- ref:0 ;
in:1915 out:1917 type:b dur:2 cpbdur:2 q:27.08 aq:21.88 tex:50833 mv:36584 misc:7647 imb:405 pmb:3472 smb:4283 d:- ref:0 ;
in:1917 out:1918 type:b dur:2 cpbdur:2 q:27.10 aq:22.01 tex:55637 mv:35698 misc:7537 imb:435 pmb:3263 smb:4462 d:- ref:0 ;
in:1919 out:1919 type:P dur:2 cpbdur:2 q:27.12 aq:21.91 tex:187310 mv:58881 misc:1937 imb:5722 pmb:2165 smb:273 d:- ref:0 w:6,59,10,7,122,6,117,10 ;
in:1920 out:1920 type:P dur:2 cpbdur:2 q:27.12 aq:21.08 tex:198150 mv:53573 misc:925 imb:6920 pmb:1196 smb:44 d:- ref:0 w:6,53,24,7,103,25,107,20 ;
in:1921 out:1921 type:P dur:2 cpbdur:2 q:27.13 aq:21.11 tex:135518 mv:54359 misc:2195 imb:6126 pmb:1593 smb:441 d:- ref:0 ;
in:1922 out:1922 type:I dur:2 cpbdur:2 q:24.10 aq:18.16 tex:486738 mv:95626 misc:356 imb:8160 pmb:0 smb:0 d:- ref:;
in:1924 out:1923 type:P dur:2 cpbdur:2 q:27.19 aq:21.08 tex:241198 mv:60388 misc:886 imb:6628 pmb:1477 smb:55 d:- ref:0 ;
in:1923 out:1924 type:b dur:2 cpbdur:2 q:27.19 aq:21.67 tex:120304 mv:66951 misc:5161 imb:3622 pmb:3091 smb:1447 d:- ref:0 ;
in:1928 out:1925 type:P dur:2 cpbdur:2 q:27.18 aq:20.53 tex:305584 mv:64346 misc:1470 imb:6261 pmb:1722 smb:177 d:- ref:0 ;
in:1926 out:1926 type:B dur:2 cpbdur:2 q:27.18 aq:20.95 tex:151927 mv:72056 misc:5633 imb:1921 pmb:4658 smb:1581 d:- ref:0 ;
in:1925 out:1927 type:b dur:2 cpbdur:2 q:27.18 aq:21.63 tex:123884 mv:74367 misc:5029 imb:3109 pmb:3586 smb:1465 d:- ref:0 ;
in:1927 out:1928 type:b dur:2 cpbdur:2 q:27.18 aq:21.88 tex:58551 mv:39853 misc:7764 imb:559 pmb:4083 smb:3518 d:- ref:0 ;
in:1932 out:1929 type:P dur:2 cpbdur:2 q:27.17 aq:20.33 tex:258876 mv:65764 misc:4472 imb:3807 pmb:3242 smb:1111 d:- ref:0 ;
in:1930 out:1930 type:B dur:2 cpbdur:2 q:27.17 aq:20.88 tex:134039 mv:61390 misc:6987 imb:864 pmb:4673 smb:2623 d:- ref:0 ;
in:1929 out:1931 type:b dur:2 cpbdur:2 q:27.18 aq:21.79 tex:46412 mv:33765 misc:7567 imb:389 pmb:3294 smb:4477 d:- ref:0 ;
in:1931 out:1932 type:b dur:2 cpbdur:2 q:27.17 aq:21.93 tex:53500 mv:36515 misc:7553 imb:432 pmb:3278 smb:4450 d:- ref:0 ;
in:1936 out:1933 type:P dur:2 cpbdur:2 q:27.15 aq:20.75 tex:302549 mv:67642 misc:3985 imb:3837 pmb:3392 smb:931 d:- ref:0 ;
in:1934 out:1934 type:B dur:2 cpbdur:2 q:27.16 aq:21.04 tex:115087 mv:58188 misc:6909 imb:884 pmb:4504 smb:2772 d:- ref:0 ;
in:1933 out:1935 type:b dur:2 cpbdur:2 q:27.17 aq:21.90 tex:59459 mv:39468 misc:7665 imb:439 pmb:3723 smb:3998 d:- ref:0 ;
in:1935 out:1936 type:b dur:2 cpbdur:2 q:27.16 aq:22.05 tex:51044 mv:32822 misc:7606 imb:396 pmb:3375 smb:4389 d:- ref:0 ;
in:1940 out:1937 type:P dur:2 cpbdur:2 q:27.17 aq:20.66 tex:281417 mv:66457 misc:3870 imb:4124 pmb:3094 smb:942 d:- ref:0 ;
in:1938 out:1938 type:B dur:2 cpbdur:2 q:27.16 aq:20.90 tex:118557 mv:62631 misc:6788 imb:906 pmb:4489 smb:2765 d:- ref:0 ;
in:1937 out:1939 type:b dur:2 cpbdur:2 q:27.16 aq:21.99 tex:52530 mv:39102 misc:7464 imb:432 pmb:3559 smb:4169 d:- ref:0 ;
in:1939 out:1940 type:b dur:2 cpbdur:2 q:27.17 aq:22.05 tex:60585 mv:39173 misc:7378 imb:420 pmb:3736 smb:4004 d:- ref:0 ;
in:1944 out:1941 type:P dur:2 cpbdur:2 q:27.20 aq:20.39 tex:327742 mv:68414 misc:3436 imb:4220 pmb:3112 smb:828 d:- ref:0 ;
in:1942 out:1942 type:B dur:2 cpbdur:2 q:27.19 aq:21.44 tex:146399 mv:64319 misc:6650 imb:944 pmb:4622 smb:2594 d:- ref:0 ;
in:1941 out:1943 type:b dur:2 cpbdur:2 q:27.18 aq:22.02 tex:55474 mv:36886 misc:7496 imb:414 pmb:3572 smb:4174 d:- ref:0 ;
in:1943 out:1944 type:b dur:2 cpbdur:2 q:27.19 aq:21.93 tex:56042 mv:39718 misc:7568 imb:518 pmb:3548 smb:4094 d:- ref:0 ;
in:1948 out:1945 type:P dur:2 cpbdur:2 q:27.24 aq:20.91 tex:343733 mv:68150 misc:3653 imb:3699 pmb:3606 smb:855 d:- ref:0 ;
in:1946 out:1946 type:B dur:2 cpbdur:2 q:27.22 aq:21.40 tex:110325 mv:57968 misc:7027 imb:855 pmb:4474 smb:2831 d:- ref:0 ;
in:1945 out:1947 type:b dur:2 cpbdur:2 q:27.21 aq:22.20 tex:52141 mv:39816 misc:7699 imb:449 pmb:3700 smb:4011 d:- ref:0 ;
in:1947 out:1948 type:b dur:2 cpbdur:2 q:27.23 aq:22.41 tex:50374 mv:31602 misc:7744 imb:389 pmb:3348 smb:4423 d:- ref:0 ;
in:1952 out:1949 type:P dur:2 cpbdur:2 q:27.25 aq:20.43 tex:302347 mv:68334 misc:2551 imb:4223 pmb:3504 smb:433 d:- ref:0 ;
in:1950 out:1950 type:B dur:2 cpbdur:2 q:27.24 aq:20.92 tex:143670 mv:61057 misc:6497 imb:1134 pmb:4910 smb:2116 d:- ref:0 ;
in:1949 out:1951 type:b dur:2 cpbdur:2 q:27.24 aq:21.99 tex:53732 mv:38645 misc:7783 imb:474 pmb:3672 smb:4014 d:- ref:0 ;
in:1951 out:1952 type:b dur:2 cpbdur:2 q:27.24 aq:21.98 tex:50852 mv:35052 misc:7504 imb:394 pmb:3545 smb:4221 d:- ref:0 ;
in:1956 out:1953 type:P dur:2 cpbdur:2 q:27.24 aq:20.57 tex:365292 mv:67785 misc:3779 imb:3925 pmb:3269 smb:966 d:- ref:0 ;
in:1954 out:1954 type:B dur:2 cpbdur:2 q:27.25 aq:21.12 tex:153409 mv:64756 misc:6843 imb:836 pmb:4675 smb:2649 d:- ref:0 ;
in:1953 out:1955 type:b dur:2 cpbdur:2 q:27.25 aq:21.99 tex:52222 mv:34347 misc:7503 imb:377 pmb:3310 smb:4473 d:- ref:0 ;
in:1955 out:1956 type:b dur:2 cpbdur:2 q:27.24 aq:22.15 tex:64898 mv:41347 misc:7291 imb:429 pmb:3618 smb:4113 d:- ref:0 ;
in:1959 out:1957 type:P dur:2 cpbdur:2 q:27.25 aq:20.58 tex:366566 mv:65693 misc:4349 imb:3063 pmb:3827 smb:1270 d:- ref:0 ;
in:1957 out:1958 type:B dur:2 cpbdur:2 q:27.25 aq:21.87 tex:85088 mv:46369 misc:7199 imb:500 pmb:3878 smb:3782 d:- ref:0 ;
in:1958 out:1959 type:b dur:2 cpbdur:2 q:27.25 aq:22.51 tex:67425 mv:41084 misc:7227 imb:420 pmb:3592 smb:4148 d:- ref:0 ;
in:1963 out:1960 type:P dur:2 cpbdur:2 q:27.25 aq:20.79 tex:347954 mv:67840 misc:3558 imb:3635 pmb:3666 smb:859 d:- ref:0 ;
in:1961 out:1961 type:B dur:2 cpbdur:2 q:27.25 aq:21.59 tex:154064 mv:62709 misc:6531 imb:685 pmb:4843 smb:2632 d:- ref:0 ;
in:1960 out:1962 type:b dur:2 cpbdur:2 q:27.25 aq:23.12 tex:73470 mv:40006 misc:7300 imb:335 pmb:3812 smb:4013 d:- ref:0 ;
in:1962 out:1963 type:b dur:2 cpbdur:2 q:27.25 aq:22.82 tex:61984 mv:39613 misc:7363 imb:373 pmb:3565 smb:4222 d:- ref:0 ;
in:1967 out:1964 type:P dur:2 cpbdur:2 q:27.24 aq:20.92 tex:370879 mv:66987 misc:3702 imb:3820 pmb:3349 smb:991 d:- ref:0 ;
in:1965 out:1965 type:B dur:2 cpbdur:2 q:27.25 aq:21.65 tex:147505 mv:63703 misc:6824 imb:692 pmb:4661 smb:2807 d:- ref:0 ;
in:1964 out:1966 type:b dur:2 cpbdur:2 q:27.25 aq:22.74 tex:57075 mv:35272 misc:7405 imb:325 pmb:3365 smb:4470 d:- ref:0 ;
in:1966 out:1967 type:b dur:2 cpbdur:2 q:27.24 aq:22.85 tex:67040 mv:40330 misc:7054 imb:358 pmb:3646 smb:4156 d:- ref:0 ;
in:1971 out:1968 type:P dur:2 cpbdur:2 q:27.25 aq:20.51 tex:509879 mv:71263 misc:3282 imb:3810 pmb:3542 smb:808 d:- ref:0 ;
in:1969 out:1969 type:B dur:2 cpbdur:2 q:27.24 aq:21.57 tex:162365 mv:63370 misc:6425 imb:807 pmb:4900 smb:2453 d:- ref:0 ;
in:1968 out:1970 type:b dur:2 cpbdur:2 q:27.24 aq:22.65 tex:99754 mv:46785 misc:6997 imb:468 pmb:3823 smb:3869 d:- ref:0 ;
in:1970 out:1971 type:b dur:2 cpbdur:2 q:27.25 aq:22.74 tex:50410 mv:31080 misc:7398 imb:311 pmb:3131 smb:4718 d:- ref:0 ;
in:1975 out:1972 type:P dur:2 cpbdur:2 q:27.28 aq:20.74 tex:369499 mv:67830 misc:3791 imb:3127 pmb:4017 smb:1016 d:- ref:0 ;
in:1973 out:1973 type:B dur:2 cpbdur:2 q:27.27 aq:21.58 tex:144133 mv:63731 misc:6608 imb:611 pmb:4934 smb:2615 d:- ref:0 ;
in:1972 out:1974 type:b dur:2 cpbdur:2 q:27.26 aq:23.22 tex:49355 mv:35352 misc:7333 imb:305 pmb:3447 smb:4408 d:- ref:0 ;
in:1974 out:1975 type:b dur:2 cpbdur:2 q:27.28 aq:22.82 tex:60509 mv:37219 misc:7392 imb:338 pmb:3494 smb:4328 d:- ref:0 ;
in:1979 out:1976 type:P dur:2 cpbdur:2 q:27.30 aq:21.06 tex:461774 mv:67983 misc:4107 imb:3341 pmb:3635 smb:1184 d:- ref:0 ;
in:1977 out:1977 type:B dur:2 cpbdur:2 q:27.29 aq:21.95 tex:154588 mv:64627 misc:6841 imb:601 pmb:4772 smb:2787 d:- ref:0 ;
in:1976 out:1978 type:b dur:2 cpbdur:2 q:27.29 aq:23.11 tex:61161 mv:35892 misc:7307 imb:273 pmb:3393 smb:4494 d:- ref:0 ;
in:1978 out:1979 type:b dur:2 cpbdur:2 q:27.29 aq:23.29 tex:63669 mv:41110 misc:7181 imb:277 pmb:3785 smb:4098 d:- ref:0 ;
in:1983 out:1980 type:P dur:2 cpbdur:2 q:27.33 aq:20.72 tex:537027 mv:75658 misc:2171 imb:3649 pmb:4161 smb:350 d:- ref:0 ;
in:1981 out:1981 type:B dur:2 cpbdur:2 q:27.31 aq:21.73 tex:183454 mv:72576 misc:5746 imb:819 pmb:5697 smb:1644 d:- ref:0 ;
in:1980 out:1982 type:b dur:2 cpbdur:2 q:27.30 aq:22.83 tex:112435 mv:53551 misc:7078 imb:767 pmb:4874 smb:2519 d:- ref:0 ;
in:1982 out:1983 type:b dur:2 cpbdur:2 q:27.32 aq:23.33 tex:55879 mv:33456 misc:7353 imb:296 pmb:3262 smb:4602 d:- ref:0 ;
in:1987 out:1984 type:P dur:2 cpbdur:2 q:27.37 aq:21.21 tex:438758 mv:71307 misc:3255 imb:3033 pmb:4294 smb:833 d:- ref:0 ;
in:1985 out:1985 type:B dur:2 cpbdur:2 q:27.35 aq:22.15 tex:164252 mv:68522 misc:6450 imb:627 pmb:5106 smb:2427 d:- ref:0 ;
in:1984 out:1986 type:b dur:2 cpbdur:2 q:27.34 aq:23.80 tex:51277 mv:38360 misc:7491 imb:264 pmb:3707 smb:4189 d:- ref:0 ;
in:1986 out:1987 type:b dur:2 cpbdur:2 q:27.36 aq:23.74 tex:60438 mv:40065 misc:7393 imb:290 pmb:3673 smb:4197 d:- ref:0 ;
in:1991 out:1988 type:P dur:2 cpbdur:2 q:27.39 aq:21.04 tex:586551 mv:74000 misc:3161 imb:3318 pmb:4073 smb:769 d:- ref:0 ;
in:1989 out:1989 type:B dur:2 cpbdur:2 q:27.38 aq:22.85 tex:166543 mv:69016 misc:6513 imb:508 pmb:4964 smb:2688 d:- ref:0 ;
in:1988 out:1990 type:b dur:2 cpbdur:2 q:27.38 aq:24.03 tex:66291 mv:38817 misc:7340 imb:230 pmb:3694 smb:4236 d:- ref:0 ;
in:1990 out:1991 type:b dur:2 cpbdur:2 q:27.39 aq:23.97 tex:70608 mv:45079 misc:7041 imb:293 pmb:4041 smb:3826 d:- ref:0 ;
in:1995 out:1992 type:P dur:2 cpbdur:2 q:27.44 aq:21.03 tex:591361 mv:73364 misc:3043 imb:2962 pmb:4497 smb:701 d:- ref:0 ;
in:1993 out:1993 type:B dur:2 cpbdur:2 q:27.42 aq:22.63 tex:163894 mv:70008 misc:6218 imb:629 pmb:5231 smb:2300 d:- ref:0 ;
in:1992 out:1994 type:b dur:2 cpbdur:2 q:27.41 aq:23.93 tex:80669 mv:45302 misc:7333 imb:318 pmb:3863 smb:3979 d:- ref:0 ;
in:1994 out:1995 type:b dur:2 cpbdur:2 q:27.43 aq:24.21 tex:49400 mv:31654 misc:7618 imb:246 pmb:3237 smb:4677 d:- ref:0 ;
in:1999 out:1996 type:P dur:2 cpbdur:2 q:27.50 aq:21.60 tex:523466 mv:72845 misc:2961 imb:2740 pmb:4738 smb:682 d:- ref:0 ;
in:1997 out:1997 type:B dur:2 cpbdur:2 q:27.47 aq:22.77 tex:177566 mv:71144 misc:6234 imb:625 pmb:5279 smb:2256 d:- ref:0 ;
in:1996 out:1998 type:b dur:2 cpbdur:2 q:27.46 aq:24.05 tex:50686 mv:40954 misc:7680 imb:271 pmb:3890 smb:3999 d:- ref:0 ;
in:1998 out:1999 type:b dur:2 cpbdur:2 q:27.48 aq:24.56 tex:66115 mv:41820 misc:7329 imb:296 pmb:3957 smb:3907 d:- ref:0 ;
in:2002 out:2000 type:P dur:2 cpbdur:2 q:27.54 aq:21.47 tex:636198 mv:71555 misc:3743 imb:2439 pmb:4675 smb:1046 d:- ref:0 ;
in:2000 out:2001 type:B dur:2 cpbdur:2 q:27.51 aq:23.72 tex:113089 mv:53110 misc:6737 imb:376 pmb:4319 smb:3465 d:- ref:0 ;
in:2001 out:2002 type:b dur:2 cpbdur:2 q:27.53 aq:24.61 tex:97691 mv:48949 misc:6864 imb:320 pmb:4086 smb:3754 d:- ref:0 ;
in:2005 out:2003 type:P dur:2 cpbdur:2 q:27.61 aq:21.37 tex:689489 mv:71392 misc:3103 imb:2491 pmb:4946 smb:723 d:- ref:0 ;
in:2003 out:2004 type:B dur:2 cpbdur:2 q:27.56 aq:24.14 tex:111214 mv:51700 misc:7054 imb:383 pmb:4306 smb:3471 d:- ref:0 ;
in:2004 out:2005 type:b dur:2 cpbdur:2 q:27.59 aq:25.15 tex:84872 mv:45941 misc:7315 imb:305 pmb:4013 smb:3842 d:- ref:0 ;
in:2009 out:2006 type:P dur:2 cpbdur:2 q:27.67 aq:22.00 tex:577184 mv:66512 misc:3088 imb:2226 pmb:5160 smb:774 d:- ref:0 ;
in:2007 out:2007 type:B dur:2 cpbdur:2 q:27.64 aq:23.66 tex:153226 mv:61521 misc:6677 imb:524 pmb:5116 smb:2520 d:- ref:0 ;
in:2006 out:2008 type:b dur:2 cpbdur:2 q:27.62 aq:25.11 tex:51674 mv:33945 misc:7765 imb:247 pmb:3256 smb:4657 d:- ref:0 ;
in:2008 out:2009 type:b dur:2 cpbdur:2 q:27.65 aq:25.26 tex:46758 mv:36500 misc:7822 imb:243 pmb:3482 smb:4435 d:- ref:0 ;
in:2013 out:2010 type:P dur:2 cpbdur:2 q:27.71 aq:22.36 tex:526987 mv:70164 misc:2041 imb:2481 pmb:5368 smb:311 d:- ref:0 ;
in:2011 out:2011 type:B dur:2 cpbdur:2 q:27.69 aq:23.42 tex:164058 mv:68527 misc:6103 imb:638 pmb:5755 smb:1767 d:- ref:0 ;
in:2010 out:2012 type:b dur:2 cpbdur:2 q:27.68 aq:24.96 tex:80583 mv:46401 misc:7736 imb:550 pmb:4484 smb:3126 d:- ref:0 ;
in:2012 out:2013 type:b dur:2 cpbdur:2 q:27.70 aq:26.04 tex:48562 mv:30105 misc:7541 imb:182 pmb:3174 smb:4804 d:- ref:0 ;
in:2015 out:2014 type:P dur:2 cpbdur:2 q:27.76 aq:22.56 tex:485968 mv:59790 misc:4274 imb:1556 pmb:5162 smb:1442 d:- ref:0 ;
in:2014 out:2015 type:b dur:2 cpbdur:2 q:27.74 aq:25.92 tex:69935 mv:44551 misc:7410 imb:274 pmb:3904 smb:3982 d:- ref:0 ;
in:2016 out:2016 type:P dur:2 cpbdur:2 q:27.80 aq:22.27 tex:541081 mv:54492 misc:4467 imb:1172 pmb:5241 smb:1747 d:- ref:0 ;
in:2017 out:2017 type:P dur:2 cpbdur:2 q:27.83 aq:21.66 tex:587325 mv:55997 misc:4062 imb:1265 pmb:5296 smb:1599 d:- ref:0 ;
in:2021 out:2018 type:P dur:2 cpbdur:2 q:27.89 aq:22.12 tex:634114 mv:65369 misc:2725 imb:1982 pmb:5528 smb:650 d:- ref:0 ;
in:2019 out:2019 type:B dur:2 cpbdur:2 q:27.86 aq:24.49 tex:136118 mv:57202 misc:6920 imb:462 pmb:4939 smb:2759 d:- ref:0 ;
in:2018 out:2020 type:b dur:2 cpbdur:2 q:27.85 aq:26.46 tex:46281 mv:31179 misc:7748 imb:198 pmb:3090 smb:4872 d:- ref:0 ;
in:2020 out:2021 type:b dur:2 cpbdur:2 q:27.88 aq:26.36 tex:37113 mv:32985 misc:7782 imb:215 pmb:3201 smb:4744 d:- ref:0 ;
in:2025 out:2022 type:P dur:2 cpbdur:2 q:27.94 aq:22.65 tex:661028 mv:67196 misc:2968 imb:1895 pmb:5530 smb:735 d:- ref:0 ;
in:2023 out:2023 type:B dur:2 cpbdur:2 q:27.92 aq:24.77 tex:148813 mv:62960 misc:6739 imb:448 pmb:5149 smb:2563 d:- ref:0 ;
in:2022 out:2024 type:b dur:2 cpbdur:2 q:27.91 aq:26.59 tex:47596 mv:35140 misc:7720 imb:233 pmb:3205 smb:4722 d:- ref:0 ;
in:2024 out:2025 type:b dur:2 cpbdur:2 q:27.93 aq:26.88 tex:53770 mv:29731 misc:7603 imb:174 pmb:3126 smb:4860 d:- ref:0 ;
in:2026 out:2026 type:P dur:2 cpbdur:2 q:27.99 aq:22.41 tex:526766 mv:52574 misc:4004 imb:1040 pmb:5556 smb:1564 d:- ref:0 ;
in:2029 out:2027 type:P dur:2 cpbdur:2 q:28.03 aq:22.16 tex:784931 mv:67213 misc:2816 imb:1936 pmb:5530 smb:694 d:- ref:0 ;
in:2027 out:2028 type:B dur:2 cpbdur:2 q:28.00 aq:25.84 tex:87707 mv:44649 misc:7748 imb:307 pmb:3920 smb:3933 d:- ref:0 ;
in:2028 out:2029 type:b dur:2 cpbdur:2 q:28.01 aq:26.56 tex:67433 mv:41272 misc:7775 imb:255 pmb:3734 smb:4171 d:- ref:0 ;
in:2033 out:2030 type:P dur:2 cpbdur:2 q:28.09 aq:22.53 tex:661278 mv:64019 misc:2599 imb:1858 pmb:5739 smb:563 d:- ref:0 ;
in:2031 out:2031 type:B dur:2 cpbdur:2 q:28.06 aq:25.12 tex:123579 mv:54883 misc:7378 imb:416 pmb:4782 smb:2962 d:- ref:0 ;
in:2030 out:2032 type:b dur:2 cpbdur:2 q:28.04 aq:26.81 tex:35152 mv:26095 misc:7409 imb:185 pmb:2566 smb:5409 d:- ref:0 ;
in:2032 out:2033 type:b dur:2 cpbdur:2 q:28.07 aq:26.83 tex:37703 mv:32568 misc:7913 imb:233 pmb:3089 smb:4838 d:- ref:0 ;
in:2037 out:2034 type:P dur:2 cpbdur:2 q:28.19 aq:23.08 tex:659300 mv:64498 misc:2946 imb:1658 pmb:5751 smb:751 d:- ref:0 ;
in:2035 out:2035 type:B dur:2 cpbdur:2 q:28.14 aq:25.28 tex:140328 mv:62431 misc:6961 imb:431 pmb:5230 smb:2499 d:- ref:0 ;
in:2034 out:2036 type:b dur:2 cpbdur:2 q:28.11 aq:27.29 tex:43987 mv:34318 misc:7783 imb:202 pmb:3196 smb:4762 d:- ref:0 ;
in:2036 out:2037 type:b dur:2 cpbdur:2 q:28.16 aq:27.22 tex:42527 mv:28347 misc:7686 imb:164 pmb:2957 smb:5039 d:- ref:0 ;
in:2040 out:2038 type:P dur:2 cpbdur:2 q:28.23 aq:22.39 tex:862198 mv:71516 misc:1750 imb:2345 pmb:5571 smb:244 d:- ref:0 ;
in:2038 out:2039 type:B dur:2 cpbdur:2 q:28.20 aq:26.19 tex:134438 mv:57578 misc:7208 imb:318 pmb:4681 smb:3161 d:- ref:0 ;
in:2039 out:2040 type:b dur:2 cpbdur:2 q:28.22 aq:27.09 tex:67313 mv:33956 misc:7931 imb:228 pmb:3579 smb:4353 d:- ref:0 ;
in:2044 out:2041 type:P dur:2 cpbdur:2 q:28.31 aq:22.58 tex:796084 mv:69516 misc:2576 imb:1732 pmb:5890 smb:538 d:- ref:0 ;
in:2042 out:2042 type:B dur:2 cpbdur:2 q:28.27 aq:25.56 tex:155144 mv:65779 misc:6613 imb:405 pmb:5320 smb:2435 d:- ref:0 ;
in:2041 out:2043 type:b dur:2 cpbdur:2 q:28.25 aq:27.96 tex:45307 mv:38180 misc:7809 imb:168 pmb:3739 smb:4253 d:- ref:0 ;
in:2043 out:2044 type:b dur:2 cpbdur:2 q:28.29 aq:27.73 tex:42441 mv:31639 misc:7816 imb:162 pmb:3117 smb:4881 d:- ref:0 ;
in:2048 out:2045 type:P dur:2 cpbdur:2 q:28.40 aq:23.19 tex:606728 mv:63244 misc:2980 imb:1463 pmb:5918 smb:779 d:- ref:0 ;
in:2046 out:2046 type:B dur:2 cpbdur:2 q:28.35 aq:26.18 tex:113039 mv:51807 misc:7554 imb:310 pmb:4535 smb:3315 d:- ref:0 ;
in:2045 out:2047 type:b dur:2 cpbdur:2 q:28.33 aq:28.33 tex:29272 mv:23062 misc:6866 imb:98 pmb:2288 smb:5774 d:- ref:0 ;
in:2047 out:2048 type:b dur:2 cpbdur:2 q:28.38 aq:27.97 tex:33827 mv:31092 misc:7665 imb:117 pmb:3070 smb:4973 d:- ref:0 ;
in:2051 out:2049 type:P dur:2 cpbdur:2 q:28.42 aq:23.11 tex:713610 mv:66011 misc:3107 imb:1481 pmb:5799 smb:880 d:- ref:0 ;
in:2049 out:2050 type:B dur:2 cpbdur:2 q:28.41 aq:27.55 tex:82546 mv:41641 misc:7605 imb:187 pmb:3617 smb:4356 d:- ref:0 ;
in:2050 out:2051 type:b dur:2 cpbdur:2 q:28.41 aq:28.02 tex:44357 mv:36682 misc:7745 imb:168 pmb:3552 smb:4440 d:- ref:0 ;
in:2055 out:2052 type:P dur:2 cpbdur:2 q:28.47 aq:22.89 tex:829926 mv:70336 misc:2626 imb:1752 pmb:5831 smb:577 d:- ref:0 ;
in:2053 out:2053 type:B dur:2 cpbdur:2 q:28.45 aq:26.37 tex:136723 mv:61244 misc:6873 imb:342 pmb:5214 smb:2604 d:- ref:0 ;
in:2052 out:2054 type:b dur:2 cpbdur:2 q:28.43 aq:28.56 tex:63312 mv:38955 misc:7661 imb:173 pmb:3398 smb:4589 d:- ref:0 ;
in:2054 out:2055 type:b dur:2 cpbdur:2 q:28.46 aq:28.40 tex:32983 mv:23713 misc:7104 imb:101 pmb:2463 smb:5596 d:- ref:0 ;
in:2059 out:2056 type:P dur:2 cpbdur:2 q:28.58 aq:23.33 tex:614484 mv:63824 misc:2724 imb:1468 pmb:6012 smb:680 d:- ref:0 ;
in:2057 out:2057 type:B dur:2 cpbdur:2 q:28.53 aq:26.49 tex:118778 mv:59054 misc:7256 imb:325 pmb:5033 smb:2802 d:- ref:0 ;
in:2056 out:2058 type:b dur:2 cpbdur:2 q:28.50 aq:27.98 tex:29919 mv:31486 misc:7747 imb:124 pmb:3177 smb:4859 d:- ref:0 ;
in:2058 out:2059 type:b dur:2 cpbdur:2 q:28.55 aq:28.44 tex:33000 mv:28860 misc:7612 imb:127 pmb:2919 smb:5114 d:- ref:0 ;
in:2063 out:2060 type:P dur:2 cpbdur:2 q:28.61 aq:24.13 tex:567702 mv:64752 misc:2986 imb:1466 pmb:5883 smb:811 d:- ref:0 ;
in:2061 out:2061 type:B dur:2 cpbdur:2 q:28.59 aq:26.63 tex:121242 mv:56651 misc:7203 imb:281 pmb:4909 smb:2970 d:- ref:0 ;
in:2060 out:2062 type:b dur:2 cpbdur:2 q:28.59 aq:28.80 tex:25822 mv:22778 misc:6968 imb:103 pmb:2232 smb:5825 d:- ref:0 ;
in:2062 out:2063 type:b dur:2 cpbdur:2 q:28.60 aq:28.73 tex:41271 mv:36744 misc:7785 imb:129 pmb:3506 smb:4525 d:- ref:0 ;
in:2064 out:2064 type:P dur:2 cpbdur:2 q:28.64 aq:23.75 tex:565613 mv:53369 misc:3946 imb:842 pmb:5749 smb:1569 d:- ref:0 ;
in:2068 out:2065 type:P dur:2 cpbdur:2 q:28.68 aq:23.42 tex:869978 mv:71323 misc:2563 imb:1652 pmb:5855 smb:653 d:- ref:0 ;
in:2066 out:2066 type:B dur:2 cpbdur:2 q:28.66 aq:26.60 tex:164553 mv:66504 misc:6303 imb:352 pmb:5609 smb:2199 d:- ref:0 ;
in:2065 out:2067 type:b dur:2 cpbdur:2 q:28.65 aq:28.77 tex:57063 mv:43025 misc:7696 imb:159 pmb:4289 smb:3712 d:- ref:0 ;
in:2067 out:2068 type:b dur:2 cpbdur:2 q:28.67 aq:29.04 tex:39149 mv:30919 misc:7628 imb:135 pmb:3068 smb:4957 d:- ref:0 ;
in:2072 out:2069 type:P dur:2 cpbdur:2 q:28.75 aq:23.70 tex:601141 mv:65411 misc:1936 imb:1608 pmb:6226 smb:326 d:- ref:0 ;
in:2070 out:2070 type:B dur:2 cpbdur:2 q:28.71 aq:26.22 tex:137808 mv:57597 misc:7011 imb:497 pmb:5340 smb:2323 d:- ref:0 ;
in:2069 out:2071 type:b dur:2 cpbdur:2 q:28.69 aq:27.76 tex:30575 mv:25569 misc:7216 imb:134 pmb:2526 smb:5500 d:- ref:0 ;
in:2071 out:2072 type:b dur:2 cpbdur:2 q:28.73 aq:28.81 tex:27620 mv:29743 misc:7685 imb:103 pmb:2921 smb:5136 d:- ref:0 ;
in:2074 out:2073 type:P dur:2 cpbdur:2 q:28.77 aq:23.81 tex:586729 mv:60063 misc:3376 imb:1013 pmb:6057 smb:1090 d:- ref:0 ;
in:2073 out:2074 type:b dur:2 cpbdur:2 q:28.76 aq:29.36 tex:44923 mv:34979 misc:7482 imb:120 pmb:3042 smb:4998 d:- ref:0 ;
in:2076 out:2075 type:P dur:2 cpbdur:2 q:28.81 aq:23.67 tex:570057 mv:55263 misc:3520 imb:959 pmb:6016 smb:1185 d:- ref:0 ;
in:2075 out:2076 type:b dur:2 cpbdur:2 q:28.79 aq:29.50 tex:33414 mv:26224 misc:7010 imb:89 pmb:2413 smb:5658 d:- ref:0 ;
in:2080 out:2077 type:P dur:2 cpbdur:2 q:28.84 aq:23.57 tex:764239 mv:69443 misc:2422 imb:1535 pmb:6095 smb:530 d:- ref:0 ;
in:2078 out:2078 type:B dur:2 cpbdur:2 q:28.83 aq:26.94 tex:138716 mv:64082 misc:6850 imb:330 pmb:5317 smb:2513 d:- ref:0 ;
in:2077 out:2079 type:b dur:2 cpbdur:2 q:28.82 aq:29.76 tex:39534 mv:36530 misc:7864 imb:128 pmb:3638 smb:4394 d:- ref:0 ;
in:2079 out:2080 type:b dur:2 cpbdur:2 q:28.84 aq:29.42 tex:32504 mv:30048 misc:7632 imb:136 pmb:2939 smb:5085 d:- ref:0 ;
in:2084 out:2081 type:P dur:2 cpbdur:2 q:28.92 aq:24.40 tex:555967 mv:62344 misc:2857 imb:1120 pmb:6253 smb:787 d:- ref:0 ;
in:2082 out:2082 type:B dur:2 cpbdur:2 q:28.88 aq:27.50 tex:99846 mv:51658 misc:7712 imb:218 pmb:4531 smb:3411 d:- ref:0 ;
in:2081 out:2083 type:b dur:2 cpbdur:2 q:28.86 aq:29.49 tex:24380 mv:23029 misc:6959 imb:87 pmb:2254 smb:5819 d:- ref:0 ;
in:2083 out:2084 type:b dur:2 cpbdur:2 q:28.90 aq:29.39 tex:28896 mv:29662 misc:7794 imb:111 pmb:2940 smb:5109 d:- ref:0 ;
in:2087 out:2085 type:P dur:2 cpbdur:2 q:28.95 aq:24.20 tex:664237 mv:67705 misc:2642 imb:1320 pmb:6131 smb:709 d:- ref:0 ;
in:2085 out:2086 type:B dur:2 cpbdur:2 q:28.93 aq:28.56 tex:70826 mv:42124 misc:7658 imb:161 pmb:3641 smb:4358 d:- ref:0 ;
in:2086 out:2087 type:b dur:2 cpbdur:2 q:28.94 aq:29.64 tex:37495 mv:36545 misc:7984 imb:103 pmb:3470 smb:4587 d:- ref:0 ;
in:2091 out:2088 type:P dur:2 cpbdur:2 q:28.99 aq:24.01 tex:801383 mv:72207 misc:2442 imb:1586 pmb:6011 smb:563 d:- ref:0 ;
in:2089 out:2089 type:B dur:2 cpbdur:2 q:28.97 aq:27.45 tex:121193 mv:62311 misc:6960 imb:288 pmb:5381 smb:2491 d:- ref:0 ;
in:2088 out:2090 type:b dur:2 cpbdur:2 q:28.96 aq:29.68 tex:56704 mv:41433 misc:7815 imb:131 pmb:3488 smb:4541 d:- ref:0 ;
in:2090 out:2091 type:b dur:2 cpbdur:2 q:28.98 aq:29.45 tex:27240 mv:23194 misc:7046 imb:90 pmb:2379 smb:5691 d:- ref:0 ;
in:2095 out:2092 type:P dur:2 cpbdur:2 q:29.06 aq:24.56 tex:570051 mv:66160 misc:2605 imb:1254 pmb:6245 smb:661 d:- ref:0 ;
in:2093 out:2093 type:B dur:2 cpbdur:2 q:29.02 aq:27.41 tex:110749 mv:60487 misc:7508 imb:292 pmb:4965 smb:2903 d:- ref:0 ;
in:2092 out:2094 type:b dur:2 cpbdur:2 q:29.00 aq:29.41 tex:26127 mv:31875 misc:7846 imb:100 pmb:3230 smb:4830 d:- ref:0 ;
in:2094 out:2095 type:b dur:2 cpbdur:2 q:29.04 aq:29.74 tex:30146 mv:30168 misc:7702 imb:83 pmb:2996 smb:5081 d:- ref:0 ;
in:2097 out:2096 type:P dur:2 cpbdur:2 q:29.09 aq:24.94 tex:438773 mv:53672 misc:3691 imb:725 pmb:6188 smb:1247 d:- ref:0 ;
in:2096 out:2097 type:b dur:2 cpbdur:2 q:29.07 aq:30.38 tex:24917 mv:23247 misc:6804 imb:60 pmb:2172 smb:5928 d:- ref:0 ;
in:2099 out:2098 type:P dur:2 cpbdur:2 q:29.10 aq:24.63 tex:556802 mv:61751 misc:3159 imb:967 pmb:6148 smb:1045 d:- ref:0 ;
in:2098 out:2099 type:b dur:2 cpbdur:2 q:29.09 aq:29.83 tex:32574 mv:36114 misc:7840 imb:115 pmb:3468 smb:4577 d:- ref:0 ;
in:2103 out:2100 type:P dur:2 cpbdur:2 q:29.13 aq:23.96 tex:826521 mv:74918 misc:1649 imb:1819 pmb:6107 smb:234 d:- ref:0 ;
in:2101 out:2101 type:B dur:2 cpbdur:2 q:29.12 aq:26.99 tex:131403 mv:64116 misc:6545 imb:386 pmb:5830 smb:1944 d:- ref:0 ;
in:2100 out:2102 type:b dur:2 cpbdur:2 q:29.11 aq:28.34 tex:76171 mv:48212 misc:8097 imb:346 pmb:4397 smb:3417 d:- ref:0 ;
in:2102 out:2103 type:b dur:2 cpbdur:2 q:29.13 aq:29.47 tex:22930 mv:22506 misc:7084 imb:62 pmb:2334 smb:5764 d:- ref:0 ;
in:2107 out:2104 type:P dur:2 cpbdur:2 q:29.20 aq:24.53 tex:540350 mv:65440 misc:2706 imb:1168 pmb:6367 smb:625 d:- ref:0 ;
in:2105 out:2105 type:B dur:2 cpbdur:2 q:29.17 aq:27.56 tex:98698 mv:59450 misc:7580 imb:259 pmb:5027 smb:2874 d:- ref:0 ;
in:2104 out:2106 type:b dur:2 cpbdur:2 q:29.15 aq:29.11 tex:24203 mv:31036 misc:7801 imb:103 pmb:3035 smb:5022 d:- ref:0 ;
in:2106 out:2107 type:b dur:2 cpbdur:2 q:29.19 aq:29.58 tex:26654 mv:28588 misc:7606 imb:88 pmb:2875 smb:5197 d:- ref:0 ;
in:2111 out:2108 type:P dur:2 cpbdur:2 q:29.22 aq:25.32 tex:515287 mv:67104 misc:2905 imb:1285 pmb:6148 smb:727 d:- ref:0 ;
in:2109 out:2109 type:B dur:2 cpbdur:2 q:29.21 aq:28.11 tex:105146 mv:58452 misc:7362 imb:201 pmb:4922 smb:3037 d:- ref:0 ;
in:2108 out:2110 type:b dur:2 cpbdur:2 q:29.21 aq:30.09 tex:20247 mv:22248 misc:6801 imb:47 pmb:2166 smb:5947 d:- ref:0 ;
in:2110 out:2111 type:b dur:2 cpbdur:2 q:29.22 aq:29.55 tex:35137 mv:36054 misc:7833 imb:103 pmb:3324 smb:4733 d:- ref:0 ;
in:2112 out:2112 type:P dur:2 cpbdur:2 q:29.23 aq:24.84 tex:484326 mv:55922 misc:3472 imb:740 pmb:6179 smb:1241 d:- ref:0 ;
in:2116 out:2113 type:P dur:2 cpbdur:2 q:29.27 aq:24.30 tex:769667 mv:74715 misc:2202 imb:1588 pmb:6102 smb:470 d:- ref:0 ;
in:2114 out:2114 type:B dur:2 cpbdur:2 q:29.25 aq:27.64 tex:127166 mv:65384 misc:6658 imb:309 pmb:5598 smb:2253 d:- ref:0 ;
in:2113 out:2115 type:b dur:2 cpbdur:2 q:29.24 aq:30.03 tex:41433 mv:41776 misc:8031 imb:105 pmb:4111 smb:3944 d:- ref:0 ;
in:2115 out:2116 type:b dur:2 cpbdur:2 q:29.26 aq:29.81 tex:29194 mv:29617 misc:7685 imb:94 pmb:2957 smb:5109 d:- ref:0 ;
in:2120 out:2117 type:P dur:2 cpbdur:2 q:29.34 aq:24.78 tex:514197 mv:66492 misc:2671 imb:1153 pmb:6329 smb:678 d:- ref:0 ;
in:2118 out:2118 type:B dur:2 cpbdur:2 q:29.30 aq:27.90 tex:84728 mv:53055 misc:7745 imb:210 pmb:4540 smb:3410 d:- ref:0 ;
in:2117 out:2119 type:b dur:2 cpbdur:2 q:29.29 aq:29.58 tex:19235 mv:21993 misc:6828 imb:48 pmb:2158 smb:5954 d:- ref:0 ;
in:2119 out:2120 type:b dur:2 cpbdur:2 q:29.32 aq:30.07 tex:22064 mv:29467 misc:7645 imb:83 pmb:2875 smb:5202 d:- ref:0 ;
in:2123 out:2121 type:P dur:2 cpbdur:2 q:29.34 aq:24.75 tex:595982 mv:69268 misc:2750 imb:1233 pmb:6181 smb:746 d:- ref:0 ;
in:2121 out:2122 type:B dur:2 cpbdur:2 q:29.34 aq:29.17 tex:56430 mv:44068 misc:7910 imb:133 pmb:3661 smb:4366 d:- ref:0 ;
in:2122 out:2123 type:b dur:2 cpbdur:2 q:29.34 aq:30.14 tex:28143 mv:35740 misc:7909 imb:90 pmb:3411 smb:4659 d:- ref:0 ;
in:2127 out:2124 type:P dur:2 cpbdur:2 q:29.38 aq:24.55 tex:713958 mv:74342 misc:2292 imb:1442 pmb:6164 smb:554 d:- ref:0 ;
in:2125 out:2125 type:B dur:2 cpbdur:2 q:29.36 aq:28.20 tex:102380 mv:62755 misc:7225 imb:243 pmb:5170 smb:2747 d:- ref:0 ;
in:2124 out:2126 type:b dur:2 cpbdur:2 q:29.35 aq:30.11 tex:40269 mv:38641 misc:7810 imb:105 pmb:3212 smb:4843 d:- ref:0 ;
in:2126 out:2127 type:b dur:2 cpbdur:2 q:29.37 aq:30.28 tex:22985 mv:22291 misc:7044 imb:60 pmb:2304 smb:5796 d:- ref:0 ;
in:2131 out:2128 type:P dur:2 cpbdur:2 q:29.43 aq:24.67 tex:550124 mv:71763 misc:1393 imb:1573 pmb:6429 smb:158 d:- ref:0 ;
in:2129 out:2129 type:B dur:2 cpbdur:2 q:29.41 aq:27.84 tex:90122 mv:59180 misc:7850 imb:263 pmb:4837 smb:3060 d:- ref:0 ;
in:2128 out:2130 type:b dur:2 cpbdur:2 q:29.40 aq:29.72 tex:22238 mv:31249 misc:7937 imb:100 pmb:3152 smb:4908 d:- ref:0 ;
in:2130 out:2131 type:b dur:2 cpbdur:2 q:29.42 aq:28.53 tex:41296 mv:35131 misc:8141 imb:238 pmb:3556 smb:4366 d:- ref:0 ;
in:2135 out:2132 type:P dur:2 cpbdur:2 q:29.45 aq:24.87 tex:598211 mv:73006 misc:2671 imb:1401 pmb:6180 smb:579 d:- ref:0 ;
in:2133 out:2133 type:B dur:2 cpbdur:2 q:29.44 aq:28.21 tex:95418 mv:59318 misc:7624 imb:253 pmb:4784 smb:3123 d:- ref:0 ;
in:2132 out:2134 type:b dur:2 cpbdur:2 q:29.44 aq:29.92 tex:24681 mv:26249 misc:7246 imb:82 pmb:2441 smb:5637 d:- ref:0 ;
in:2134 out:2135 type:b dur:2 cpbdur:2 q:29.45 aq:29.65 tex:27954 mv:34794 misc:7900 imb:98 pmb:3264 smb:4798 d:- ref:0 ;
in:2139 out:2136 type:P dur:2 cpbdur:2 q:29.48 aq:24.65 tex:680373 mv:75257 misc:2482 imb:1417 pmb:6224 smb:519 d:- ref:0 ;
in:2137 out:2137 type:B dur:2 cpbdur:2 q:29.46 aq:28.11 tex:94143 mv:61436 misc:7301 imb:266 pmb:5156 smb:2738 d:- ref:0 ;
in:2136 out:2138 type:b dur:2 cpbdur:2 q:29.46 aq:29.54 tex:40986 mv:39773 misc:7833 imb:109 pmb:3306 smb:4745 d:- ref:0 ;
in:2138 out:2139 type:b dur:2 cpbdur:2 q:29.47 aq:30.04 tex:19542 mv:21521 misc:6905 imb:61 pmb:2192 smb:5907 d:- ref:0 ;
in:2143 out:2140 type:P dur:2 cpbdur:2 q:29.52 aq:24.91 tex:485071 mv:69356 misc:2605 imb:1202 pmb:6383 smb:575 d:- ref:0 ;
in:2141 out:2141 type:B dur:2 cpbdur:2 q:29.50 aq:27.98 tex:84967 mv:59883 misc:7710 imb:249 pmb:4850 smb:3061 d:- ref:0 ;
in:2140 out:2142 type:b dur:2 cpbdur:2 q:29.49 aq:29.40 tex:19245 mv:30750 misc:7797 imb:103 pmb:3036 smb:5021 d:- ref:0 ;
in:2142 out:2143 type:b dur:2 cpbdur:2 q:29.51 aq:30.18 tex:22945 mv:28930 misc:7573 imb:93 pmb:2836 smb:5231 d:- ref:0 ;
in:2147 out:2144 type:P dur:2 cpbdur:2 q:29.54 aq:24.95 tex:568591 mv:73927 misc:2666 imb:1480 pmb:6116 smb:564 d:- ref:0 ;
in:2145 out:2145 type:B dur:2 cpbdur:2 q:29.53 aq:28.59 tex:88448 mv:59057 misc:7719 imb:230 pmb:4655 smb:3275 d:- ref:0 ;
in:2144 out:2146 type:b dur:2 cpbdur:2 q:29.53 aq:30.20 tex:21873 mv:24814 misc:6985 imb:62 pmb:2288 smb:5810 d:- ref:0 ;
in:2146 out:2147 type:b dur:2 cpbdur:2 q:29.53 aq:30.05 tex:26033 mv:34021 misc:7842 imb:90 pmb:3178 smb:4892 d:- ref:0 ;
in:2151 out:2148 type:P dur:2 cpbdur:2 q:29.56 aq:24.80 tex:637613 mv:74354 misc:2569 imb:1551 pmb:6010 smb:599 d:- ref:0 ;
in:2149 out:2149 type:B dur:2 cpbdur:2 q:29.55 aq:28.11 tex:77150 mv:57921 misc:7497 imb:279 pmb:4977 smb:2904 d:- ref:0 ;
in:2148 out:2150 type:b dur:2 cpbdur:2 q:29.54 aq:30.55 tex:36168 mv:37485 misc:7611 imb:107 pmb:3060 smb:4993 d:- ref:0 ;
in:2150 out:2151 type:b dur:2 cpbdur:2 q:29.56 aq:30.18 tex:15578 mv:20297 misc:6853 imb:63 pmb:2112 smb:5985 d:- ref:0 ;
in:2155 out:2152 type:P dur:2 cpbdur:2 q:29.59 aq:25.07 tex:439615 mv:69054 misc:2683 imb:1241 pmb:6296 smb:623 d:- ref:0 ;
in:2153 out:2153 type:B dur:2 cpbdur:2 q:29.58 aq:27.97 tex:72027 mv:55461 misc:7912 imb:212 pmb:4612 smb:3336 d:- ref:0 ;
in:2152 out:2154 type:b dur:2 cpbdur:2 q:29.57 aq:29.57 tex:16200 mv:27693 misc:7635 imb:75 pmb:2873 smb:5212 d:- ref:0 ;
in:2154 out:2155 type:b dur:2 cpbdur:2 q:29.58 aq:29.61 tex:17926 mv:26700 misc:7390 imb:83 pmb:2651 smb:5426 d:- ref:0 ;
in:2159 out:2156 type:P dur:2 cpbdur:2 q:29.59 aq:25.81 tex:400425 mv:68116 misc:3171 imb:1287 pmb:6015 smb:858 d:- ref:0 ;
in:2157 out:2157 type:B dur:2 cpbdur:2 q:29.59 aq:28.33 tex:82793 mv:55877 misc:7618 imb:207 pmb:4586 smb:3367 d:- ref:0 ;
in:2156 out:2158 type:b dur:2 cpbdur:2 q:29.59 aq:30.25 tex:16057 mv:22145 misc:6726 imb:53 pmb:2059 smb:6048 d:- ref:0 ;
in:2158 out:2159 type:b dur:2 cpbdur:2 q:29.59 aq:29.79 tex:23514 mv:31759 misc:7655 imb:66 pmb:2996 smb:5098 d:- ref:0 ;
in:2161 out:2160 type:P dur:2 cpbdur:2 q:29.59 aq:24.37 tex:636515 mv:76598 misc:2015 imb:1951 pmb:5904 smb:305 d:- ref:0 ;
in:2160 out:2161 type:b dur:2 cpbdur:2 q:29.59 aq:28.98 tex:65527 mv:47529 misc:7840 imb:284 pmb:4068 smb:3808 d:- ref:0 ;
in:2165 out:2162 type:P dur:2 cpbdur:2 q:29.61 aq:24.72 tex:447041 mv:67335 misc:2992 imb:1243 pmb:6182 smb:735 d:- ref:0 ;
in:2163 out:2163 type:B dur:2 cpbdur:2 q:29.60 aq:28.18 tex:63821 mv:50289 misc:7906 imb:181 pmb:4326 smb:3653 d:- ref:0 ;
in:2162 out:2164 type:b dur:2 cpbdur:2 q:29.59 aq:29.68 tex:17396 mv:23195 misc:6897 imb:71 pmb:2172 smb:5917 d:- ref:0 ;
in:2164 out:2165 type:b dur:2 cpbdur:2 q:29.61 aq:29.37 tex:14642 mv:26518 misc:7328 imb:81 pmb:2576 smb:5503 d:- ref:0 ;
in:2169 out:2166 type:P dur:2 cpbdur:2 q:29.62 aq:25.02 tex:394609 mv:68032 misc:3343 imb:1330 pmb:5993 smb:837 d:- ref:0 ;
in:2167 out:2167 type:B dur:2 cpbdur:2 q:29.61 aq:27.71 tex:67703 mv:53704 misc:7793 imb:219 pmb:4406 smb:3535 d:- ref:0 ;
in:2166 out:2168 type:b dur:2 cpbdur:2 q:29.61 aq:29.93 tex:19397 mv:28686 misc:7253 imb:78 pmb:2542 smb:5540 d:- ref:0 ;
in:2168 out:2169 type:b dur:2 cpbdur:2 q:29.61 aq:29.55 tex:15736 mv:21367 misc:6785 imb:65 pmb:2209 smb:5886 d:- ref:0 ;
in:2171 out:2170 type:P dur:2 cpbdur:2 q:29.61 aq:27.69 tex:202084 mv:57404 misc:5232 imb:1004 pmb:5468 smb:1688 d:- ref:0 ;
in:2170 out:2171 type:b dur:2 cpbdur:2 q:29.61 aq:29.49 tex:22894 mv:31258 misc:7696 imb:102 pmb:3163 smb:4895 d:- ref:0 ;
in:2172 out:2172 type:I dur:2 cpbdur:2 q:26.62 aq:21.59 tex:956655 mv:256604 misc:381 imb:8160 pmb:0 smb:0 d:- ref:;
in:2176 out:2173 type:P dur:2 cpbdur:2 q:29.74 aq:24.73 tex:398074 mv:69287 misc:3463 imb:1245 pmb:6024 smb:891 d:- ref:0 ;
in:2174 out:2174 type:B dur:2 cpbdur:2 q:29.74 aq:27.74 tex:56289 mv:54421 misc:7754 imb:180 pmb:4237 smb:3743 d:- ref:0 ;
in:2173 out:2175 type:b dur:2 cpbdur:2 q:29.74 aq:28.09 tex:14717 mv:27987 misc:7312 imb:97 pmb:2606 smb:5457 d:- ref:0 ;
in:2175 out:2176 type:b dur:2 cpbdur:2 q:29.74 aq:28.83 tex:14888 mv:24722 misc:7046 imb:76 pmb:2366 smb:5718 d:- ref:0 ;
in:2180 out:2177 type:P dur:2 cpbdur:2 q:29.77 aq:24.99 tex:333217 mv:66783 misc:3264 imb:1276 pmb:6100 smb:784 d:- ref:0 ;
in:2178 out:2178 type:B dur:2 cpbdur:2 q:29.76 aq:27.70 tex:41853 mv:42348 misc:7887 imb:160 pmb:3620 smb:4380 d:- ref:0 ;
in:2177 out:2179 type:b dur:2 cpbdur:2 q:29.75 aq:28.93 tex:9864 mv:18635 misc:6125 imb:56 pmb:1755 smb:6349 d:- ref:0 ;
in:2179 out:2180 type:b dur:2 cpbdur:2 q:29.76 aq:28.28 tex:12131 mv:23503 misc:7118 imb:69 pmb:2362 smb:5729 d:- ref:0 ;
in:2184 out:2181 type:P dur:2 cpbdur:2 q:29.75 aq:24.93 tex:435367 mv:72354 misc:3215 imb:1617 pmb:5778 smb:765 d:- ref:0 ;
in:2182 out:2182 type:B dur:2 cpbdur:2 q:29.76 aq:27.75 tex:64230 mv:55450 misc:7632 imb:238 pmb:4254 smb:3668 d:- ref:0 ;
in:2181 out:2183 type:b dur:2 cpbdur:2 q:29.77 aq:28.95 tex:20297 mv:29231 misc:7176 imb:96 pmb:2484 smb:5580 d:- ref:0 ;
in:2183 out:2184 type:b dur:2 cpbdur:2 q:29.76 aq:29.27 tex:15491 mv:21867 misc:6810 imb:78 pmb:2215 smb:5867 d:- ref:0 ;
in:2188 out:2185 type:P dur:2 cpbdur:2 q:29.75 aq:24.86 tex:400242 mv:70374 misc:3240 imb:1390 pmb:5939 smb:831 d:- ref:0 ;
in:2186 out:2186 type:B dur:2 cpbdur:2 q:29.75 aq:27.51 tex:54511 mv:49768 misc:7777 imb:177 pmb:4244 smb:3739 d:- ref:0 ;
in:2185 out:2187 type:b dur:2 cpbdur:2 q:29.75 aq:28.66 tex:15273 mv:27496 misc:7455 imb:91 pmb:2706 smb:5363 d:- ref:0 ;
in:2187 out:2188 type:b dur:2 cpbdur:2 q:29.75 aq:29.16 tex:12891 mv:19894 misc:6551 imb:58 pmb:1972 smb:6130 d:- ref:0 ;
in:2192 out:2189 type:P dur:2 cpbdur:2 q:29.72 aq:24.90 tex:330179 mv:70433 misc:2580 imb:1575 pmb:6066 smb:519 d:- ref:0 ;
in:2190 out:2190 type:B dur:2 cpbdur:2 q:29.73 aq:26.97 tex:58770 mv:45592 misc:8030 imb:330 pmb:4287 smb:3543 d:- ref:0 ;
in:2189 out:2191 type:b dur:2 cpbdur:2 q:29.74 aq:27.82 tex:14377 mv:24648 misc:7039 imb:104 pmb:2307 smb:5749 d:- ref:0 ;
in:2191 out:2192 type:b dur:2 cpbdur:2 q:29.73 aq:27.87 tex:14740 mv:20711 misc:6781 imb:98 pmb:2164 smb:5898 d:- ref:0 ;
in:2196 out:2193 type:P dur:2 cpbdur:2 q:29.69 aq:24.81 tex:395910 mv:73395 misc:3055 imb:1770 pmb:5637 smb:753 d:- ref:0 ;
in:2194 out:2194 type:B dur:2 cpbdur:2 q:29.71 aq:27.15 tex:61454 mv:50848 misc:7658 imb:202 pmb:4089 smb:3869 d:- ref:0 ;
in:2193 out:2195 type:b dur:2 cpbdur:2 q:29.71 aq:28.61 tex:15748 mv:23494 misc:6734 imb:68 pmb:2141 smb:5951 d:- ref:0 ;
in:2195 out:2196 type:b dur:2 cpbdur:2 q:29.70 aq:28.82 tex:16465 mv:25537 misc:6974 imb:70 pmb:2423 smb:5667 d:- ref:0 ;
in:2200 out:2197 type:P dur:2 cpbdur:2 q:29.68 aq:24.84 tex:360183 mv:71978 misc:3271 imb:1433 pmb:5892 smb:835 d:- ref:0 ;
in:2198 out:2198 type:B dur:2 cpbdur:2 q:29.69 aq:26.97 tex:48421 mv:47495 misc:7804 imb:200 pmb:4076 smb:3884 d:- ref:0 ;
in:2197 out:2199 type:b dur:2 cpbdur:2 q:29.69 aq:28.47 tex:16076 mv:26071 misc:7037 imb:78 pmb:2418 smb:5664 d:- ref:0 ;
in:2199 out:2200 type:b dur:2 cpbdur:2 q:29.68 aq:28.55 tex:12115 mv:18017 misc:6476 imb:51 pmb:1878 smb:6231 d:- ref:0 ;
in:2204 out:2201 type:P dur:2 cpbdur:2 q:29.67 aq:25.11 tex:265091 mv:67951 misc:3542 imb:1429 pmb:5801 smb:930 d:- ref:0 ;
in:2202 out:2202 type:B dur:2 cpbdur:2 q:29.67 aq:26.72 tex:42322 mv:42286 misc:7984 imb:179 pmb:3772 smb:4209 d:- ref:0 ;
in:2201 out:2203 type:b dur:2 cpbdur:2 q:29.68 aq:27.96 tex:12395 mv:22203 misc:6826 imb:92 pmb:2168 smb:5900 d:- ref:0 ;
in:2203 out:2204 type:b dur:2 cpbdur:2 q:29.67 aq:28.54 tex:12872 mv:19235 misc:6661 imb:64 pmb:2046 smb:6050 d:- ref:0 ;
in:2208 out:2205 type:P dur:2 cpbdur:2 q:29.64 aq:25.26 tex:312128 mv:72999 misc:3497 imb:1974 pmb:5310 smb:876 d:- ref:0 ;
in:2206 out:2206 type:B dur:2 cpbdur:2 q:29.65 aq:27.20 tex:65355 mv:55408 misc:7493 imb:227 pmb:4468 smb:3465 d:- ref:0 ;
in:2205 out:2207 type:b dur:2 cpbdur:2 q:29.66 aq:28.12 tex:11778 mv:19280 misc:6326 imb:69 pmb:1873 smb:6218 d:- ref:0 ;
in:2207 out:2208 type:b dur:2 cpbdur:2 q:29.65 aq:28.21 tex:21437 mv:28163 misc:7128 imb:110 pmb:2602 smb:5448 d:- ref:0 ;
in:2212 out:2209 type:P dur:2 cpbdur:2 q:29.63 aq:25.02 tex:356545 mv:77318 misc:2961 imb:2028 pmb:5459 smb:673 d:- ref:0 ;
in:2210 out:2210 type:B dur:2 cpbdur:2 q:29.63 aq:26.65 tex:59128 mv:54554 misc:7470 imb:245 pmb:4719 smb:3196 d:- ref:0 ;
in:2209 out:2211 type:b dur:2 cpbdur:2 q:29.64 aq:28.00 tex:23856 mv:33467 misc:7573 imb:119 pmb:3111 smb:4930 d:- ref:0 ;
in:2211 out:2212 type:b dur:2 cpbdur:2 q:29.63 aq:27.74 tex:14115 mv:18350 misc:6519 imb:76 pmb:1960 smb:6124 d:- ref:0 ;
in:2216 out:2213 type:P dur:2 cpbdur:2 q:29.61 aq:25.48 tex:230008 mv:72911 misc:3505 imb:1705 pmb:5533 smb:922 d:- ref:0 ;
in:2214 out:2214 type:B dur:2 cpbdur:2 q:29.62 aq:26.57 tex:47567 mv:48001 misc:7920 imb:215 pmb:4035 smb:3910 d:- ref:0 ;
in:2213 out:2215 type:b dur:2 cpbdur:2 q:29.62 aq:27.68 tex:12459 mv:23259 misc:6890 imb:78 pmb:2262 smb:5820 d:- ref:0 ;
in:2215 out:2216 type:b dur:2 cpbdur:2 q:29.62 aq:27.94 tex:14488 mv:23071 misc:6969 imb:68 pmb:2412 smb:5680 d:- ref:0 ;
in:2220 out:2217 type:P dur:2 cpbdur:2 q:29.59 aq:25.47 tex:318937 mv:77370 misc:2413 imb:3194 pmb:4470 smb:496 d:- ref:0 ;
in:2218 out:2218 type:B dur:2 cpbdur:2 q:29.60 aq:26.55 tex:72304 mv:58548 misc:7468 imb:305 pmb:4532 smb:3323 d:- ref:0 ;
in:2217 out:2219 type:b dur:2 cpbdur:2 q:29.61 aq:27.73 tex:16499 mv:24392 misc:6829 imb:100 pmb:2281 smb:5779 d:- ref:0 ;
in:2219 out:2220 type:b dur:2 cpbdur:2 q:29.59 aq:27.16 tex:23692 mv:29060 misc:7560 imb:148 pmb:2828 smb:5184 d:- ref:0 ;
in:2224 out:2221 type:P dur:2 cpbdur:2 q:29.57 aq:25.57 tex:282486 mv:79755 misc:3119 imb:2621 pmb:4805 smb:734 d:- ref:0 ;
in:2222 out:2222 type:B dur:2 cpbdur:2 q:29.58 aq:26.35 tex:63814 mv:61503 misc:7395 imb:367 pmb:4625 smb:3168 d:- ref:0 ;
in:2221 out:2223 type:b dur:2 cpbdur:2 q:29.58 aq:27.65 tex:22883 mv:33023 misc:7438 imb:135 pmb:2942 smb:5083 d:- ref:0 ;
in:2223 out:2224 type:b dur:2 cpbdur:2 q:29.58 aq:27.72 tex:21306 mv:28410 misc:7164 imb:118 pmb:2613 smb:5429 d:- ref:0 ;
in:2228 out:2225 type:P dur:2 cpbdur:2 q:29.56 aq:25.45 tex:233725 mv:77739 misc:2960 imb:3048 pmb:4400 smb:712 d:- ref:0 ;
in:2226 out:2226 type:B dur:2 cpbdur:2 q:29.57 aq:26.41 tex:58644 mv:60054 misc:7462 imb:353 pmb:4507 smb:3300 d:- ref:0 ;
in:2225 out:2227 type:b dur:2 cpbdur:2 q:29.57 aq:27.96 tex:22694 mv:32304 misc:7538 imb:139 pmb:2931 smb:5090 d:- ref:0 ;
in:2227 out:2228 type:b dur:2 cpbdur:2 q:29.56 aq:26.81 tex:20345 mv:28954 misc:7261 imb:152 pmb:2683 smb:5325 d:- ref:0 ;
in:2232 out:2229 type:P dur:2 cpbdur:2 q:29.54 aq:25.32 tex:226150 mv:77600 misc:2962 imb:3351 pmb:4082 smb:727 d:- ref:0 ;
in:2230 out:2230 type:B dur:2 cpbdur:2 q:29.55 aq:26.24 tex:67927 mv:62270 misc:6995 imb:464 pmb:4538 smb:3158 d:- ref:0 ;
in:2229 out:2231 type:b dur:2 cpbdur:2 q:29.55 aq:27.11 tex:17499 mv:25692 misc:6913 imb:117 pmb:2364 smb:5679 d:- ref:0 ;
in:2231 out:2232 type:b dur:2 cpbdur:2 q:29.55 aq:26.81 tex:20167 mv:28683 misc:7230 imb:148 pmb:2651 smb:5361 d:- ref:0 ;
in:2236 out:2233 type:P dur:2 cpbdur:2 q:29.51 aq:25.33 tex:243797 mv:81783 misc:2748 imb:3348 pmb:4219 smb:593 d:- ref:0 ;
in:2234 out:2234 type:B dur:2 cpbdur:2 q:29.53 aq:25.86 tex:62910 mv:64016 misc:7274 imb:611 pmb:4497 smb:3052 d:- ref:0 ;
in:2233 out:2235 type:b dur:2 cpbdur:2 q:29.53 aq:26.87 tex:22852 mv:33723 misc:7345 imb:199 pmb:2970 smb:4991 d:- ref:0 ;
in:2235 out:2236 type:b dur:2 cpbdur:2 q:29.52 aq:26.98 tex:25163 mv:32807 misc:7222 imb:238 pmb:2831 smb:5091 d:- ref:0 ;
in:2240 out:2237 type:P dur:2 cpbdur:2 q:29.49 aq:25.22 tex:196244 mv:78232 misc:3004 imb:3463 pmb:4024 smb:673 d:- ref:0 ;
in:2238 out:2238 type:B dur:2 cpbdur:2 q:29.50 aq:25.88 tex:60167 mv:64621 misc:7148 imb:560 pmb:4561 smb:3039 d:- ref:0 ;
in:2237 out:2239 type:b dur:2 cpbdur:2 q:29.51 aq:26.98 tex:25645 mv:34491 misc:7400 imb:210 pmb:3053 smb:4897 d:- ref:0 ;
in:2239 out:2240 type:b dur:2 cpbdur:2 q:29.50 aq:26.79 tex:23327 mv:34875 misc:7358 imb:216 pmb:3124 smb:4820 d:- ref:0 ;
in:2244 out:2241 type:P dur:2 cpbdur:2 q:29.46 aq:25.05 tex:195597 mv:77469 misc:3046 imb:3841 pmb:3644 smb:675 d:- ref:0 ;
in:2242 out:2242 type:B dur:2 cpbdur:2 q:29.47 aq:25.82 tex:78687 mv:70476 misc:6653 imb:814 pmb:4705 smb:2641 d:- ref:0 ;
in:2241 out:2243 type:b dur:2 cpbdur:2 q:29.48 aq:26.56 tex:21342 mv:31950 misc:7260 imb:227 pmb:2793 smb:5140 d:- ref:0 ;
in:2243 out:2244 type:b dur:2 cpbdur:2 q:29.47 aq:26.78 tex:27769 mv:36508 misc:7379 imb:317 pmb:3066 smb:4777 d:- ref:0 ;
in:2248 out:2245 type:P dur:2 cpbdur:2 q:29.42 aq:25.37 tex:215023 mv:80476 misc:2661 imb:3812 pmb:3757 smb:591 d:- ref:0 ;
in:2246 out:2246 type:B dur:2 cpbdur:2 q:29.44 aq:25.63 tex:71391 mv:69667 misc:6726 imb:941 pmb:4535 smb:2684 d:- ref:0 ;
in:2245 out:2247 type:b dur:2 cpbdur:2 q:29.45 aq:26.84 tex:30450 mv:42135 misc:7543 imb:336 pmb:3494 smb:4330 d:- ref:0 ;
in:2247 out:2248 type:b dur:2 cpbdur:2 q:29.43 aq:26.42 tex:30372 mv:39001 misc:7411 imb:357 pmb:3266 smb:4537 d:- ref:0 ;
in:2252 out:2249 type:P dur:2 cpbdur:2 q:29.39 aq:25.28 tex:174401 mv:74923 misc:2156 imb:4611 pmb:3139 smb:410 d:- ref:0 ;
in:2250 out:2250 type:B dur:2 cpbdur:2 q:29.41 aq:25.42 tex:81980 mv:72831 misc:6397 imb:1340 pmb:4645 smb:2175 d:- ref:0 ;
in:2249 out:2251 type:b dur:2 cpbdur:2 q:29.41 aq:26.32 tex:37794 mv:44533 misc:7529 imb:468 pmb:3718 smb:3974 d:- ref:0 ;
in:2251 out:2252 type:b dur:2 cpbdur:2 q:29.40 aq:25.88 tex:34019 mv:46393 misc:7580 imb:514 pmb:3774 smb:3872 d:- ref:0 ;
in:2255 out:2253 type:P dur:2 cpbdur:2 q:29.36 aq:25.52 tex:149056 mv:73358 misc:2914 imb:4273 pmb:3177 smb:710 d:- ref:0 ;
in:2253 out:2254 type:B dur:2 cpbdur:2 q:29.38 aq:26.05 tex:51527 mv:57598 misc:7099 imb:883 pmb:3952 smb:3325 d:- ref:0 ;
in:2254 out:2255 type:b dur:2 cpbdur:2 q:29.37 aq:26.06 tex:45481 mv:50377 misc:7398 imb:653 pmb:4039 smb:3468 d:- ref:0 ;
in:2256 out:2256 type:I dur:2 cpbdur:2 q:26.58 aq:22.29 tex:305594 mv:139560 misc:366 imb:8160 pmb:0 smb:0 d:- ref:;
in:2260 out:2257 type:P dur:2 cpbdur:2 q:29.36 aq:25.34 tex:185924 mv:74274 misc:2314 imb:4989 pmb:2628 smb:543 d:- ref:0 ;
in:2258 out:2258 type:B dur:2 cpbdur:2 q:29.36 aq:25.02 tex:80046 mv:79865 misc:5881 imb:1836 pmb:4338 smb:1986 d:- ref:0 ;
in:2257 out:2259 type:b dur:2 cpbdur:2 q:29.36 aq:25.83 tex:42156 mv:55314 misc:7314 imb:807 pmb:4030 smb:3323 d:- ref:0 ;
in:2259 out:2260 type:b dur:2 cpbdur:2 q:29.36 aq:25.59 tex:41749 mv:51141 misc:7438 imb:809 pmb:3732 smb:3619 d:- ref:0 ;
in:2264 out:2261 type:P dur:2 cpbdur:2 q:29.34 aq:24.87 tex:157714 mv:65297 misc:2165 imb:6033 pmb:1719 smb:408 d:- ref:0 ;
in:2262 out:2262 type:B dur:2 cpbdur:2 q:29.35 aq:24.83 tex:89465 mv:82724 misc:5419 imb:2160 pmb:4211 smb:1789 d:- ref:0 ;
in:2261 out:2263 type:b dur:2 cpbdur:2 q:29.35 aq:25.52 tex:47986 mv:55343 misc:7167 imb:958 pmb:3831 smb:3371 d:- ref:0 ;
in:2263 out:2264 type:b dur:2 cpbdur:2 q:29.34 aq:25.35 tex:47724 mv:58261 misc:6879 imb:976 pmb:4218 smb:2966 d:- ref:0 ;
in:2268 out:2265 type:P dur:2 cpbdur:2 q:29.31 aq:24.54 tex:150416 mv:67652 misc:2284 imb:5691 pmb:2021 smb:448 d:- ref:0 ;
in:2266 out:2266 type:B dur:2 cpbdur:2 q:29.32 aq:24.75 tex:87983 mv:80377 misc:5480 imb:2128 pmb:4249 smb:1783 d:- ref:0 ;
in:2265 out:2267 type:b dur:2 cpbdur:2 q:29.33 aq:24.89 tex:38015 mv:49952 misc:7537 imb:977 pmb:3544 smb:3639 d:- ref:0 ;
in:2267 out:2268 type:b dur:2 cpbdur:2 q:29.32 aq:25.01 tex:37115 mv:47768 misc:7573 imb:846 pmb:3488 smb:3826 d:- ref:0 ;
in:2272 out:2269 type:P dur:2 cpbdur:2 q:29.29 aq:24.65 tex:167563 mv:72271 misc:2502 imb:5083 pmb:2529 smb:548 d:- ref:0 ;
in:2270 out:2270 type:B dur:2 cpbdur:2 q:29.30 aq:24.69 tex:64722 mv:69959 misc:6551 imb:1548 pmb:4196 smb:2416 d:- ref:0 ;
in:2269 out:2271 type:b dur:2 cpbdur:2 q:29.31 aq:25.25 tex:35840 mv:47815 misc:7457 imb:727 pmb:3741 smb:3692 d:- ref:0 ;
in:2271 out:2272 type:b dur:2 cpbdur:2 q:29.30 aq:25.10 tex:30303 mv:41621 misc:7644 imb:636 pmb:3152 smb:4372 d:- ref:0 ;
in:2276 out:2273 type:P dur:2 cpbdur:2 q:29.29 aq:24.58 tex:138665 mv:67868 misc:2731 imb:5038 pmb:2451 smb:671 d:- ref:0 ;
in:2274 out:2274 type:B dur:2 cpbdur:2 q:29.29 aq:24.40 tex:63284 mv:68513 misc:6651 imb:1464 pmb:4238 smb:2458 d:- ref:0 ;
in:2273 out:2275 type:b dur:2 cpbdur:2 q:29.29 aq:24.96 tex:33165 mv:43528 misc:7779 imb:665 pmb:3376 smb:4119 d:- ref:0 ;
in:2275 out:2276 type:b dur:2 cpbdur:2 q:29.29 aq:24.78 tex:31046 mv:43452 misc:7886 imb:637 pmb:3581 smb:3942 d:- ref:0 ;
in:2280 out:2277 type:P dur:2 cpbdur:2 q:29.28 aq:24.42 tex:152396 mv:68413 misc:1967 imb:5652 pmb:2174 smb:334 d:- ref:0 ;
in:2278 out:2278 type:B dur:2 cpbdur:2 q:29.29 aq:24.62 tex:80750 mv:77110 misc:5836 imb:1676 pmb:4511 smb:1973 d:- ref:0 ;
in:2277 out:2279 type:b dur:2 cpbdur:2 q:29.29 aq:24.86 tex:29320 mv:40166 misc:7626 imb:693 pmb:3015 smb:4452 d:- ref:0 ;
in:2279 out:2280 type:b dur:2 cpbdur:2 q:29.29 aq:24.79 tex:38082 mv:46530 misc:7692 imb:908 pmb:3399 smb:3853 d:- ref:0 ;
in:2284 out:2281 type:P dur:2 cpbdur:2 q:29.28 aq:24.82 tex:159195 mv:69658 misc:2475 imb:5343 pmb:2308 smb:509 d:- ref:0 ;
in:2282 out:2282 type:B dur:2 cpbdur:2 q:29.28 aq:24.52 tex:68910 mv:73577 misc:6361 imb:1834 pmb:4196 smb:2130 d:- ref:0 ;
in:2281 out:2283 type:b dur:2 cpbdur:2 q:29.28 aq:24.87 tex:35382 mv:49041 misc:7801 imb:828 pmb:3670 smb:3662 d:- ref:0 ;
in:2283 out:2284 type:b dur:2 cpbdur:2 q:29.28 aq:24.82 tex:33840 mv:45847 misc:7865 imb:903 pmb:3299 smb:3958 d:- ref:0 ;
in:2288 out:2285 type:P dur:2 cpbdur:2 q:29.26 aq:24.66 tex:149512 mv:66208 misc:2000 imb:5987 pmb:1841 smb:332 d:- ref:0 ;
in:2286 out:2286 type:B dur:2 cpbdur:2 q:29.27 aq:24.48 tex:76990 mv:78618 misc:5680 imb:2290 pmb:4169 smb:1701 d:- ref:0 ;
in:2285 out:2287 type:b dur:2 cpbdur:2 q:29.28 aq:24.94 tex:41377 mv:52876 misc:7595 imb:1113 pmb:3615 smb:3432 d:- ref:0 ;
in:2287 out:2288 type:b dur:2 cpbdur:2 q:29.27 aq:24.93 tex:42242 mv:55919 misc:7591 imb:1163 pmb:3898 smb:3099 d:- ref:0 ;
in:2292 out:2289 type:P dur:2 cpbdur:2 q:29.24 aq:24.45 tex:151580 mv:66739 misc:1561 imb:6204 pmb:1757 smb:199 d:- ref:0 ;
in:2290 out:2290 type:B dur:2 cpbdur:2 q:29.25 aq:24.64 tex:100097 mv:88762 misc:4701 imb:2908 pmb:4133 smb:1119 d:- ref:0 ;
in:2289 out:2291 type:b dur:2 cpbdur:2 q:29.26 aq:24.66 tex:45316 mv:55639 misc:7517 imb:1456 pmb:3538 smb:3166 d:- ref:0 ;
in:2291 out:2292 type:b dur:2 cpbdur:2 q:29.25 aq:24.69 tex:54469 mv:63025 misc:7106 imb:1723 pmb:3810 smb:2627 d:- ref:0 ;
in:2296 out:2293 type:P dur:2 cpbdur:2 q:29.22 aq:24.70 tex:168391 mv:70636 misc:1213 imb:6104 pmb:1942 smb:114 d:- ref:0 ;
in:2294 out:2294 type:B dur:2 cpbdur:2 q:29.23 aq:24.48 tex:90793 mv:85552 misc:4687 imb:2890 pmb:4166 smb:1104 d:- ref:0 ;
in:2293 out:2295 type:b dur:2 cpbdur:2 q:29.24 aq:24.75 tex:52967 mv:63946 misc:6919 imb:1577 pmb:4146 smb:2437 d:- ref:0 ;
in:2295 out:2296 type:b dur:2 cpbdur:2 q:29.23 aq:24.66 tex:52265 mv:60532 misc:7291 imb:1765 pmb:3691 smb:2704 d:- ref:0 ;
in:2300 out:2297 type:P dur:2 cpbdur:2 q:29.19 aq:24.67 tex:151097 mv:67971 misc:1388 imb:6219 pmb:1783 smb:158 d:- ref:0 ;
in:2298 out:2298 type:B dur:2 cpbdur:2 q:29.21 aq:24.60 tex:94975 mv:87597 misc:4284 imb:3168 pmb:3971 smb:1021 d:- ref:0 ;
in:2297 out:2299 type:b dur:2 cpbdur:2 q:29.21 aq:24.67 tex:57200 mv:64805 misc:6843 imb:1908 pmb:3820 smb:2432 d:- ref:0 ;
in:2299 out:2300 type:b dur:2 cpbdur:2 q:29.20 aq:24.96 tex:59060 mv:66653 misc:6599 imb:1584 pmb:4375 smb:2201 d:- ref:0 ;
in:2301 out:2301 type:I dur:2 cpbdur:2 q:26.37 aq:21.83 tex:284138 mv:104756 misc:362 imb:8160 pmb:0 smb:0 d:- ref:;
in:2305 out:2302 type:P dur:2 cpbdur:2 q:29.17 aq:24.72 tex:162475 mv:64433 misc:1124 imb:6652 pmb:1395 smb:113 d:- ref:0 ;
in:2303 out:2303 type:B dur:2 cpbdur:2 q:29.17 aq:24.60 tex:105007 mv:88042 misc:3871 imb:3539 pmb:3767 smb:854 d:- ref:0 ;
in:2302 out:2304 type:b dur:2 cpbdur:2 q:29.17 aq:24.96 tex:64386 mv:70221 misc:6409 imb:1878 pmb:4223 smb:2059 d:- ref:0 ;
in:2304 out:2305 type:b dur:2 cpbdur:2 q:29.17 aq:24.77 tex:61252 mv:66452 misc:6568 imb:1902 pmb:3896 smb:2362 d:- ref:0 ;
in:2309 out:2306 type:P dur:2 cpbdur:2 q:29.16 aq:24.87 tex:157145 mv:63636 misc:1059 imb:6736 pmb:1314 smb:110 d:- ref:0 ;
in:2307 out:2307 type:B dur:2 cpbdur:2 q:29.16 aq:24.52 tex:111140 mv:87363 misc:3929 imb:3738 pmb:3538 smb:884 d:- ref:0 ;
in:2306 out:2308 type:b dur:2 cpbdur:2 q:29.17 aq:24.79 tex:66142 mv:68155 misc:6591 imb:1957 pmb:3986 smb:2217 d:- ref:0 ;
in:2308 out:2309 type:b dur:2 cpbdur:2 q:29.16 aq:25.03 tex:70523 mv:71018 misc:6003 imb:1830 pmb:4540 smb:1790 d:- ref:0 ;
in:2313 out:2310 type:P dur:2 cpbdur:2 q:29.15 aq:24.75 tex:155440 mv:62987 misc:1029 imb:6787 pmb:1298 smb:75 d:- ref:0 ;
in:2311 out:2311 type:B dur:2 cpbdur:2 q:29.15 aq:24.79 tex:120125 mv:91251 misc:3368 imb:3926 pmb:3592 smb:642 d:- ref:0 ;
in:2310 out:2312 type:b dur:2 cpbdur:2 q:29.16 aq:24.66 tex:68279 mv:67993 misc:6408 imb:2222 pmb:3963 smb:1975 d:- ref:0 ;
in:2312 out:2313 type:b dur:2 cpbdur:2 q:29.15 aq:24.89 tex:68278 mv:71541 misc:6173 imb:2338 pmb:3864 smb:1958 d:- ref:0 ;
in:2315 out:2314 type:P dur:2 cpbdur:2 q:29.15 aq:24.83 tex:120839 mv:66831 misc:1970 imb:5698 pmb:2189 smb:273 d:- ref:0 ;
in:2314 out:2315 type:b dur:2 cpbdur:2 q:29.15 aq:25.09 tex:70004 mv:70286 misc:6102 imb:1839 pmb:4534 smb:1787 d:- ref:0 ;
in:2316 out:2316 type:i dur:2 cpbdur:2 q:26.31 aq:22.00 tex:307770 mv:93363 misc:371 imb:8160 pmb:0 smb:0 d:- ref:;
in:2318 out:2317 type:P dur:2 cpbdur:2 q:29.17 aq:24.56 tex:117255 mv:63295 misc:2186 imb:5959 pmb:1809 smb:392 d:- ref:0 ;
in:2317 out:2318 type:b dur:2 cpbdur:2 q:29.17 aq:24.91 tex:59548 mv:67457 misc:6755 imb:1960 pmb:3927 smb:2273 d:- ref:0 ;
in:2319 out:2319 type:i dur:2 cpbdur:2 q:26.30 aq:21.81 tex:289856 mv:90052 misc:356 imb:8160 pmb:0 smb:0 d:- ref:;
in:2320 out:2320 type:P dur:2 cpbdur:2 q:29.20 aq:24.69 tex:93033 mv:60114 misc:3909 imb:4457 pmb:2522 smb:1181 d:- ref:0 ;
in:2321 out:2321 type:P dur:2 cpbdur:2 q:29.20 aq:24.53 tex:95852 mv:60083 misc:3529 imb:4912 pmb:2299 smb:949 d:- ref:0 ;
in:2322 out:2322 type:P dur:2 cpbdur:2 q:29.21 aq:24.52 tex:103578 mv:60628 misc:3290 imb:4949 pmb:2276 smb:935 d:- ref:0 ;
in:2323 out:2323 type:P dur:2 cpbdur:2 q:29.21 aq:24.74 tex:89406 mv:60352 misc:4378 imb:4077 pmb:2793 smb:1290 d:- ref:0 ;
in:2324 out:2324 type:P dur:2 cpbdur:2 q:29.22 aq:24.57 tex:91305 mv:58371 misc:3740 imb:4729 pmb:2238 smb:1193 d:- ref:0 ;
in:2325 out:2325 type:P dur:2 cpbdur:2 q:29.22 aq:24.63 tex:108020 mv:59317 misc:3303 imb:4910 pmb:2150 smb:1100 d:- ref:0 ;
in:2326 out:2326 type:P dur:2 cpbdur:2 q:29.23 aq:24.88 tex:101012 mv:61120 misc:4060 imb:4220 pmb:2767 smb:1173 d:- ref:0 ;
in:2327 out:2327 type:P dur:2 cpbdur:2 q:29.23 aq:24.50 tex:94517 mv:56746 misc:3529 imb:4976 pmb:2084 smb:1100 d:- ref:0 ;
in:2328 out:2328 type:P dur:2 cpbdur:2 q:29.23 aq:24.27 tex:103640 mv:57376 misc:3344 imb:5175 pmb:1925 smb:1060 d:- ref:0 ;
in:2329 out:2329 type:P dur:2 cpbdur:2 q:29.23 aq:24.45 tex:93517 mv:59958 misc:3789 imb:4551 pmb:2510 smb:1099 d:- ref:0 ;
in:2330 out:2330 type:P dur:2 cpbdur:2 q:29.23 aq:24.32 tex:90658 mv:56942 misc:3704 imb:4932 pmb:2103 smb:1125 d:- ref:0 ;
in:2331 out:2331 type:I dur:2 cpbdur:2 q:26.30 aq:21.51 tex:308977 mv:89858 misc:365 imb:8160 pmb:0 smb:0 d:- ref:;
in:2335 out:2332 type:P dur:2 cpbdur:2 q:29.25 aq:25.03 tex:162866 mv:59407 misc:1287 imb:6861 pmb:1123 smb:176 d:- ref:0 ;
in:2333 out:2333 type:B dur:2 cpbdur:2 q:29.25 aq:24.58 tex:100287 mv:81265 misc:4256 imb:3926 pmb:3100 smb:1134 d:- ref:0 ;
in:2332 out:2334 type:b dur:2 cpbdur:2 q:29.25 aq:24.96 tex:67470 mv:64910 misc:6476 imb:2340 pmb:3538 smb:2282 d:- ref:0 ;
in:2334 out:2335 type:b dur:2 cpbdur:2 q:29.25 aq:24.85 tex:60873 mv:63055 misc:6832 imb:2150 pmb:3520 smb:2490 d:- ref:0 ;
in:2339 out:2336 type:P dur:2 cpbdur:2 q:29.23 aq:25.06 tex:152512 mv:61649 misc:1375 imb:6656 pmb:1293 smb:211 d:- ref:0 ;
in:2337 out:2337 type:B dur:2 cpbdur:2 q:29.24 aq:24.88 tex:103529 mv:85033 misc:3982 imb:3603 pmb:3552 smb:1005 d:- ref:0 ;
in:2336 out:2338 type:b dur:2 cpbdur:2 q:29.24 aq:24.95 tex:66830 mv:66403 misc:6607 imb:2227 pmb:3642 smb:2291 d:- ref:0 ;
in:2338 out:2339 type:b dur:2 cpbdur:2 q:29.24 aq:25.29 tex:75560 mv:70042 misc:5966 imb:2082 pmb:4271 smb:1807 d:- ref:0 ;
in:2342 out:2340 type:P dur:2 cpbdur:2 q:29.19 aq:24.88 tex:145772 mv:64541 misc:1335 imb:6430 pmb:1577 smb:153 d:- ref:0 ;
in:2340 out:2341 type:B dur:2 cpbdur:2 q:29.22 aq:24.95 tex:105328 mv:81303 misc:4697 imb:3281 pmb:3669 smb:1210 d:- ref:0 ;
in:2341 out:2342 type:b dur:2 cpbdur:2 q:29.21 aq:25.20 tex:72822 mv:71608 misc:6330 imb:2002 pmb:4228 smb:1930 d:- ref:0 ;
in:2345 out:2343 type:P dur:2 cpbdur:2 q:29.17 aq:24.94 tex:134041 mv:61709 misc:1522 imb:6499 pmb:1470 smb:191 d:- ref:0 ;
in:2343 out:2344 type:B dur:2 cpbdur:2 q:29.19 aq:24.96 tex:80300 mv:75204 misc:5624 imb:3027 pmb:3500 smb:1633 d:- ref:0 ;
in:2344 out:2345 type:b dur:2 cpbdur:2 q:29.18 aq:25.09 tex:69044 mv:67181 misc:6311 imb:1968 pmb:4192 smb:2000 d:- ref:0 ;
in:2346 out:2346 type:i dur:2 cpbdur:2 q:26.30 aq:21.95 tex:295490 mv:85151 misc:375 imb:8160 pmb:0 smb:0 d:- ref:;
in:2347 out:2347 type:P dur:2 cpbdur:2 q:29.17 aq:24.85 tex:99145 mv:60553 misc:3726 imb:4737 pmb:2453 smb:970 d:- ref:0 ;
in:2348 out:2348 type:P dur:2 cpbdur:2 q:29.18 aq:24.75 tex:95984 mv:60650 misc:3206 imb:5098 pmb:2306 smb:756 d:- ref:0 ;
in:2349 out:2349 type:i dur:2 cpbdur:2 q:26.30 aq:22.09 tex:303109 mv:88080 misc:339 imb:8160 pmb:0 smb:0 d:- ref:;
in:2350 out:2350 type:P dur:2 cpbdur:2 q:29.19 aq:25.02 tex:101619 mv:63486 misc:2999 imb:4751 pmb:2744 smb:665 d:- ref:0 ;
in:2351 out:2351 type:P dur:2 cpbdur:2 q:29.19 aq:24.82 tex:107128 mv:63762 misc:2414 imb:5260 pmb:2438 smb:462 d:- ref:0 ;
in:2352 out:2352 type:i dur:2 cpbdur:2 q:26.30 aq:22.11 tex:297164 mv:90053 misc:351 imb:8160 pmb:0 smb:0 d:- ref:;
in:2353 out:2353 type:P dur:2 cpbdur:2 q:29.22 aq:25.11 tex:99531 mv:63348 misc:3177 imb:4624 pmb:2827 smb:709 d:- ref:0 ;
in:2354 out:2354 type:P dur:2 cpbdur:2 q:29.21 aq:24.98 tex:99382 mv:63605 misc:2805 imb:5105 pmb:2515 smb:540 d:- ref:0 ;
in:2355 out:2355 type:I dur:2 cpbdur:2 q:26.30 aq:22.02 tex:307787 mv:94699 misc:354 imb:8160 pmb:0 smb:0 d:- ref:;
in:2359 out:2356 type:P dur:2 cpbdur:2 q:29.24 aq:25.19 tex:151212 mv:62383 misc:765 imb:6834 pmb:1307 smb:19 d:- ref:0 ;
in:2357 out:2357 type:B dur:2 cpbdur:2 q:29.24 aq:24.89 tex:94761 mv:83949 misc:3930 imb:3748 pmb:3585 smb:827 d:- ref:0 ;
in:2356 out:2358 type:b dur:2 cpbdur:2 q:29.24 aq:25.17 tex:60601 mv:64609 misc:6646 imb:2012 pmb:4021 smb:2127 d:- ref:0 ;
in:2358 out:2359 type:b dur:2 cpbdur:2 q:29.24 aq:25.00 tex:48329 mv:55983 misc:7520 imb:1589 pmb:3736 smb:2835 d:- ref:0 ;
in:2363 out:2360 type:P dur:2 cpbdur:2 q:29.24 aq:25.02 tex:142109 mv:62221 misc:790 imb:6863 pmb:1267 smb:30 d:- ref:0 ;
in:2361 out:2361 type:B dur:2 cpbdur:2 q:29.24 aq:24.96 tex:97623 mv:85158 misc:3939 imb:3409 pmb:3954 smb:797 d:- ref:0 ;
in:2360 out:2362 type:b dur:2 cpbdur:2 q:29.24 aq:25.05 tex:59428 mv:63087 misc:6933 imb:2081 pmb:3730 smb:2349 d:- ref:0 ;
in:2362 out:2363 type:b dur:2 cpbdur:2 q:29.24 aq:25.30 tex:63780 mv:65697 misc:6347 imb:1767 pmb:4519 smb:1874 d:- ref:0 ;
in:2367 out:2364 type:P dur:2 cpbdur:2 q:29.23 aq:24.72 tex:157796 mv:62503 misc:797 imb:6915 pmb:1221 smb:24 d:- ref:0 ;
in:2365 out:2365 type:B dur:2 cpbdur:2 q:29.24 aq:24.84 tex:110398 mv:89598 misc:3252 imb:3863 pmb:3728 smb:569 d:- ref:0 ;
in:2364 out:2366 type:b dur:2 cpbdur:2 q:29.24 aq:24.94 tex:59040 mv:59294 misc:7098 imb:2023 pmb:3677 smb:2460 d:- ref:0 ;
in:2366 out:2367 type:b dur:2 cpbdur:2 q:29.24 aq:24.82 tex:56858 mv:60179 misc:7163 imb:1961 pmb:3686 smb:2513 d:- ref:0 ;
in:2369 out:2368 type:P dur:2 cpbdur:2 q:29.22 aq:24.89 tex:117847 mv:66024 misc:1753 imb:5586 pmb:2337 smb:237 d:- ref:0 ;
in:2368 out:2369 type:b dur:2 cpbdur:2 q:29.23 aq:25.18 tex:62812 mv:64106 misc:6570 imb:1737 pmb:4469 smb:1954 d:- ref:0 ;
in:2370 out:2370 type:i dur:2 cpbdur:2 q:26.31 aq:21.77 tex:320638 mv:88788 misc:350 imb:8160 pmb:0 smb:0 d:- ref:;
in:2374 out:2371 type:P dur:2 cpbdur:2 q:29.23 aq:25.12 tex:174703 mv:63699 misc:702 imb:6918 pmb:1232 smb:10 d:- ref:0 ;
in:2372 out:2372 type:B dur:2 cpbdur:2 q:29.23 aq:24.74 tex:101264 mv:86305 misc:3815 imb:3988 pmb:3397 smb:775 d:- ref:0 ;
in:2371 out:2373 type:b dur:2 cpbdur:2 q:29.23 aq:24.96 tex:64951 mv:71082 misc:6223 imb:2312 pmb:4057 smb:1791 d:- ref:0 ;
in:2373 out:2374 type:b dur:2 cpbdur:2 q:29.23 aq:24.96 tex:60960 mv:60555 misc:7045 imb:1965 pmb:3806 smb:2389 d:- ref:0 ;
in:2375 out:2375 type:P dur:2 cpbdur:2 q:29.22 aq:24.80 tex:102919 mv:64897 misc:2984 imb:4879 pmb:2733 smb:548 d:- ref:0 ;
in:2376 out:2376 type:i dur:2 cpbdur:2 q:26.31 aq:21.73 tex:294632 mv:91406 misc:306 imb:8160 pmb:0 smb:0 d:- ref:;
in:2378 out:2377 type:P dur:2 cpbdur:2 q:29.24 aq:24.44 tex:117200 mv:65002 misc:1766 imb:5726 pmb:2168 smb:266 d:- ref:0 ;
in:2377 out:2378 type:b dur:2 cpbdur:2 q:29.24 aq:24.79 tex:57261 mv:63259 misc:6912 imb:1848 pmb:4011 smb:2301 d:- ref:0 ;
in:2379 out:2379 type:I dur:2 cpbdur:2 q:26.31 aq:21.65 tex:308568 mv:94889 misc:335 imb:8160 pmb:0 smb:0 d:- ref:;
in:2383 out:2380 type:P dur:2 cpbdur:2 q:29.26 aq:24.78 tex:150781 mv:63323 misc:968 imb:6549 pmb:1552 smb:59 d:- ref:0 ;
in:2381 out:2381 type:B dur:2 cpbdur:2 q:29.26 aq:24.53 tex:91278 mv:81386 misc:4792 imb:3346 pmb:3726 smb:1088 d:- ref:0 ;
in:2380 out:2382 type:b dur:2 cpbdur:2 q:29.26 aq:24.95 tex:61505 mv:61758 misc:6809 imb:1817 pmb:4064 smb:2279 d:- ref:0 ;
in:2382 out:2383 type:b dur:2 cpbdur:2 q:29.26 aq:24.61 tex:52043 mv:54480 misc:7581 imb:1666 pmb:3550 smb:2944 d:- ref:0 ;
in:2387 out:2384 type:P dur:2 cpbdur:2 q:29.24 aq:24.65 tex:151994 mv:66136 misc:950 imb:6494 pmb:1620 smb:46 d:- ref:0 ;
in:2385 out:2385 type:B dur:2 cpbdur:2 q:29.25 aq:24.48 tex:90685 mv:80389 misc:5166 imb:2675 pmb:4215 smb:1270 d:- ref:0 ;
in:2384 out:2386 type:b dur:2 cpbdur:2 q:29.25 aq:24.57 tex:51018 mv:56746 misc:7468 imb:1570 pmb:3683 smb:2907 d:- ref:0 ;
in:2386 out:2387 type:b dur:2 cpbdur:2 q:29.24 aq:25.00 tex:57599 mv:58185 misc:7168 imb:1159 pmb:4485 smb:2516 d:- ref:0 ;
in:2391 out:2388 type:P dur:2 cpbdur:2 q:29.23 aq:24.47 tex:153530 mv:68163 misc:1019 imb:6285 pmb:1803 smb:72 d:- ref:0 ;
in:2389 out:2389 type:B dur:2 cpbdur:2 q:29.24 aq:24.53 tex:100719 mv:85582 misc:4747 imb:2952 pmb:4122 smb:1086 d:- ref:0 ;
in:2388 out:2390 type:b dur:2 cpbdur:2 q:29.24 aq:24.52 tex:48150 mv:51350 misc:7660 imb:1391 pmb:3494 smb:3275 d:- ref:0 ;
in:2390 out:2391 type:b dur:2 cpbdur:2 q:29.23 aq:24.63 tex:46247 mv:52495 misc:7730 imb:1293 pmb:3603 smb:3264 d:- ref:0 ;
in:2395 out:2392 type:P dur:2 cpbdur:2 q:29.22 aq:24.78 tex:154679 mv:67720 misc:1297 imb:6167 pmb:1866 smb:127 d:- ref:0 ;
in:2393 out:2393 type:B dur:2 cpbdur:2 q:29.23 aq:24.46 tex:89343 mv:79416 misc:5441 imb:2571 pmb:4150 smb:1439 d:- ref:0 ;
in:2392 out:2394 type:b dur:2 cpbdur:2 q:29.23 aq:24.83 tex:58644 mv:56867 misc:7337 imb:1287 pmb:4163 smb:2710 d:- ref:0 ;
in:2394 out:2395 type:b dur:2 cpbdur:2 q:29.22 aq:24.63 tex:46810 mv:50608 misc:7646 imb:1329 pmb:3452 smb:3379 d:- ref:0 ;
in:2399 out:2396 type:P dur:2 cpbdur:2 q:29.21 aq:24.73 tex:154630 mv:66099 misc:1175 imb:6419 pmb:1636 smb:105 d:- ref:0 ;
in:2397 out:2397 type:B dur:2 cpbdur:2 q:29.21 aq:24.57 tex:95287 mv:83891 misc:4830 imb:2812 pmb:4182 smb:1166 d:- ref:0 ;
in:2396 out:2398 type:b dur:2 cpbdur:2 q:29.21 aq:24.71 tex:53614 mv:58139 misc:7279 imb:1594 pmb:3635 smb:2931 d:- ref:0 ;
in:2398 out:2399 type:b dur:2 cpbdur:2 q:29.21 aq:25.17 tex:57423 mv:59118 misc:7147 imb:1205 pmb:4358 smb:2597 d:- ref:0 ;
in:2400 out:2400 type:i dur:2 cpbdur:2 q:26.32 aq:21.61 tex:302371 mv:98213 misc:336 imb:8160 pmb:0 smb:0 d:- ref:;
in:2402 out:2401 type:P dur:2 cpbdur:2 q:29.21 aq:24.45 tex:116545 mv:64774 misc:2161 imb:5537 pmb:2269 smb:354 d:- ref:0 ;
in:2401 out:2402 type:b dur:2 cpbdur:2 q:29.21 aq:24.76 tex:52522 mv:60061 misc:7353 imb:1502 pmb:3927 smb:2731 d:- ref:0 ;
in:2403 out:2403 type:I dur:2 cpbdur:2 q:26.31 aq:21.68 tex:293184 mv:107328 misc:352 imb:8160 pmb:0 smb:0 d:- ref:;
in:2407 out:2404 type:P dur:2 cpbdur:2 q:29.23 aq:24.75 tex:155058 mv:64354 misc:940 imb:6574 pmb:1532 smb:54 d:- ref:0 ;
in:2405 out:2405 type:B dur:2 cpbdur:2 q:29.23 aq:24.54 tex:92489 mv:80333 misc:5426 imb:2789 pmb:3937 smb:1434 d:- ref:0 ;
in:2404 out:2406 type:b dur:2 cpbdur:2 q:29.23 aq:25.02 tex:61712 mv:56849 misc:7319 imb:1319 pmb:4089 smb:2752 d:- ref:0 ;
in:2406 out:2407 type:b dur:2 cpbdur:2 q:29.23 aq:24.60 tex:49773 mv:55626 misc:7481 imb:1567 pmb:3644 smb:2949 d:- ref:0 ;
in:2411 out:2408 type:P dur:2 cpbdur:2 q:29.22 aq:24.54 tex:159549 mv:62328 misc:915 imb:6810 pmb:1299 smb:51 d:- ref:0 ;
in:2409 out:2409 type:B dur:2 cpbdur:2 q:29.22 aq:24.44 tex:108824 mv:84916 misc:4196 imb:3478 pmb:3739 smb:943 d:- ref:0 ;
in:2408 out:2410 type:b dur:2 cpbdur:2 q:29.23 aq:24.56 tex:64317 mv:62412 misc:6927 imb:2201 pmb:3507 smb:2452 d:- ref:0 ;
in:2410 out:2411 type:b dur:2 cpbdur:2 q:29.22 aq:24.90 tex:62575 mv:58572 misc:6997 imb:1466 pmb:4261 smb:2433 d:- ref:0 ;
in:2415 out:2412 type:P dur:2 cpbdur:2 q:29.21 aq:24.44 tex:161552 mv:62037 misc:875 imb:6796 pmb:1321 smb:43 d:- ref:0 ;
in:2413 out:2413 type:B dur:2 cpbdur:2 q:29.21 aq:24.49 tex:111596 mv:88088 misc:3732 imb:3596 pmb:3803 smb:761 d:- ref:0 ;
in:2412 out:2414 type:b dur:2 cpbdur:2 q:29.21 aq:24.44 tex:51713 mv:52124 misc:7411 imb:1515 pmb:3661 smb:2984 d:- ref:0 ;
in:2414 out:2415 type:b dur:2 cpbdur:2 q:29.21 aq:24.52 tex:57905 mv:59301 misc:7106 imb:1855 pmb:3665 smb:2640 d:- ref:0 ;
in:2419 out:2416 type:P dur:2 cpbdur:2 q:29.20 aq:24.46 tex:161937 mv:62065 misc:798 imb:6777 pmb:1355 smb:28 d:- ref:0 ;
in:2417 out:2417 type:B dur:2 cpbdur:2 q:29.20 aq:24.53 tex:105162 mv:83923 misc:4347 imb:3282 pmb:3907 smb:971 d:- ref:0 ;
in:2416 out:2418 type:b dur:2 cpbdur:2 q:29.20 aq:24.87 tex:67767 mv:60915 misc:6950 imb:1547 pmb:4366 smb:2247 d:- ref:0 ;
in:2418 out:2419 type:b dur:2 cpbdur:2 q:29.20 aq:24.44 tex:55981 mv:56592 misc:7467 imb:1707 pmb:3628 smb:2825 d:- ref:0 ;
in:2423 out:2420 type:P dur:2 cpbdur:2 q:29.19 aq:24.45 tex:166460 mv:62026 misc:962 imb:6748 pmb:1361 smb:51 d:- ref:0 ;
in:2421 out:2421 type:B dur:2 cpbdur:2 q:29.19 aq:24.38 tex:102925 mv:82638 misc:4613 imb:3286 pmb:3812 smb:1062 d:- ref:0 ;
in:2420 out:2422 type:b dur:2 cpbdur:2 q:29.19 aq:24.45 tex:62039 mv:62354 misc:6903 imb:2052 pmb:3627 smb:2481 d:- ref:0 ;
in:2422 out:2423 type:b dur:2 cpbdur:2 q:29.19 aq:24.81 tex:61785 mv:58175 misc:7248 imb:1349 pmb:4325 smb:2486 d:- ref:0 ;
in:2426 out:2424 type:P dur:2 cpbdur:2 q:29.18 aq:24.60 tex:154479 mv:64885 misc:1220 imb:6194 pmb:1843 smb:123 d:- ref:0 ;
in:2424 out:2425 type:B dur:2 cpbdur:2 q:29.18 aq:24.61 tex:68767 mv:67099 misc:6598 imb:2195 pmb:3808 smb:2157 d:- ref:0 ;
in:2425 out:2426 type:b dur:2 cpbdur:2 q:29.18 aq:24.75 tex:58508 mv:60906 misc:6954 imb:1555 pmb:4248 smb:2357 d:- ref:0 ;
in:2427 out:2427 type:I dur:2 cpbdur:2 q:26.30 aq:21.71 tex:333884 mv:117746 misc:330 imb:8160 pmb:0 smb:0 d:- ref:;
in:2431 out:2428 type:P dur:2 cpbdur:2 q:29.20 aq:24.63 tex:183373 mv:61913 misc:706 imb:6939 pmb:1209 smb:12 d:- ref:0 ;
in:2429 out:2429 type:B dur:2 cpbdur:2 q:29.20 aq:24.76 tex:126586 mv:89107 misc:4251 imb:3409 pmb:3878 smb:873 d:- ref:0 ;
in:2428 out:2430 type:b dur:2 cpbdur:2 q:29.20 aq:25.09 tex:65878 mv:63423 misc:7099 imb:1524 pmb:4218 smb:2418 d:- ref:0 ;
in:2430 out:2431 type:b dur:2 cpbdur:2 q:29.20 aq:24.63 tex:70159 mv:67043 misc:6870 imb:2056 pmb:3827 smb:2277 d:- ref:0 ;
in:2435 out:2432 type:P dur:2 cpbdur:2 q:29.19 aq:24.80 tex:187904 mv:66863 misc:945 imb:6543 pmb:1566 smb:51 d:- ref:0 ;
in:2433 out:2433 type:B dur:2 cpbdur:2 q:29.20 aq:24.58 tex:109467 mv:90676 misc:4225 imb:3300 pmb:3991 smb:869 d:- ref:0 ;
in:2432 out:2434 type:b dur:2 cpbdur:2 q:29.20 aq:24.75 tex:67047 mv:72226 misc:6511 imb:1888 pmb:4217 smb:2055 d:- ref:0 ;
in:2434 out:2435 type:b dur:2 cpbdur:2 q:29.19 aq:25.04 tex:66213 mv:68328 misc:6739 imb:1509 pmb:4534 smb:2117 d:- ref:0 ;
in:2439 out:2436 type:P dur:2 cpbdur:2 q:29.19 aq:24.85 tex:221556 mv:71282 misc:794 imb:6239 pmb:1899 smb:22 d:- ref:0 ;
in:2437 out:2437 type:B dur:2 cpbdur:2 q:29.19 aq:24.78 tex:129394 mv:96445 misc:3409 imb:3398 pmb:4126 smb:636 d:- ref:0 ;
in:2436 out:2438 type:b dur:2 cpbdur:2 q:29.19 aq:24.87 tex:57784 mv:63815 misc:7209 imb:1551 pmb:4126 smb:2483 d:- ref:0 ;
in:2438 out:2439 type:b dur:2 cpbdur:2 q:29.19 aq:24.94 tex:70201 mv:72067 misc:6476 imb:1926 pmb:4296 smb:1938 d:- ref:0 ;
in:2443 out:2440 type:P dur:2 cpbdur:2 q:29.18 aq:24.95 tex:211659 mv:72364 misc:849 imb:6136 pmb:1992 smb:32 d:- ref:0 ;
in:2441 out:2441 type:B dur:2 cpbdur:2 q:29.18 aq:25.09 tex:137226 mv:92713 misc:3901 imb:2618 pmb:4763 smb:779 d:- ref:0 ;
in:2440 out:2442 type:b dur:2 cpbdur:2 q:29.18 aq:25.58 tex:75691 mv:64522 misc:6755 imb:1120 pmb:4966 smb:2074 d:- ref:0 ;
in:2442 out:2443 type:b dur:2 cpbdur:2 q:29.18 aq:25.13 tex:65604 mv:68050 misc:6866 imb:1582 pmb:4329 smb:2249 d:- ref:0 ;
in:2447 out:2444 type:P dur:2 cpbdur:2 q:29.18 aq:25.29 tex:216468 mv:73097 misc:899 imb:6097 pmb:2023 smb:40 d:- ref:0 ;
in:2445 out:2445 type:B dur:2 cpbdur:2 q:29.18 aq:24.90 tex:127855 mv:98753 misc:3616 imb:2971 pmb:4460 smb:729 d:- ref:0 ;
in:2444 out:2446 type:b dur:2 cpbdur:2 q:29.18 aq:25.01 tex:68792 mv:73024 misc:6624 imb:1715 pmb:4416 smb:2029 d:- ref:0 ;
in:2446 out:2447 type:b dur:2 cpbdur:2 q:29.18 aq:25.56 tex:73259 mv:69085 misc:6520 imb:1291 pmb:4927 smb:1942 d:- ref:0 ;
in:2451 out:2448 type:P dur:2 cpbdur:2 q:29.18 aq:25.27 tex:238226 mv:73682 misc:772 imb:6244 pmb:1898 smb:18 d:- ref:0 ;
in:2449 out:2449 type:B dur:2 cpbdur:2 q:29.18 aq:25.23 tex:155901 mv:104095 misc:2668 imb:3520 pmb:4230 smb:410 d:- ref:0 ;
in:2448 out:2450 type:b dur:2 cpbdur:2 q:29.18 aq:25.42 tex:75582 mv:75491 misc:6287 imb:1697 pmb:4681 smb:1782 d:- ref:0 ;
in:2450 out:2451 type:b dur:2 cpbdur:2 q:29.18 aq:25.47 tex:83972 mv:81250 misc:5834 imb:1923 pmb:4711 smb:1526 d:- ref:0 ;
in:2453 out:2452 type:P dur:2 cpbdur:2 q:29.20 aq:25.54 tex:183262 mv:77249 misc:1297 imb:4885 pmb:3152 smb:123 d:- ref:0 ;
in:2452 out:2453 type:b dur:2 cpbdur:2 q:29.19 aq:25.85 tex:91909 mv:78644 misc:5767 imb:1536 pmb:5127 smb:1497 d:- ref:0 ;
in:2454 out:2454 type:I dur:2 cpbdur:2 q:26.28 aq:22.44 tex:335053 mv:146364 misc:367 imb:8160 pmb:0 smb:0 d:- ref:;
in:2458 out:2455 type:P dur:2 cpbdur:2 q:29.23 aq:25.79 tex:261708 mv:70660 misc:808 imb:6568 pmb:1574 smb:18 d:- ref:0 ;
in:2456 out:2456 type:B dur:2 cpbdur:2 q:29.23 aq:25.34 tex:151467 mv:103666 misc:2771 imb:3731 pmb:3996 smb:433 d:- ref:0 ;
in:2455 out:2457 type:b dur:2 cpbdur:2 q:29.23 aq:25.78 tex:86283 mv:84075 misc:5498 imb:2007 pmb:4770 smb:1383 d:- ref:0 ;
in:2457 out:2458 type:b dur:2 cpbdur:2 q:29.23 aq:25.80 tex:100618 mv:88349 misc:5025 imb:2248 pmb:4691 smb:1221 d:- ref:0 ;
in:2462 out:2459 type:P dur:2 cpbdur:2 q:29.25 aq:25.48 tex:233589 mv:69777 misc:794 imb:6578 pmb:1560 smb:22 d:- ref:0 ;
in:2460 out:2460 type:B dur:2 cpbdur:2 q:29.24 aq:25.44 tex:161297 mv:102282 misc:2253 imb:3802 pmb:4039 smb:319 d:- ref:0 ;
in:2459 out:2461 type:b dur:2 cpbdur:2 q:29.23 aq:25.87 tex:108165 mv:90980 misc:4623 imb:2225 pmb:4899 smb:1036 d:- ref:0 ;
in:2461 out:2462 type:b dur:2 cpbdur:2 q:29.24 aq:25.89 tex:92973 mv:84439 misc:5148 imb:1916 pmb:5016 smb:1228 d:- ref:0 ;
in:2466 out:2463 type:P dur:2 cpbdur:2 q:29.26 aq:25.35 tex:242120 mv:71894 misc:770 imb:6431 pmb:1713 smb:16 d:- ref:0 ;
in:2464 out:2464 type:B dur:2 cpbdur:2 q:29.25 aq:25.71 tex:197413 mv:105977 misc:2578 imb:3458 pmb:4299 smb:403 d:- ref:0 ;
in:2463 out:2465 type:b dur:2 cpbdur:2 q:29.25 aq:25.81 tex:97626 mv:86350 misc:5360 imb:2108 pmb:4715 smb:1337 d:- ref:0 ;
in:2465 out:2466 type:b dur:2 cpbdur:2 q:29.26 aq:25.87 tex:110174 mv:88806 misc:5028 imb:2132 pmb:4790 smb:1238 d:- ref:0 ;
in:2470 out:2467 type:P dur:2 cpbdur:2 q:29.27 aq:25.79 tex:242146 mv:72613 misc:825 imb:6307 pmb:1826 smb:27 d:- ref:0 ;
in:2468 out:2468 type:B dur:2 cpbdur:2 q:29.27 aq:25.38 tex:158273 mv:103384 misc:3047 imb:3367 pmb:4269 smb:524 d:- ref:0 ;
in:2467 out:2469 type:b dur:2 cpbdur:2 q:29.26 aq:25.88 tex:98211 mv:84827 misc:5186 imb:1873 pmb:4962 smb:1325 d:- ref:0 ;
in:2469 out:2470 type:b dur:2 cpbdur:2 q:29.27 aq:25.76 tex:100580 mv:88267 misc:5017 imb:2262 pmb:4604 smb:1294 d:- ref:0 ;
in:2471 out:2471 type:P dur:2 cpbdur:2 q:29.30 aq:25.64 tex:142518 mv:73843 misc:2583 imb:4265 pmb:3462 smb:433 d:- ref:0 ;
in:2472 out:2472 type:i dur:2 cpbdur:2 q:26.32 aq:22.50 tex:344014 mv:142952 misc:354 imb:8160 pmb:0 smb:0 d:- ref:;
in:2474 out:2473 type:P dur:2 cpbdur:2 q:29.34 aq:25.57 tex:182267 mv:70208 misc:1317 imb:5853 pmb:2181 smb:126 d:- ref:0 ;
in:2473 out:2474 type:b dur:2 cpbdur:2 q:29.34 aq:25.88 tex:99098 mv:87393 misc:4957 imb:2499 pmb:4429 smb:1232 d:- ref:0 ;
in:2475 out:2475 type:i dur:2 cpbdur:2 q:26.33 aq:22.62 tex:356138 mv:145496 misc:398 imb:8160 pmb:0 smb:0 d:- ref:;
in:2477 out:2476 type:P dur:2 cpbdur:2 q:29.39 aq:25.79 tex:192733 mv:69489 misc:1194 imb:5967 pmb:2092 smb:101 d:- ref:0 ;
in:2476 out:2477 type:b dur:2 cpbdur:2 q:29.39 aq:26.02 tex:118261 mv:86827 misc:4664 imb:2660 pmb:4457 smb:1043 d:- ref:0 ;
in:2478 out:2478 type:I dur:2 cpbdur:2 q:26.34 aq:22.53 tex:360494 mv:143191 misc:379 imb:8160 pmb:0 smb:0 d:- ref:;
in:2482 out:2479 type:P dur:2 cpbdur:2 q:29.44 aq:26.05 tex:259631 mv:62231 misc:706 imb:7086 pmb:1063 smb:11 d:- ref:0 ;
in:2480 out:2480 type:B dur:2 cpbdur:2 q:29.44 aq:25.66 tex:163304 mv:99116 misc:2588 imb:4398 pmb:3337 smb:425 d:- ref:0 ;
in:2479 out:2481 type:b dur:2 cpbdur:2 q:29.44 aq:25.87 tex:105575 mv:85647 misc:4914 imb:2708 pmb:4220 smb:1232 d:- ref:0 ;
in:2481 out:2482 type:b dur:2 cpbdur:2 q:29.44 aq:25.99 tex:122195 mv:88016 misc:4557 imb:2640 pmb:4397 smb:1123 d:- ref:0 ;
in:2486 out:2483 type:P dur:2 cpbdur:2 q:29.48 aq:25.83 tex:252446 mv:63719 misc:747 imb:6883 pmb:1256 smb:21 d:- ref:0 ;
in:2484 out:2484 type:B dur:2 cpbdur:2 q:29.46 aq:25.85 tex:181046 mv:100353 misc:2681 imb:3961 pmb:3708 smb:491 d:- ref:0 ;
in:2483 out:2485 type:b dur:2 cpbdur:2 q:29.45 aq:26.16 tex:139603 mv:90330 misc:3795 imb:2723 pmb:4590 smb:847 d:- ref:0 ;
in:2485 out:2486 type:b dur:2 cpbdur:2 q:29.47 aq:26.23 tex:127972 mv:86558 misc:4662 imb:2387 pmb:4627 smb:1146 d:- ref:0 ;
in:2490 out:2487 type:P dur:2 cpbdur:2 q:29.50 aq:25.93 tex:279449 mv:64450 misc:773 imb:6789 pmb:1353 smb:18 d:- ref:0 ;
in:2488 out:2488 type:B dur:2 cpbdur:2 q:29.49 aq:26.15 tex:250519 mv:104830 misc:2067 imb:3981 pmb:3862 smb:317 d:- ref:0 ;
in:2487 out:2489 type:b dur:2 cpbdur:2 q:29.48 aq:26.23 tex:144922 mv:88594 misc:4388 imb:2570 pmb:4497 smb:1093 d:- ref:0 ;
in:2489 out:2490 type:b dur:2 cpbdur:2 q:29.49 aq:26.32 tex:156821 mv:93142 misc:3757 imb:2743 pmb:4522 smb:895 d:- ref:0 ;
in:2494 out:2491 type:P dur:2 cpbdur:2 q:29.52 aq:26.64 tex:314025 mv:67577 misc:838 imb:6549 pmb:1582 smb:29 d:- ref:0 ;
in:2492 out:2492 type:B dur:2 cpbdur:2 q:29.51 aq:26.29 tex:207980 mv:103897 misc:2283 imb:3879 pmb:3937 smb:344 d:- ref:0 ;
in:2491 out:2493 type:b dur:2 cpbdur:2 q:29.51 aq:26.63 tex:144355 mv:89370 misc:4259 imb:2297 pmb:4883 smb:980 d:- ref:0 ;
in:2493 out:2494 type:b dur:2 cpbdur:2 q:29.51 aq:26.69 tex:170575 mv:93905 misc:3656 imb:2717 pmb:4663 smb:780 d:- ref:0 ;
in:2495 out:2495 type:P dur:2 cpbdur:2 q:29.56 aq:26.54 tex:228659 mv:70934 misc:1895 imb:4802 pmb:3079 smb:279 d:- ref:0 ;
in:2496 out:2496 type:i dur:2 cpbdur:2 q:26.48 aq:23.11 tex:426882 mv:171097 misc:389 imb:8160 pmb:0 smb:0 d:- ref:;
in:2498 out:2497 type:P dur:2 cpbdur:2 q:29.61 aq:26.18 tex:252335 mv:64276 misc:1117 imb:6201 pmb:1853 smb:106 d:- ref:0 ;
in:2497 out:2498 type:b dur:2 cpbdur:2 q:29.61 aq:26.64 tex:170562 mv:90201 misc:3789 imb:3098 pmb:4199 smb:863 d:- ref:0 ;
in:2499 out:2499 type:i dur:2 cpbdur:2 q:26.50 aq:22.99 tex:439197 mv:167502 misc:429 imb:8160 pmb:0 smb:0 d:- ref:;
in:2501 out:2500 type:P dur:2 cpbdur:2 q:29.67 aq:26.22 tex:247467 mv:64078 misc:1271 imb:6062 pmb:1945 smb:153 d:- ref:0 ;
in:2500 out:2501 type:b dur:2 cpbdur:2 q:29.67 aq:26.78 tex:180427 mv:89562 misc:3795 imb:2959 pmb:4343 smb:858 d:- ref:0 ;
in:2502 out:2502 type:I dur:2 cpbdur:2 q:26.53 aq:22.85 tex:412074 mv:163220 misc:410 imb:8160 pmb:0 smb:0 d:- ref:;
in:2506 out:2503 type:P dur:2 cpbdur:2 q:29.74 aq:26.69 tex:298718 mv:62835 misc:855 imb:6792 pmb:1295 smb:73 d:- ref:0 ;
in:2504 out:2504 type:B dur:2 cpbdur:2 q:29.74 aq:26.28 tex:197095 mv:100157 misc:2116 imb:4254 pmb:3555 smb:351 d:- ref:0 ;
in:2503 out:2505 type:b dur:2 cpbdur:2 q:29.74 aq:26.72 tex:149475 mv:88531 misc:4058 imb:2994 pmb:4210 smb:956 d:- ref:0 ;
in:2505 out:2506 type:b dur:2 cpbdur:2 q:29.74 aq:26.79 tex:146373 mv:90972 misc:3999 imb:2793 pmb:4459 smb:908 d:- ref:0 ;
in:2510 out:2507 type:P dur:2 cpbdur:2 q:29.80 aq:26.62 tex:264697 mv:66393 misc:830 imb:6593 pmb:1483 smb:84 d:- ref:0 ;
in:2508 out:2508 type:B dur:2 cpbdur:2 q:29.77 aq:26.45 tex:192132 mv:101675 misc:2233 imb:3839 pmb:3946 smb:375 d:- ref:0 ;
in:2507 out:2509 type:b dur:2 cpbdur:2 q:29.76 aq:26.95 tex:149763 mv:92221 misc:3792 imb:2683 pmb:4646 smb:831 d:- ref:0 ;
in:2509 out:2510 type:b dur:2 cpbdur:2 q:29.78 aq:26.94 tex:141386 mv:89487 misc:3975 imb:2579 pmb:4687 smb:894 d:- ref:0 ;
in:2514 out:2511 type:P dur:2 cpbdur:2 q:29.84 aq:26.69 tex:272006 mv:65490 misc:824 imb:6705 pmb:1411 smb:44 d:- ref:0 ;
in:2512 out:2512 type:B dur:2 cpbdur:2 q:29.82 aq:27.09 tex:264788 mv:106182 misc:1526 imb:4182 pmb:3786 smb:192 d:- ref:0 ;
in:2511 out:2513 type:b dur:2 cpbdur:2 q:29.81 aq:27.05 tex:168010 mv:94430 misc:3656 imb:2933 pmb:4466 smb:761 d:- ref:0 ;
in:2513 out:2514 type:b dur:2 cpbdur:2 q:29.83 aq:27.25 tex:188141 mv:97645 misc:3110 imb:3045 pmb:4493 smb:622 d:- ref:0 ;
in:2516 out:2515 type:P dur:2 cpbdur:2 q:29.87 aq:26.75 tex:219318 mv:70854 misc:1188 imb:5718 pmb:2322 smb:120 d:- ref:0 ;
in:2515 out:2516 type:b dur:2 cpbdur:2 q:29.85 aq:27.24 tex:143490 mv:93145 misc:3725 imb:2586 pmb:4793 smb:781 d:- ref:0 ;
in:2517 out:2517 type:i dur:2 cpbdur:2 q:26.71 aq:23.60 tex:373728 mv:177681 misc:407 imb:8160 pmb:0 smb:0 d:- ref:;
in:2519 out:2518 type:P dur:2 cpbdur:2 q:29.93 aq:27.21 tex:240475 mv:72435 misc:1218 imb:5340 pmb:2711 smb:109 d:- ref:0 ;
in:2518 out:2519 type:b dur:2 cpbdur:2 q:29.93 aq:27.76 tex:157645 mv:92683 misc:3880 imb:2266 pmb:5100 smb:794 d:- ref:0 ;
in:2520 out:2520 type:i dur:2 cpbdur:2 q:26.74 aq:23.52 tex:390323 mv:174430 misc:431 imb:8160 pmb:0 smb:0 d:- ref:;
in:2522 out:2521 type:P dur:2 cpbdur:2 q:29.98 aq:27.01 tex:210081 mv:71021 misc:1186 imb:5378 pmb:2659 smb:123 d:- ref:0 ;
in:2521 out:2522 type:b dur:2 cpbdur:2 q:29.98 aq:27.42 tex:124375 mv:90290 misc:4535 imb:2213 pmb:4887 smb:1060 d:- ref:0 ;
in:2523 out:2523 type:i dur:2 cpbdur:2 q:26.77 aq:23.73 tex:408920 mv:179901 misc:411 imb:8160 pmb:0 smb:0 d:- ref:;
in:2525 out:2524 type:P dur:2 cpbdur:2 q:30.04 aq:27.17 tex:219021 mv:68947 misc:1176 imb:5597 pmb:2454 smb:109 d:- ref:0 ;
in:2524 out:2525 type:b dur:2 cpbdur:2 q:30.04 aq:27.90 tex:152027 mv:87816 misc:4525 imb:2029 pmb:5108 smb:1023 d:- ref:0 ;
in:2526 out:2526 type:I dur:2 cpbdur:2 q:26.81 aq:23.33 tex:358857 mv:162652 misc:427 imb:8160 pmb:0 smb:0 d:- ref:;
in:2530 out:2527 type:P dur:2 cpbdur:2 q:30.11 aq:27.24 tex:304361 mv:66794 misc:845 imb:6444 pmb:1672 smb:44 d:- ref:0 ;
in:2528 out:2528 type:B dur:2 cpbdur:2 q:30.11 aq:26.53 tex:166209 mv:101733 misc:2618 imb:3908 pmb:3805 smb:447 d:- ref:0 ;
in:2527 out:2529 type:b dur:2 cpbdur:2 q:30.11 aq:27.42 tex:108158 mv:87626 misc:4952 imb:2143 pmb:4804 smb:1213 d:- ref:0 ;
in:2529 out:2530 type:b dur:2 cpbdur:2 q:30.11 aq:27.25 tex:114904 mv:87108 misc:4828 imb:2232 pmb:4702 smb:1226 d:- ref:0 ;
in:2534 out:2531 type:P dur:2 cpbdur:2 q:30.15 aq:24.78 tex:249623 mv:69691 misc:1118 imb:5599 pmb:2315 smb:246 d:- ref:0 ;
in:2532 out:2532 type:B dur:2 cpbdur:2 q:30.13 aq:25.36 tex:58115 mv:47860 misc:7297 imb:967 pmb:3609 smb:3584 d:- ref:0 ;
in:2531 out:2533 type:b dur:2 cpbdur:2 q:30.12 aq:26.54 tex:24645 mv:26079 misc:7140 imb:511 pmb:2238 smb:5411 d:- ref:0 ;
in:2533 out:2534 type:b dur:2 cpbdur:2 q:30.14 aq:26.31 tex:10892 mv:15747 misc:5697 imb:189 pmb:1546 smb:6425 d:- ref:0 ;
in:2538 out:2535 type:P dur:2 cpbdur:2 q:30.19 aq:24.92 tex:113027 mv:62667 misc:4698 imb:2425 pmb:4173 smb:1562 d:- ref:0 ;
in:2536 out:2536 type:B dur:2 cpbdur:2 q:30.17 aq:25.80 tex:27573 mv:37986 misc:7553 imb:552 pmb:3033 smb:4575 d:- ref:0 ;
in:2535 out:2537 type:b dur:2 cpbdur:2 q:30.16 aq:26.29 tex:9951 mv:17433 misc:6008 imb:210 pmb:1631 smb:6319 d:- ref:0 ;
in:2537 out:2538 type:b dur:2 cpbdur:2 q:30.18 aq:26.16 tex:12490 mv:22524 misc:6650 imb:349 pmb:1979 smb:5832 d:- ref:0 ;
in:2542 out:2539 type:P dur:2 cpbdur:2 q:30.20 aq:25.23 tex:133151 mv:66710 misc:4339 imb:2703 pmb:4086 smb:1371 d:- ref:0 ;
in:2540 out:2540 type:B dur:2 cpbdur:2 q:30.19 aq:25.58 tex:31456 mv:41567 misc:7617 imb:513 pmb:3415 smb:4232 d:- ref:0 ;
in:2539 out:2541 type:b dur:2 cpbdur:2 q:30.19 aq:26.06 tex:10597 mv:19023 misc:6140 imb:192 pmb:1776 smb:6192 d:- ref:0 ;
in:2541 out:2542 type:b dur:2 cpbdur:2 q:30.20 aq:26.37 tex:13181 mv:24305 misc:6906 imb:296 pmb:2270 smb:5594 d:- ref:0 ;
in:2546 out:2543 type:P dur:2 cpbdur:2 q:30.22 aq:25.53 tex:143795 mv:68063 misc:3654 imb:2777 pmb:4395 smb:988 d:- ref:0 ;
in:2544 out:2544 type:B dur:2 cpbdur:2 q:30.21 aq:25.83 tex:32618 mv:38917 misc:7849 imb:584 pmb:3405 smb:4171 d:- ref:0 ;
in:2543 out:2545 type:b dur:2 cpbdur:2 q:30.20 aq:26.21 tex:13349 mv:23391 misc:7156 imb:267 pmb:2331 smb:5562 d:- ref:0 ;
in:2545 out:2546 type:b dur:2 cpbdur:2 q:30.21 aq:26.75 tex:11874 mv:19798 misc:6752 imb:204 pmb:2015 smb:5941 d:- ref:0 ;
in:2550 out:2547 type:P dur:2 cpbdur:2 q:30.22 aq:25.42 tex:188475 mv:69450 misc:3339 imb:3206 pmb:4100 smb:854 d:- ref:0 ;
in:2548 out:2548 type:B dur:2 cpbdur:2 q:30.22 aq:26.05 tex:37535 mv:45405 misc:7732 imb:607 pmb:3743 smb:3810 d:- ref:0 ;
in:2547 out:2549 type:b dur:2 cpbdur:2 q:30.22 aq:26.75 tex:16300 mv:24791 misc:7213 imb:348 pmb:2373 smb:5439 d:- ref:0 ;
in:2549 out:2550 type:b dur:2 cpbdur:2 q:30.22 aq:26.87 tex:12833 mv:18471 misc:6424 imb:220 pmb:1885 smb:6055 d:- ref:0 ;
in:2554 out:2551 type:P dur:2 cpbdur:2 q:30.16 aq:25.60 tex:151570 mv:66200 misc:4406 imb:2367 pmb:4546 smb:1247 d:- ref:0 ;
in:2552 out:2552 type:B dur:2 cpbdur:2 q:30.19 aq:26.37 tex:28203 mv:37721 misc:7788 imb:492 pmb:3277 smb:4391 d:- ref:0 ;
in:2551 out:2553 type:b dur:2 cpbdur:2 q:30.20 aq:26.90 tex:12686 mv:22397 misc:6829 imb:247 pmb:2073 smb:5840 d:- ref:0 ;
in:2553 out:2554 type:b dur:2 cpbdur:2 q:30.18 aq:27.71 tex:10766 mv:16564 misc:6190 imb:170 pmb:1728 smb:6262 d:- ref:0 ;
in:2558 out:2555 type:P dur:2 cpbdur:2 q:30.10 aq:25.38 tex:198380 mv:69024 misc:3852 imb:2492 pmb:4580 smb:1088 d:- ref:0 ;
in:2556 out:2556 type:B dur:2 cpbdur:2 q:30.13 aq:26.32 tex:32648 mv:41855 misc:7841 imb:522 pmb:3564 smb:4074 d:- ref:0 ;
in:2555 out:2557 type:b dur:2 cpbdur:2 q:30.15 aq:27.15 tex:13635 mv:22975 misc:6902 imb:209 pmb:2215 smb:5736 d:- ref:0 ;
in:2557 out:2558 type:b dur:2 cpbdur:2 q:30.12 aq:26.92 tex:12991 mv:20138 misc:6719 imb:238 pmb:2067 smb:5855 d:- ref:0 ;
in:2562 out:2559 type:P dur:2 cpbdur:2 q:30.04 aq:25.33 tex:195278 mv:69585 misc:3529 imb:2520 pmb:4688 smb:952 d:- ref:0 ;
in:2560 out:2560 type:B dur:2 cpbdur:2 q:30.07 aq:26.08 tex:32884 mv:40904 misc:7764 imb:475 pmb:3472 smb:4213 d:- ref:0 ;
in:2559 out:2561 type:b dur:2 cpbdur:2 q:30.09 aq:27.03 tex:10116 mv:16764 misc:6088 imb:154 pmb:1694 smb:6312 d:- ref:0 ;
in:2561 out:2562 type:b dur:2 cpbdur:2 q:30.06 aq:27.22 tex:12821 mv:22411 misc:6936 imb:303 pmb:2127 smb:5730 d:- ref:0 ;
in:2566 out:2563 type:P dur:2 cpbdur:2 q:29.98 aq:25.48 tex:178413 mv:63041 misc:4130 imb:2108 pmb:4772 smb:1280 d:- ref:0 ;
in:2564 out:2564 type:B dur:2 cpbdur:2 q:30.01 aq:26.18 tex:29498 mv:34494 misc:7928 imb:398 pmb:3263 smb:4499 d:- ref:0 ;
in:2563 out:2565 type:b dur:2 cpbdur:2 q:30.03 aq:26.88 tex:11680 mv:18776 misc:6608 imb:201 pmb:1925 smb:6034 d:- ref:0 ;
in:2565 out:2566 type:b dur:2 cpbdur:2 q:30.00 aq:27.02 tex:11281 mv:17089 misc:6326 imb:190 pmb:1739 smb:6231 d:- ref:0 ;
in:2570 out:2567 type:P dur:2 cpbdur:2 q:29.93 aq:25.21 tex:233230 mv:69962 misc:3016 imb:2857 pmb:4521 smb:782 d:- ref:0 ;
in:2568 out:2568 type:B dur:2 cpbdur:2 q:29.96 aq:26.27 tex:42809 mv:47972 misc:7795 imb:598 pmb:3992 smb:3570 d:- ref:0 ;
in:2567 out:2569 type:b dur:2 cpbdur:2 q:29.97 aq:26.80 tex:13127 mv:23750 misc:7283 imb:300 pmb:2341 smb:5519 d:- ref:0 ;
in:2569 out:2570 type:b dur:2 cpbdur:2 q:29.95 aq:27.01 tex:12301 mv:21701 misc:7134 imb:193 pmb:2288 smb:5679 d:- ref:0 ;
in:2574 out:2571 type:P dur:2 cpbdur:2 q:29.90 aq:25.35 tex:207889 mv:67992 misc:3167 imb:2770 pmb:4629 smb:761 d:- ref:0 ;
in:2572 out:2572 type:B dur:2 cpbdur:2 q:29.91 aq:26.30 tex:34080 mv:40240 misc:7960 imb:558 pmb:3501 smb:4101 d:- ref:0 ;
in:2571 out:2573 type:b dur:2 cpbdur:2 q:29.92 aq:27.19 tex:12206 mv:21850 misc:6824 imb:244 pmb:2022 smb:5894 d:- ref:0 ;
in:2573 out:2574 type:b dur:2 cpbdur:2 q:29.91 aq:26.95 tex:13812 mv:19692 misc:6776 imb:274 pmb:1996 smb:5890 d:- ref:0 ;
in:2578 out:2575 type:P dur:2 cpbdur:2 q:29.86 aq:25.31 tex:224994 mv:67428 misc:3258 imb:2709 pmb:4671 smb:780 d:- ref:0 ;
in:2576 out:2576 type:B dur:2 cpbdur:2 q:29.88 aq:26.43 tex:35094 mv:41660 misc:7934 imb:514 pmb:3540 smb:4106 d:- ref:0 ;
in:2575 out:2577 type:b dur:2 cpbdur:2 q:29.89 aq:27.05 tex:13102 mv:20130 misc:6704 imb:260 pmb:1976 smb:5924 d:- ref:0 ;
in:2577 out:2578 type:b dur:2 cpbdur:2 q:29.87 aq:26.70 tex:13017 mv:23629 misc:7146 imb:297 pmb:2282 smb:5581 d:- ref:0 ;
in:2582 out:2579 type:P dur:2 cpbdur:2 q:29.83 aq:25.02 tex:268572 mv:70769 misc:2691 imb:2914 pmb:4704 smb:542 d:- ref:0 ;
in:2580 out:2580 type:B dur:2 cpbdur:2 q:29.84 aq:26.35 tex:58201 mv:47925 misc:7650 imb:719 pmb:4115 smb:3326 d:- ref:0 ;
in:2579 out:2581 type:b dur:2 cpbdur:2 q:29.85 aq:26.69 tex:11052 mv:17681 misc:6043 imb:212 pmb:1667 smb:6281 d:- ref:0 ;
in:2581 out:2582 type:b dur:2 cpbdur:2 q:29.84 aq:27.38 tex:17799 mv:27388 misc:7461 imb:382 pmb:2680 smb:5098 d:- ref:0 ;
in:2586 out:2583 type:P dur:2 cpbdur:2 q:29.80 aq:25.25 tex:188643 mv:61618 misc:4251 imb:2125 pmb:4922 smb:1113 d:- ref:0 ;
in:2584 out:2584 type:B dur:2 cpbdur:2 q:29.82 aq:26.31 tex:27969 mv:32389 misc:7794 imb:428 pmb:3013 smb:4719 d:- ref:0 ;
in:2583 out:2585 type:b dur:2 cpbdur:2 q:29.82 aq:26.97 tex:9721 mv:16418 misc:6069 imb:195 pmb:1620 smb:6345 d:- ref:0 ;
in:2585 out:2586 type:b dur:2 cpbdur:2 q:29.81 aq:26.99 tex:11321 mv:15965 misc:5938 imb:229 pmb:1561 smb:6370 d:- ref:0 ;
in:2590 out:2587 type:P dur:2 cpbdur:2 q:29.77 aq:25.14 tex:248263 mv:68656 misc:3137 imb:2686 pmb:4791 smb:683 d:- ref:0 ;
in:2588 out:2588 type:B dur:2 cpbdur:2 q:29.79 aq:26.29 tex:39544 mv:41623 misc:7985 imb:535 pmb:3830 smb:3795 d:- ref:0 ;
in:2587 out:2589 type:b dur:2 cpbdur:2 q:29.80 aq:26.75 tex:13853 mv:23921 misc:7130 imb:352 pmb:2253 smb:5555 d:- ref:0 ;
in:2589 out:2590 type:b dur:2 cpbdur:2 q:29.78 aq:26.96 tex:8845 mv:14129 misc:5738 imb:136 pmb:1448 smb:6576 d:- ref:0 ;
in:2594 out:2591 type:P dur:2 cpbdur:2 q:29.74 aq:25.18 tex:240019 mv:68150 misc:3087 imb:2662 pmb:4839 smb:659 d:- ref:0 ;
in:2592 out:2592 type:B dur:2 cpbdur:2 q:29.76 aq:26.44 tex:32501 mv:38871 misc:8028 imb:484 pmb:3513 smb:4163 d:- ref:0 ;
in:2591 out:2593 type:b dur:2 cpbdur:2 q:29.76 aq:27.30 tex:11513 mv:20471 misc:6552 imb:197 pmb:1920 smb:6043 d:- ref:0 ;
in:2593 out:2594 type:b dur:2 cpbdur:2 q:29.75 aq:27.11 tex:10195 mv:16447 misc:6206 imb:186 pmb:1695 smb:6279 d:- ref:0 ;
in:2598 out:2595 type:P dur:2 cpbdur:2 q:29.72 aq:25.19 tex:291887 mv:71644 misc:2413 imb:2775 pmb:4930 smb:455 d:- ref:0 ;
in:2596 out:2596 type:B dur:2 cpbdur:2 q:29.73 aq:26.57 tex:43455 mv:47217 misc:7816 imb:566 pmb:4086 smb:3508 d:- ref:0 ;
in:2595 out:2597 type:b dur:2 cpbdur:2 q:29.74 aq:27.08 tex:16485 mv:24402 misc:7377 imb:214 pmb:2538 smb:5408 d:- ref:0 ;
in:2597 out:2598 type:b dur:2 cpbdur:2 q:29.73 aq:26.92 tex:13645 mv:23940 misc:7143 imb:285 pmb:2251 smb:5624 d:- ref:0 ;
in:2602 out:2599 type:P dur:2 cpbdur:2 q:29.69 aq:25.34 tex:250243 mv:68459 misc:3082 imb:2598 pmb:4907 smb:655 d:- ref:0 ;
in:2600 out:2600 type:B dur:2 cpbdur:2 q:29.71 aq:26.47 tex:43749 mv:44571 misc:7960 imb:572 pmb:3791 smb:3797 d:- ref:0 ;
in:2599 out:2601 type:b dur:2 cpbdur:2 q:29.71 aq:26.98 tex:11002 mv:18019 misc:6227 imb:192 pmb:1731 smb:6237 d:- ref:0 ;
in:2601 out:2602 type:b dur:2 cpbdur:2 q:29.70 aq:27.29 tex:17468 mv:26766 misc:7470 imb:303 pmb:2591 smb:5266 d:- ref:0 ;
in:2606 out:2603 type:P dur:2 cpbdur:2 q:29.67 aq:25.59 tex:231619 mv:66317 misc:3184 imb:2382 pmb:5048 smb:730 d:- ref:0 ;
in:2604 out:2604 type:B dur:2 cpbdur:2 q:29.68 aq:26.52 tex:41191 mv:38975 misc:8074 imb:456 pmb:3854 smb:3850 d:- ref:0 ;
in:2603 out:2605 type:b dur:2 cpbdur:2 q:29.69 aq:27.29 tex:14876 mv:20318 misc:7006 imb:233 pmb:2185 smb:5742 d:- ref:0 ;
in:2605 out:2606 type:b dur:2 cpbdur:2 q:29.67 aq:27.42 tex:11639 mv:17445 misc:6436 imb:186 pmb:1811 smb:6163 d:- ref:0 ;
in:2610 out:2607 type:P dur:2 cpbdur:2 q:29.64 aq:25.44 tex:331242 mv:71929 misc:1741 imb:3497 pmb:4396 smb:267 d:- ref:0 ;
in:2608 out:2608 type:B dur:2 cpbdur:2 q:29.65 aq:26.48 tex:66983 mv:53752 misc:7305 imb:691 pmb:4616 smb:2853 d:- ref:0 ;
in:2607 out:2609 type:b dur:2 cpbdur:2 q:29.66 aq:27.42 tex:17777 mv:26386 misc:7653 imb:330 pmb:2692 smb:5138 d:- ref:0 ;
in:2609 out:2610 type:b dur:2 cpbdur:2 q:29.64 aq:27.25 tex:21483 mv:27056 misc:7389 imb:269 pmb:2744 smb:5147 d:- ref:0 ;
in:2614 out:2611 type:P dur:2 cpbdur:2 q:29.62 aq:25.26 tex:278552 mv:70964 misc:2844 imb:2901 pmb:4680 smb:579 d:- ref:0 ;
in:2612 out:2612 type:B dur:2 cpbdur:2 q:29.63 aq:26.56 tex:47206 mv:48429 misc:7821 imb:661 pmb:4031 smb:3468 d:- ref:0 ;
in:2611 out:2613 type:b dur:2 cpbdur:2 q:29.63 aq:27.34 tex:18071 mv:28051 misc:7342 imb:343 pmb:2515 smb:5302 d:- ref:0 ;
in:2613 out:2614 type:b dur:2 cpbdur:2 q:29.62 aq:27.12 tex:15442 mv:20354 misc:6636 imb:228 pmb:1995 smb:5937 d:- ref:0 ;
in:2618 out:2615 type:P dur:2 cpbdur:2 q:29.60 aq:25.20 tex:286144 mv:71520 misc:2456 imb:3038 pmb:4647 smb:475 d:- ref:0 ;
in:2616 out:2616 type:B dur:2 cpbdur:2 q:29.61 aq:26.59 tex:50813 mv:49511 misc:7628 imb:738 pmb:3970 smb:3452 d:- ref:0 ;
in:2615 out:2617 type:b dur:2 cpbdur:2 q:29.61 aq:27.45 tex:16464 mv:23302 misc:6866 imb:273 pmb:2207 smb:5680 d:- ref:0 ;
in:2617 out:2618 type:b dur:2 cpbdur:2 q:29.60 aq:27.04 tex:19862 mv:29350 misc:7300 imb:424 pmb:2591 smb:5145 d:- ref:0 ;
in:2622 out:2619 type:P dur:2 cpbdur:2 q:29.58 aq:25.02 tex:315381 mv:72608 misc:2107 imb:3132 pmb:4660 smb:368 d:- ref:0 ;
in:2620 out:2620 type:B dur:2 cpbdur:2 q:29.59 aq:26.27 tex:58704 mv:55443 misc:7461 imb:786 pmb:4348 smb:3026 d:- ref:0 ;
in:2619 out:2621 type:b dur:2 cpbdur:2 q:29.59 aq:26.95 tex:14205 mv:21188 misc:6439 imb:262 pmb:1991 smb:5907 d:- ref:0 ;
in:2621 out:2622 type:b dur:2 cpbdur:2 q:29.58 aq:27.16 tex:24610 mv:33505 misc:7821 imb:518 pmb:3130 smb:4512 d:- ref:0 ;
in:2626 out:2623 type:P dur:2 cpbdur:2 q:29.57 aq:25.18 tex:242013 mv:67251 misc:2816 imb:2480 pmb:5059 smb:621 d:- ref:0 ;
in:2624 out:2624 type:B dur:2 cpbdur:2 q:29.57 aq:26.30 tex:39811 mv:40943 misc:7862 imb:584 pmb:3561 smb:4015 d:- ref:0 ;
in:2623 out:2625 type:b dur:2 cpbdur:2 q:29.57 aq:26.91 tex:16640 mv:22820 misc:6508 imb:340 pmb:2005 smb:5815 d:- ref:0 ;
in:2625 out:2626 type:b dur:2 cpbdur:2 q:29.57 aq:27.18 tex:16058 mv:20862 misc:6664 imb:301 pmb:2057 smb:5802 d:- ref:0 ;
in:2630 out:2627 type:P dur:2 cpbdur:2 q:29.54 aq:25.14 tex:303204 mv:70643 misc:2633 imb:2609 pmb:5015 smb:536 d:- ref:0 ;
in:2628 out:2628 type:B dur:2 cpbdur:2 q:29.55 aq:26.53 tex:53598 mv:51142 misc:7668 imb:648 pmb:4374 smb:3138 d:- ref:0 ;
in:2627 out:2629 type:b dur:2 cpbdur:2 q:29.56 aq:27.41 tex:20404 mv:30481 misc:7635 imb:393 pmb:2778 smb:4989 d:- ref:0 ;
in:2629 out:2630 type:b dur:2 cpbdur:2 q:29.55 aq:27.17 tex:14642 mv:20576 misc:6590 imb:287 pmb:1955 smb:5918 d:- ref:0 ;
in:2634 out:2631 type:P dur:2 cpbdur:2 q:29.53 aq:25.09 tex:299863 mv:71707 misc:2262 imb:2713 pmb:5055 smb:392 d:- ref:0 ;
in:2632 out:2632 type:B dur:2 cpbdur:2 q:29.53 aq:26.61 tex:44015 mv:47114 misc:7935 imb:635 pmb:4004 smb:3521 d:- ref:0 ;
in:2631 out:2633 type:b dur:2 cpbdur:2 q:29.54 aq:27.33 tex:17150 mv:27869 misc:7341 imb:316 pmb:2475 smb:5369 d:- ref:0 ;
in:2633 out:2634 type:b dur:2 cpbdur:2 q:29.53 aq:27.28 tex:14328 mv:21340 misc:6820 imb:250 pmb:2154 smb:5756 d:- ref:0 ;
in:2638 out:2635 type:P dur:2 cpbdur:2 q:29.51 aq:25.03 tex:340743 mv:72972 misc:2149 imb:2559 pmb:5212 smb:389 d:- ref:0 ;
in:2636 out:2636 type:B dur:2 cpbdur:2 q:29.52 aq:26.79 tex:50180 mv:52651 misc:7625 imb:698 pmb:4391 smb:3071 d:- ref:0 ;
in:2635 out:2637 type:b dur:2 cpbdur:2 q:29.52 aq:27.20 tex:20333 mv:29070 misc:7405 imb:338 pmb:2781 smb:5041 d:- ref:0 ;
in:2637 out:2638 type:b dur:2 cpbdur:2 q:29.51 aq:27.28 tex:17569 mv:25814 misc:7201 imb:350 pmb:2420 smb:5390 d:- ref:0 ;
in:2642 out:2639 type:P dur:2 cpbdur:2 q:29.50 aq:24.93 tex:295343 mv:70877 misc:2116 imb:2386 pmb:5424 smb:350 d:- ref:0 ;
in:2640 out:2640 type:B dur:2 cpbdur:2 q:29.50 aq:26.49 tex:56938 mv:45209 misc:7949 imb:665 pmb:4082 smb:3413 d:- ref:0 ;
in:2639 out:2641 type:b dur:2 cpbdur:2 q:29.51 aq:27.02 tex:13438 mv:19568 misc:6522 imb:240 pmb:1895 smb:6025 d:- ref:0 ;
in:2641 out:2642 type:b dur:2 cpbdur:2 q:29.50 aq:27.38 tex:17522 mv:26236 misc:7370 imb:310 pmb:2546 smb:5304 d:- ref:0 ;
in:2646 out:2643 type:P dur:2 cpbdur:2 q:29.48 aq:25.17 tex:256865 mv:65395 misc:3164 imb:2012 pmb:5384 smb:764 d:- ref:0 ;
in:2644 out:2644 type:B dur:2 cpbdur:2 q:29.49 aq:26.31 tex:37768 mv:37642 misc:7982 imb:423 pmb:3598 smb:4139 d:- ref:0 ;
in:2643 out:2645 type:b dur:2 cpbdur:2 q:29.49 aq:27.21 tex:14821 mv:20869 misc:6598 imb:264 pmb:2003 smb:5893 d:- ref:0 ;
in:2645 out:2646 type:b dur:2 cpbdur:2 q:29.48 aq:27.49 tex:11935 mv:17865 misc:6296 imb:175 pmb:1787 smb:6198 d:- ref:0 ;
in:2650 out:2647 type:P dur:2 cpbdur:2 q:29.46 aq:24.97 tex:336170 mv:71732 misc:2562 imb:2452 pmb:5209 smb:499 d:- ref:0 ;
in:2648 out:2648 type:B dur:2 cpbdur:2 q:29.47 aq:26.51 tex:56530 mv:50991 misc:7751 imb:553 pmb:4460 smb:3147 d:- ref:0 ;
in:2647 out:2649 type:b dur:2 cpbdur:2 q:29.47 aq:27.14 tex:15752 mv:27073 misc:7631 imb:285 pmb:2694 smb:5181 d:- ref:0 ;
in:2649 out:2650 type:b dur:2 cpbdur:2 q:29.46 aq:27.29 tex:16336 mv:24509 misc:7403 imb:215 pmb:2606 smb:5339 d:- ref:0 ;
in:2654 out:2651 type:P dur:2 cpbdur:2 q:29.44 aq:24.89 tex:284558 mv:71520 misc:2402 imb:2307 pmb:5407 smb:446 d:- ref:0 ;
in:2652 out:2652 type:B dur:2 cpbdur:2 q:29.45 aq:26.39 tex:44889 mv:45610 misc:7957 imb:582 pmb:3948 smb:3630 d:- ref:0 ;
in:2651 out:2653 type:b dur:2 cpbdur:2 q:29.45 aq:27.02 tex:16253 mv:25750 misc:7325 imb:257 pmb:2370 smb:5533 d:- ref:0 ;
in:2653 out:2654 type:b dur:2 cpbdur:2 q:29.45 aq:27.11 tex:14068 mv:18546 misc:6490 imb:206 pmb:1862 smb:6092 d:- ref:0 ;
in:2658 out:2655 type:P dur:2 cpbdur:2 q:29.42 aq:24.89 tex:293826 mv:70277 misc:2665 imb:2238 pmb:5392 smb:530 d:- ref:0 ;
in:2656 out:2656 type:B dur:2 cpbdur:2 q:29.43 aq:26.44 tex:42009 mv:43252 misc:8035 imb:464 pmb:3806 smb:3890 d:- ref:0 ;
in:2655 out:2657 type:b dur:2 cpbdur:2 q:29.44 aq:27.28 tex:12917 mv:17554 misc:6561 imb:186 pmb:1833 smb:6141 d:- ref:0 ;
in:2657 out:2658 type:b dur:2 cpbdur:2 q:29.43 aq:27.00 tex:14987 mv:24078 misc:7439 imb:269 pmb:2403 smb:5488 d:- ref:0 ;
in:2662 out:2659 type:P dur:2 cpbdur:2 q:29.40 aq:24.81 tex:322268 mv:73506 misc:2234 imb:2421 pmb:5355 smb:384 d:- ref:0 ;
in:2660 out:2660 type:B dur:2 cpbdur:2 q:29.41 aq:26.17 tex:51575 mv:47707 misc:7950 imb:475 pmb:4257 smb:3428 d:- ref:0 ;
in:2659 out:2661 type:b dur:2 cpbdur:2 q:29.42 aq:27.11 tex:10762 mv:15395 misc:6067 imb:144 pmb:1610 smb:6406 d:- ref:0 ;
in:2661 out:2662 type:b dur:2 cpbdur:2 q:29.41 aq:27.33 tex:17589 mv:27158 misc:7829 imb:312 pmb:2878 smb:4970 d:- ref:0 ;
in:2666 out:2663 type:P dur:2 cpbdur:2 q:29.39 aq:25.03 tex:239442 mv:67107 misc:2675 imb:2003 pmb:5661 smb:496 d:- ref:0 ;
in:2664 out:2664 type:B dur:2 cpbdur:2 q:29.39 aq:26.29 tex:38944 mv:37412 misc:8116 imb:441 pmb:3789 smb:3930 d:- ref:0 ;
in:2663 out:2665 type:b dur:2 cpbdur:2 q:29.40 aq:27.06 tex:14688 mv:19862 misc:7042 imb:220 pmb:2112 smb:5828 d:- ref:0 ;
in:2665 out:2666 type:b dur:2 cpbdur:2 q:29.39 aq:26.90 tex:12706 mv:17251 misc:6499 imb:178 pmb:1852 smb:6130 d:- ref:0 ;
in:2670 out:2667 type:P dur:2 cpbdur:2 q:29.36 aq:24.99 tex:321727 mv:71467 misc:1718 imb:2725 pmb:5198 smb:237 d:- ref:0 ;
in:2668 out:2668 type:B dur:2 cpbdur:2 q:29.37 aq:26.08 tex:52480 mv:46267 misc:7829 imb:508 pmb:4281 smb:3371 d:- ref:0 ;
in:2667 out:2669 type:b dur:2 cpbdur:2 q:29.38 aq:27.13 tex:16806 mv:25708 misc:7614 imb:295 pmb:2663 smb:5202 d:- ref:0 ;
in:2669 out:2670 type:b dur:2 cpbdur:2 q:29.37 aq:26.93 tex:14089 mv:17457 misc:6662 imb:169 pmb:1946 smb:6045 d:- ref:0 ;
in:2674 out:2671 type:P dur:2 cpbdur:2 q:29.34 aq:24.79 tex:251869 mv:70779 misc:2632 imb:2198 pmb:5455 smb:507 d:- ref:0 ;
in:2672 out:2672 type:B dur:2 cpbdur:2 q:29.35 aq:26.37 tex:39671 mv:41488 misc:8057 imb:452 pmb:3834 smb:3874 d:- ref:0 ;
in:2671 out:2673 type:b dur:2 cpbdur:2 q:29.36 aq:27.19 tex:15699 mv:24293 misc:7192 imb:240 pmb:2301 smb:5619 d:- ref:0 ;
in:2673 out:2674 type:b dur:2 cpbdur:2 q:29.35 aq:27.23 tex:11962 mv:15272 misc:6270 imb:116 pmb:1743 smb:6301 d:- ref:0 ;
in:2678 out:2675 type:P dur:2 cpbdur:2 q:29.32 aq:24.62 tex:308303 mv:72007 misc:2594 imb:2270 pmb:5380 smb:510 d:- ref:0 ;
in:2676 out:2676 type:B dur:2 cpbdur:2 q:29.33 aq:26.45 tex:38360 mv:42363 misc:8005 imb:439 pmb:3986 smb:3735 d:- ref:0 ;
in:2675 out:2677 type:b dur:2 cpbdur:2 q:29.34 aq:27.33 tex:18427 mv:22129 misc:7044 imb:182 pmb:2386 smb:5592 d:- ref:0 ;
in:2677 out:2678 type:b dur:2 cpbdur:2 q:29.33 aq:26.33 tex:7320 mv:12172 misc:6724 imb:78 pmb:2027 smb:6055 d:- ref:0 ;
in:2682 out:2679 type:P dur:2 cpbdur:2 q:29.30 aq:24.64 tex:249595 mv:70645 misc:2784 imb:2144 pmb:5462 smb:554 d:- ref:0 ;
in:2680 out:2680 type:B dur:2 cpbdur:2 q:29.31 aq:26.26 tex:37748 mv:40578 misc:8002 imb:423 pmb:3677 smb:4060 d:- ref:0 ;
in:2679 out:2681 type:b dur:2 cpbdur:2 q:29.32 aq:26.98 tex:10205 mv:15702 misc:6149 imb:138 pmb:1659 smb:6363 d:- ref:0 ;
in:2681 out:2682 type:b dur:2 cpbdur:2 q:29.31 aq:26.90 tex:15782 mv:24938 misc:7384 imb:287 pmb:2509 smb:5364 d:- ref:0 ;
in:2686 out:2683 type:P dur:2 cpbdur:2 q:29.28 aq:24.77 tex:232792 mv:66016 misc:3336 imb:1889 pmb:5502 smb:769 d:- ref:0 ;
in:2684 out:2684 type:B dur:2 cpbdur:2 q:29.29 aq:26.19 tex:33005 mv:33847 misc:8076 imb:340 pmb:3388 smb:4432 d:- ref:0 ;
in:2683 out:2685 type:b dur:2 cpbdur:2 q:29.30 aq:26.74 tex:12981 mv:18891 misc:6616 imb:201 pmb:1915 smb:6044 d:- ref:0 ;
in:2685 out:2686 type:b dur:2 cpbdur:2 q:29.28 aq:26.76 tex:12943 mv:17604 misc:6565 imb:181 pmb:1890 smb:6089 d:- ref:0 ;
in:2690 out:2687 type:P dur:2 cpbdur:2 q:29.25 aq:24.62 tex:299787 mv:70793 misc:2876 imb:2238 pmb:5277 smb:645 d:- ref:0 ;
in:2688 out:2688 type:B dur:2 cpbdur:2 q:29.26 aq:26.16 tex:49215 mv:45518 misc:7931 imb:440 pmb:4263 smb:3457 d:- ref:0 ;
in:2687 out:2689 type:b dur:2 cpbdur:2 q:29.27 aq:26.91 tex:16147 mv:24232 misc:7389 imb:230 pmb:2573 smb:5357 d:- ref:0 ;
in:2689 out:2690 type:b dur:2 cpbdur:2 q:29.26 aq:26.82 tex:15613 mv:22054 misc:7101 imb:192 pmb:2405 smb:5563 d:- ref:0 ;
in:2694 out:2691 type:P dur:2 cpbdur:2 q:29.23 aq:24.61 tex:265684 mv:70663 misc:2645 imb:2278 pmb:5382 smb:500 d:- ref:0 ;
in:2692 out:2692 type:B dur:2 cpbdur:2 q:29.24 aq:26.19 tex:35994 mv:38865 misc:8101 imb:422 pmb:3639 smb:4099 d:- ref:0 ;
in:2691 out:2693 type:b dur:2 cpbdur:2 q:29.25 aq:26.75 tex:14362 mv:21295 misc:6791 imb:221 pmb:2029 smb:5910 d:- ref:0 ;
in:2693 out:2694 type:b dur:2 cpbdur:2 q:29.23 aq:26.82 tex:12541 mv:15807 misc:6468 imb:133 pmb:1842 smb:6185 d:- ref:0 ;
in:2698 out:2695 type:P dur:2 cpbdur:2 q:29.20 aq:24.71 tex:302997 mv:71714 misc:2697 imb:2204 pmb:5414 smb:542 d:- ref:0 ;
in:2696 out:2696 type:B dur:2 cpbdur:2 q:29.22 aq:26.20 tex:37859 mv:38036 misc:8025 imb:305 pmb:3668 smb:4187 d:- ref:0 ;
in:2695 out:2697 type:b dur:2 cpbdur:2 q:29.22 aq:26.53 tex:10588 mv:14324 misc:6088 imb:93 pmb:1681 smb:6386 d:- ref:0 ;
in:2697 out:2698 type:b dur:2 cpbdur:2 q:29.21 aq:26.72 tex:16765 mv:24364 misc:7551 imb:251 pmb:2564 smb:5345 d:- ref:0 ;
in:2702 out:2699 type:P dur:2 cpbdur:2 q:29.18 aq:24.48 tex:321949 mv:72916 misc:2127 imb:2276 pmb:5564 smb:320 d:- ref:0 ;
in:2700 out:2700 type:B dur:2 cpbdur:2 q:29.19 aq:26.24 tex:58471 mv:45314 misc:7919 imb:498 pmb:4380 smb:3282 d:- ref:0 ;
in:2699 out:2701 type:b dur:2 cpbdur:2 q:29.20 aq:26.70 tex:11908 mv:16426 misc:6282 imb:166 pmb:1734 smb:6260 d:- ref:0 ;
in:2701 out:2702 type:b dur:2 cpbdur:2 q:29.18 aq:26.99 tex:15761 mv:24672 misc:7695 imb:226 pmb:2776 smb:5158 d:- ref:0 ;
in:2706 out:2703 type:P dur:2 cpbdur:2 q:29.16 aq:24.67 tex:231526 mv:63509 misc:3565 imb:1743 pmb:5593 smb:824 d:- ref:0 ;
in:2704 out:2704 type:B dur:2 cpbdur:2 q:29.17 aq:26.06 tex:32774 mv:33336 misc:8002 imb:275 pmb:3404 smb:4481 d:- ref:0 ;
in:2703 out:2705 type:b dur:2 cpbdur:2 q:29.17 aq:26.55 tex:11148 mv:16091 misc:6281 imb:144 pmb:1771 smb:6245 d:- ref:0 ;
in:2705 out:2706 type:b dur:2 cpbdur:2 q:29.16 aq:27.04 tex:11308 mv:14834 misc:6138 imb:121 pmb:1704 smb:6335 d:- ref:0 ;
in:2710 out:2707 type:P dur:2 cpbdur:2 q:29.13 aq:24.78 tex:275926 mv:69370 misc:2848 imb:2080 pmb:5476 smb:604 d:- ref:0 ;
in:2708 out:2708 type:B dur:2 cpbdur:2 q:29.14 aq:26.15 tex:43605 mv:42330 misc:7945 imb:411 pmb:4048 smb:3701 d:- ref:0 ;
in:2707 out:2709 type:b dur:2 cpbdur:2 q:29.15 aq:26.95 tex:15109 mv:23040 misc:7379 imb:215 pmb:2480 smb:5465 d:- ref:0 ;
in:2709 out:2710 type:b dur:2 cpbdur:2 q:29.14 aq:26.85 tex:11574 mv:15575 misc:6131 imb:156 pmb:1682 smb:6322 d:- ref:0 ;
in:2714 out:2711 type:P dur:2 cpbdur:2 q:29.10 aq:24.64 tex:292832 mv:71636 misc:2404 imb:2297 pmb:5426 smb:437 d:- ref:0 ;
in:2712 out:2712 type:B dur:2 cpbdur:2 q:29.12 aq:26.14 tex:43165 mv:42095 misc:7996 imb:477 pmb:4011 smb:3672 d:- ref:0 ;
in:2711 out:2713 type:b dur:2 cpbdur:2 q:29.12 aq:26.81 tex:20969 mv:27377 misc:7254 imb:379 pmb:2426 smb:5355 d:- ref:0 ;
in:2713 out:2714 type:b dur:2 cpbdur:2 q:29.11 aq:26.65 tex:12632 mv:15016 misc:6104 imb:134 pmb:1663 smb:6363 d:- ref:0 ;
in:2718 out:2715 type:P dur:2 cpbdur:2 q:29.08 aq:24.48 tex:328498 mv:71886 misc:2600 imb:2215 pmb:5435 smb:510 d:- ref:0 ;
in:2716 out:2716 type:B dur:2 cpbdur:2 q:29.09 aq:26.32 tex:45382 mv:47017 misc:7953 imb:479 pmb:4256 smb:3425 d:- ref:0 ;
in:2715 out:2717 type:b dur:2 cpbdur:2 q:29.10 aq:26.99 tex:16758 mv:24039 misc:7291 imb:184 pmb:2521 smb:5455 d:- ref:0 ;
in:2717 out:2718 type:b dur:2 cpbdur:2 q:29.09 aq:26.67 tex:15526 mv:22875 misc:7311 imb:222 pmb:2411 smb:5527 d:- ref:0 ;
in:2722 out:2719 type:P dur:2 cpbdur:2 q:29.06 aq:24.61 tex:287743 mv:70562 misc:2887 imb:2087 pmb:5484 smb:589 d:- ref:0 ;
in:2720 out:2720 type:B dur:2 cpbdur:2 q:29.07 aq:25.97 tex:41700 mv:41052 misc:7832 imb:352 pmb:3767 smb:4041 d:- ref:0 ;
in:2719 out:2721 type:b dur:2 cpbdur:2 q:29.08 aq:26.34 tex:10754 mv:14547 misc:5835 imb:131 pmb:1580 smb:6449 d:- ref:0 ;
in:2721 out:2722 type:b dur:2 cpbdur:2 q:29.07 aq:26.78 tex:16918 mv:23413 misc:7261 imb:222 pmb:2499 smb:5439 d:- ref:0 ;
in:2726 out:2723 type:P dur:2 cpbdur:2 q:29.04 aq:24.73 tex:284010 mv:67802 misc:2964 imb:1995 pmb:5537 smb:628 d:- ref:0 ;
in:2724 out:2724 type:B dur:2 cpbdur:2 q:29.05 aq:26.10 tex:44977 mv:38441 misc:8062 imb:409 pmb:3888 smb:3863 d:- ref:0 ;
in:2723 out:2725 type:b dur:2 cpbdur:2 q:29.06 aq:26.50 tex:17276 mv:19804 misc:6920 imb:205 pmb:2188 smb:5767 d:- ref:0 ;
in:2725 out:2726 type:b dur:2 cpbdur:2 q:29.04 aq:26.62 tex:13571 mv:16446 misc:6415 imb:141 pmb:1865 smb:6154 d:- ref:0 ;
in:2730 out:2727 type:P dur:2 cpbdur:2 q:29.01 aq:24.55 tex:399909 mv:73361 misc:1826 imb:2590 pmb:5317 smb:253 d:- ref:0 ;
in:2728 out:2728 type:B dur:2 cpbdur:2 q:29.03 aq:26.03 tex:65955 mv:49982 misc:7527 imb:525 pmb:4539 smb:3096 d:- ref:0 ;
in:2727 out:2729 type:b dur:2 cpbdur:2 q:29.03 aq:26.72 tex:17267 mv:23937 misc:7396 imb:234 pmb:2563 smb:5363 d:- ref:0 ;
in:2729 out:2730 type:b dur:2 cpbdur:2 q:29.02 aq:26.71 tex:20478 mv:23495 misc:7403 imb:177 pmb:2698 smb:5285 d:- ref:0 ;
in:2734 out:2731 type:P dur:2 cpbdur:2 q:29.00 aq:24.57 tex:267783 mv:66099 misc:3318 imb:1950 pmb:5397 smb:813 d:- ref:0 ;
in:2732 out:2732 type:B dur:2 cpbdur:2 q:29.01 aq:26.03 tex:39648 mv:37736 misc:7928 imb:452 pmb:3428 smb:4280 d:- ref:0 ;
in:2731 out:2733 type:b dur:2 cpbdur:2 q:29.01 aq:26.52 tex:15640 mv:21858 misc:6686 imb:257 pmb:2031 smb:5872 d:- ref:0 ;
in:2733 out:2734 type:b dur:2 cpbdur:2 q:29.01 aq:26.86 tex:12883 mv:14215 misc:5758 imb:175 pmb:1535 smb:6450 d:- ref:0 ;
in:2738 out:2735 type:P dur:2 cpbdur:2 q:28.98 aq:24.74 tex:270291 mv:66787 misc:3402 imb:1936 pmb:5446 smb:778 d:- ref:0 ;
in:2736 out:2736 type:B dur:2 cpbdur:2 q:28.99 aq:26.02 tex:43285 mv:40891 misc:8056 imb:419 pmb:3807 smb:3934 d:- ref:0 ;
in:2735 out:2737 type:b dur:2 cpbdur:2 q:29.00 aq:26.69 tex:14049 mv:15661 misc:6226 imb:158 pmb:1752 smb:6250 d:- ref:0 ;
in:2737 out:2738 type:b dur:2 cpbdur:2 q:28.98 aq:26.63 tex:15065 mv:20298 misc:7045 imb:210 pmb:2165 smb:5785 d:- ref:0 ;
in:2742 out:2739 type:P dur:2 cpbdur:2 q:28.95 aq:24.77 tex:361242 mv:75540 misc:1970 imb:2899 pmb:4966 smb:295 d:- ref:0 ;
in:2740 out:2740 type:B dur:2 cpbdur:2 q:28.97 aq:25.87 tex:80690 mv:58112 misc:6814 imb:698 pmb:5045 smb:2417 d:- ref:0 ;
in:2739 out:2741 type:b dur:2 cpbdur:2 q:28.97 aq:26.75 tex:17718 mv:20992 misc:6882 imb:204 pmb:2189 smb:5767 d:- ref:0 ;
in:2741 out:2742 type:b dur:2 cpbdur:2 q:28.96 aq:26.95 tex:30751 mv:34882 misc:8055 imb:391 pmb:3698 smb:4071 d:- ref:0 ;
in:2746 out:2743 type:P dur:2 cpbdur:2 q:28.94 aq:25.00 tex:266997 mv:68484 misc:2983 imb:2552 pmb:4987 smb:621 d:- ref:0 ;
in:2744 out:2744 type:B dur:2 cpbdur:2 q:28.95 aq:25.86 tex:47223 mv:35971 misc:7862 imb:433 pmb:3354 smb:4373 d:- ref:0 ;
in:2743 out:2745 type:b dur:2 cpbdur:2 q:28.95 aq:26.14 tex:18146 mv:18636 misc:6530 imb:197 pmb:1952 smb:6011 d:- ref:0 ;
in:2745 out:2746 type:b dur:2 cpbdur:2 q:28.95 aq:26.22 tex:18806 mv:18594 misc:6376 imb:203 pmb:1875 smb:6082 d:- ref:0 ;
in:2750 out:2747 type:P dur:2 cpbdur:2 q:28.92 aq:25.09 tex:324501 mv:73526 misc:1885 imb:3203 pmb:4678 smb:279 d:- ref:0 ;
in:2748 out:2748 type:B dur:2 cpbdur:2 q:28.93 aq:25.91 tex:71200 mv:53009 misc:7423 imb:803 pmb:4250 smb:3107 d:- ref:0 ;
in:2747 out:2749 type:b dur:2 cpbdur:2 q:28.94 aq:26.51 tex:31702 mv:33964 misc:7486 imb:505 pmb:2946 smb:4709 d:- ref:0 ;
in:2749 out:2750 type:b dur:2 cpbdur:2 q:28.92 aq:26.41 tex:23047 mv:23211 misc:6614 imb:312 pmb:2174 smb:5674 d:- ref:0 ;
in:2754 out:2751 type:P dur:2 cpbdur:2 q:28.89 aq:25.30 tex:337351 mv:74982 misc:1923 imb:3214 pmb:4670 smb:276 d:- ref:0 ;
in:2752 out:2752 type:B dur:2 cpbdur:2 q:28.91 aq:26.19 tex:83830 mv:58106 misc:7056 imb:964 pmb:4397 smb:2799 d:- ref:0 ;
in:2751 out:2753 type:b dur:2 cpbdur:2 q:28.91 aq:26.47 tex:37182 mv:37437 misc:7317 imb:577 pmb:3027 smb:4556 d:- ref:0 ;
in:2753 out:2754 type:b dur:2 cpbdur:2 q:28.90 aq:26.69 tex:36165 mv:33343 misc:7156 imb:421 pmb:2954 smb:4785 d:- ref:0 ;
in:2758 out:2755 type:P dur:2 cpbdur:2 q:28.88 aq:25.37 tex:374007 mv:77261 misc:1636 imb:3283 pmb:4667 smb:210 d:- ref:0 ;
in:2756 out:2756 type:B dur:2 cpbdur:2 q:28.89 aq:26.56 tex:101190 mv:65990 misc:6532 imb:1094 pmb:4725 smb:2341 d:- ref:0 ;
in:2755 out:2757 type:b dur:2 cpbdur:2 q:28.89 aq:27.06 tex:49417 mv:40280 misc:7263 imb:577 pmb:3336 smb:4247 d:- ref:0 ;
in:2757 out:2758 type:b dur:2 cpbdur:2 q:28.89 aq:26.89 tex:47119 mv:39194 misc:7183 imb:504 pmb:3402 smb:4254 d:- ref:0 ;
in:2762 out:2759 type:P dur:2 cpbdur:2 q:28.87 aq:25.26 tex:373721 mv:78684 misc:1627 imb:3105 pmb:4853 smb:202 d:- ref:0 ;
in:2760 out:2760 type:B dur:2 cpbdur:2 q:28.88 aq:26.30 tex:117124 mv:65592 misc:6300 imb:1291 pmb:4755 smb:2114 d:- ref:0 ;
in:2759 out:2761 type:b dur:2 cpbdur:2 q:28.88 aq:26.63 tex:44496 mv:36742 misc:6786 imb:503 pmb:2943 smb:4714 d:- ref:0 ;
in:2761 out:2762 type:b dur:2 cpbdur:2 q:28.88 aq:26.92 tex:62308 mv:44967 misc:7117 imb:815 pmb:3334 smb:4011 d:- ref:0 ;
in:2766 out:2763 type:P dur:2 cpbdur:2 q:28.86 aq:25.55 tex:339038 mv:74983 misc:2083 imb:3035 pmb:4796 smb:329 d:- ref:0 ;
in:2764 out:2764 type:B dur:2 cpbdur:2 q:28.87 aq:26.59 tex:104314 mv:59616 misc:6630 imb:1054 pmb:4356 smb:2750 d:- ref:0 ;
in:2763 out:2765 type:b dur:2 cpbdur:2 q:28.87 aq:27.09 tex:50568 mv:37972 misc:6900 imb:527 pmb:3230 smb:4403 d:- ref:0 ;
in:2765 out:2766 type:b dur:2 cpbdur:2 q:28.87 aq:27.24 tex:51571 mv:38324 misc:6929 imb:523 pmb:3205 smb:4432 d:- ref:0 ;
in:2770 out:2767 type:P dur:2 cpbdur:2 q:28.86 aq:25.28 tex:377719 mv:78563 misc:1630 imb:3396 pmb:4572 smb:192 d:- ref:0 ;
in:2768 out:2768 type:B dur:2 cpbdur:2 q:28.86 aq:26.51 tex:129639 mv:73476 misc:5957 imb:1204 pmb:4958 smb:1998 d:- ref:0 ;
in:2767 out:2769 type:b dur:2 cpbdur:2 q:28.86 aq:27.15 tex:60599 mv:47067 misc:7342 imb:679 pmb:3719 smb:3762 d:- ref:0 ;
in:2769 out:2770 type:b dur:2 cpbdur:2 q:28.86 aq:27.30 tex:62580 mv:46288 misc:7228 imb:654 pmb:3639 smb:3867 d:- ref:0 ;
in:2774 out:2771 type:P dur:2 cpbdur:2 q:28.87 aq:25.01 tex:359158 mv:77179 misc:1991 imb:3179 pmb:4690 smb:291 d:- ref:0 ;
in:2772 out:2772 type:B dur:2 cpbdur:2 q:28.86 aq:26.33 tex:88431 mv:58834 misc:7031 imb:880 pmb:4500 smb:2780 d:- ref:0 ;
in:2771 out:2773 type:b dur:2 cpbdur:2 q:28.86 aq:27.16 tex:56242 mv:44110 misc:7208 imb:598 pmb:3461 smb:4101 d:- ref:0 ;
in:2773 out:2774 type:b dur:2 cpbdur:2 q:28.86 aq:27.15 tex:35825 mv:27547 misc:7020 imb:340 pmb:2606 smb:5214 d:- ref:0 ;
in:2775 out:2775 type:P dur:2 cpbdur:2 q:28.88 aq:27.00 tex:64719 mv:40103 misc:6938 imb:1111 pmb:3651 smb:3398 d:- ref:0 ;
in:2776 out:2776 type:I dur:2 cpbdur:2 q:26.00 aq:22.35 tex:666893 mv:221991 misc:364 imb:8160 pmb:0 smb:0 d:- ref:;
in:2780 out:2777 type:P dur:2 cpbdur:2 q:28.96 aq:25.20 tex:309526 mv:72844 misc:2814 imb:2693 pmb:4842 smb:625 d:- ref:0 ;
in:2778 out:2778 type:B dur:2 cpbdur:2 q:28.96 aq:26.09 tex:70057 mv:52630 misc:7265 imb:624 pmb:4297 smb:3239 d:- ref:0 ;
in:2777 out:2779 type:b dur:2 cpbdur:2 q:28.96 aq:26.72 tex:28828 mv:32599 misc:7549 imb:350 pmb:2954 smb:4856 d:- ref:0 ;
in:2779 out:2780 type:b dur:2 cpbdur:2 q:28.96 aq:26.74 tex:25059 mv:23940 misc:7033 imb:272 pmb:2427 smb:5461 d:- ref:0 ;
in:2784 out:2781 type:P dur:2 cpbdur:2 q:28.96 aq:25.13 tex:393493 mv:75949 misc:2158 imb:3134 pmb:4620 smb:406 d:- ref:0 ;
in:2782 out:2782 type:B dur:2 cpbdur:2 q:28.96 aq:26.48 tex:87637 mv:61155 misc:6968 imb:876 pmb:4706 smb:2578 d:- ref:0 ;
in:2781 out:2783 type:b dur:2 cpbdur:2 q:28.96 aq:27.28 tex:46698 mv:40985 misc:7581 imb:529 pmb:3578 smb:4053 d:- ref:0 ;
in:2783 out:2784 type:b dur:2 cpbdur:2 q:28.96 aq:27.35 tex:34860 mv:29318 misc:7238 imb:341 pmb:2836 smb:4983 d:- ref:0 ;
in:2788 out:2785 type:P dur:2 cpbdur:2 q:28.98 aq:25.29 tex:325479 mv:72557 misc:2756 imb:2734 pmb:4839 smb:587 d:- ref:0 ;
in:2786 out:2786 type:B dur:2 cpbdur:2 q:28.97 aq:26.48 tex:82459 mv:54559 misc:7326 imb:642 pmb:4434 smb:3084 d:- ref:0 ;
in:2785 out:2787 type:b dur:2 cpbdur:2 q:28.97 aq:27.14 tex:31737 mv:27113 misc:6950 imb:280 pmb:2609 smb:5271 d:- ref:0 ;
in:2787 out:2788 type:b dur:2 cpbdur:2 q:28.98 aq:27.18 tex:42426 mv:36303 misc:7447 imb:442 pmb:3305 smb:4413 d:- ref:0 ;
in:2792 out:2789 type:P dur:2 cpbdur:2 q:28.99 aq:25.21 tex:348040 mv:73634 misc:1750 imb:3482 pmb:4441 smb:237 d:- ref:0 ;
in:2790 out:2790 type:B dur:2 cpbdur:2 q:28.99 aq:26.54 tex:108247 mv:65500 misc:6325 imb:1249 pmb:4937 smb:1974 d:- ref:0 ;
in:2789 out:2791 type:b dur:2 cpbdur:2 q:28.98 aq:27.16 tex:41792 mv:35712 misc:7312 imb:489 pmb:3215 smb:4456 d:- ref:0 ;
in:2791 out:2792 type:b dur:2 cpbdur:2 q:28.99 aq:27.05 tex:41280 mv:40604 misc:7468 imb:687 pmb:3299 smb:4174 d:- ref:0 ;
in:2796 out:2793 type:P dur:2 cpbdur:2 q:28.96 aq:25.18 tex:327337 mv:71903 misc:2392 imb:2974 pmb:4682 smb:504 d:- ref:0 ;
in:2794 out:2794 type:B dur:2 cpbdur:2 q:28.97 aq:26.30 tex:84899 mv:55274 misc:7195 imb:779 pmb:4484 smb:2897 d:- ref:0 ;
in:2793 out:2795 type:b dur:2 cpbdur:2 q:28.98 aq:26.97 tex:39754 mv:31624 misc:7030 imb:511 pmb:2709 smb:4940 d:- ref:0 ;
in:2795 out:2796 type:b dur:2 cpbdur:2 q:28.97 aq:27.23 tex:32572 mv:30063 misc:7437 imb:438 pmb:2992 smb:4730 d:- ref:0 ;
in:2800 out:2797 type:P dur:2 cpbdur:2 q:28.95 aq:25.17 tex:314526 mv:72503 misc:2099 imb:3105 pmb:4668 smb:387 d:- ref:0 ;
in:2798 out:2798 type:B dur:2 cpbdur:2 q:28.95 aq:26.19 tex:79263 mv:57626 misc:7231 imb:795 pmb:4695 smb:2670 d:- ref:0 ;
in:2797 out:2799 type:b dur:2 cpbdur:2 q:28.96 aq:27.12 tex:38889 mv:39146 misc:7685 imb:513 pmb:3431 smb:4216 d:- ref:0 ;
in:2799 out:2800 type:b dur:2 cpbdur:2 q:28.95 aq:26.95 tex:31190 mv:31457 misc:7465 imb:431 pmb:2976 smb:4753 d:- ref:0 ;
in:2804 out:2801 type:P dur:2 cpbdur:2 q:28.93 aq:25.34 tex:353699 mv:75034 misc:1891 imb:3137 pmb:4689 smb:334 d:- ref:0 ;
in:2802 out:2802 type:B dur:2 cpbdur:2 q:28.94 aq:26.45 tex:82200 mv:62306 misc:6862 imb:1004 pmb:4897 smb:2259 d:- ref:0 ;
in:2801 out:2803 type:b dur:2 cpbdur:2 q:28.94 aq:26.96 tex:37877 mv:38575 misc:7732 imb:501 pmb:3359 smb:4300 d:- ref:0 ;
in:2803 out:2804 type:b dur:2 cpbdur:2 q:28.93 aq:26.92 tex:33484 mv:29906 misc:7258 imb:458 pmb:2792 smb:4910 d:- ref:0 ;
in:2808 out:2805 type:P dur:2 cpbdur:2 q:28.93 aq:25.22 tex:379079 mv:77373 misc:1268 imb:3515 pmb:4503 smb:142 d:- ref:0 ;
in:2806 out:2806 type:B dur:2 cpbdur:2 q:28.93 aq:26.62 tex:102785 mv:69846 misc:6001 imb:1413 pmb:4965 smb:1782 d:- ref:0 ;
in:2805 out:2807 type:b dur:2 cpbdur:2 q:28.93 aq:27.13 tex:51506 mv:44500 misc:7434 imb:884 pmb:3628 smb:3648 d:- ref:0 ;
in:2807 out:2808 type:b dur:2 cpbdur:2 q:28.93 aq:27.04 tex:43703 mv:40295 misc:7650 imb:714 pmb:3419 smb:4027 d:- ref:0 ;
in:2812 out:2809 type:P dur:2 cpbdur:2 q:28.94 aq:25.34 tex:404026 mv:76699 misc:1427 imb:3286 pmb:4719 smb:155 d:- ref:0 ;
in:2810 out:2810 type:B dur:2 cpbdur:2 q:28.93 aq:26.28 tex:112388 mv:67105 misc:6323 imb:1134 pmb:5189 smb:1837 d:- ref:0 ;
in:2809 out:2811 type:b dur:2 cpbdur:2 q:28.93 aq:27.19 tex:40510 mv:40162 misc:7944 imb:542 pmb:3767 smb:3851 d:- ref:0 ;
in:2811 out:2812 type:b dur:2 cpbdur:2 q:28.93 aq:27.37 tex:47896 mv:43273 misc:7679 imb:834 pmb:3619 smb:3707 d:- ref:0 ;
in:2816 out:2813 type:P dur:2 cpbdur:2 q:28.94 aq:25.49 tex:365056 mv:74631 misc:1257 imb:3485 pmb:4575 smb:100 d:- ref:0 ;
in:2814 out:2814 type:B dur:2 cpbdur:2 q:28.94 aq:26.57 tex:103656 mv:65322 misc:6246 imb:1318 pmb:5026 smb:1816 d:- ref:0 ;
in:2813 out:2815 type:b dur:2 cpbdur:2 q:28.94 aq:26.99 tex:52014 mv:39090 misc:7576 imb:823 pmb:3267 smb:4070 d:- ref:0 ;
in:2815 out:2816 type:b dur:2 cpbdur:2 q:28.94 aq:27.10 tex:44095 mv:36735 misc:7450 imb:816 pmb:3044 smb:4300 d:- ref:0 ;
in:2820 out:2817 type:P dur:2 cpbdur:2 q:28.94 aq:25.61 tex:417210 mv:74243 misc:907 imb:3903 pmb:4214 smb:43 d:- ref:0 ;
in:2818 out:2818 type:B dur:2 cpbdur:2 q:28.94 aq:26.33 tex:138247 mv:75906 misc:5039 imb:1534 pmb:5419 smb:1207 d:- ref:0 ;
in:2817 out:2819 type:b dur:2 cpbdur:2 q:28.94 aq:27.13 tex:54167 mv:51699 misc:7622 imb:985 pmb:4187 smb:2988 d:- ref:0 ;
in:2819 out:2820 type:b dur:2 cpbdur:2 q:28.94 aq:26.97 tex:52440 mv:42950 misc:7698 imb:821 pmb:3808 smb:3531 d:- ref:0 ;
in:2824 out:2821 type:P dur:2 cpbdur:2 q:28.95 aq:25.71 tex:476159 mv:79924 misc:1021 imb:3898 pmb:4203 smb:59 d:- ref:0 ;
in:2822 out:2822 type:B dur:2 cpbdur:2 q:28.95 aq:26.53 tex:142081 mv:79106 misc:5045 imb:1627 pmb:5216 smb:1317 d:- ref:0 ;
in:2821 out:2823 type:b dur:2 cpbdur:2 q:28.95 aq:27.11 tex:69883 mv:57200 misc:7269 imb:1038 pmb:4453 smb:2669 d:- ref:0 ;
in:2823 out:2824 type:b dur:2 cpbdur:2 q:28.95 aq:27.31 tex:59905 mv:39714 misc:7533 imb:670 pmb:3367 smb:4123 d:- ref:0 ;
in:2828 out:2825 type:P dur:2 cpbdur:2 q:28.97 aq:26.04 tex:479719 mv:80677 misc:980 imb:4018 pmb:4101 smb:41 d:- ref:0 ;
in:2826 out:2826 type:B dur:2 cpbdur:2 q:28.96 aq:26.75 tex:154459 mv:76968 misc:5141 imb:1579 pmb:5279 smb:1302 d:- ref:0 ;
in:2825 out:2827 type:b dur:2 cpbdur:2 q:28.96 aq:27.28 tex:57084 mv:40066 misc:7450 imb:690 pmb:3442 smb:4028 d:- ref:0 ;
in:2827 out:2828 type:b dur:2 cpbdur:2 q:28.97 aq:27.55 tex:93005 mv:57929 misc:7034 imb:1045 pmb:4494 smb:2621 d:- ref:0 ;
in:2832 out:2829 type:P dur:2 cpbdur:2 q:28.99 aq:26.11 tex:619947 mv:80565 misc:864 imb:4501 pmb:3648 smb:11 d:- ref:0 w:7,121,0,5,32,0,31,3 ;
in:2830 out:2830 type:B dur:2 cpbdur:2 q:28.98 aq:27.03 tex:228043 mv:88329 misc:3988 imb:1889 pmb:5425 smb:846 d:- ref:0 ;
in:2829 out:2831 type:b dur:2 cpbdur:2 q:28.98 aq:27.70 tex:88103 mv:55504 misc:7089 imb:1079 pmb:4210 smb:2871 d:- ref:0 ;
in:2831 out:2832 type:b dur:2 cpbdur:2 q:28.99 aq:27.92 tex:133202 mv:67944 misc:6246 imb:1358 pmb:4745 smb:2057 d:- ref:0 ;
in:2836 out:2833 type:P dur:2 cpbdur:2 q:29.04 aq:26.36 tex:563506 mv:82433 misc:1077 imb:3622 pmb:4470 smb:68 d:- ref:0 ;
in:2834 out:2834 type:B dur:2 cpbdur:2 q:29.02 aq:26.96 tex:223351 mv:85940 misc:4549 imb:1531 pmb:5411 smb:1218 d:- ref:0 ;
in:2833 out:2835 type:b dur:2 cpbdur:2 q:29.00 aq:27.96 tex:85187 mv:49864 misc:7037 imb:721 pmb:3868 smb:3571 d:- ref:0 ;
in:2835 out:2836 type:b dur:2 cpbdur:2 q:29.03 aq:28.16 tex:114235 mv:59418 misc:6627 imb:789 pmb:4744 smb:2627 d:- ref:0 ;
in:2840 out:2837 type:P dur:2 cpbdur:2 q:29.08 aq:26.66 tex:562016 mv:82789 misc:1155 imb:3462 pmb:4599 smb:99 d:- ref:0 ;
in:2838 out:2838 type:B dur:2 cpbdur:2 q:29.06 aq:27.52 tex:248688 mv:90175 misc:4345 imb:1421 pmb:5733 smb:1006 d:- ref:0 ;
in:2837 out:2839 type:b dur:2 cpbdur:2 q:29.05 aq:28.50 tex:121264 mv:64689 misc:6759 imb:837 pmb:4841 smb:2482 d:- ref:0 ;
in:2839 out:2840 type:b dur:2 cpbdur:2 q:29.07 aq:28.50 tex:113873 mv:59721 misc:6806 imb:702 pmb:4649 smb:2809 d:- ref:0 ;
in:2844 out:2841 type:P dur:2 cpbdur:2 q:29.12 aq:26.47 tex:595540 mv:83188 misc:936 imb:3893 pmb:4223 smb:44 d:- ref:0 ;
in:2842 out:2842 type:B dur:2 cpbdur:2 q:29.10 aq:27.46 tex:264461 mv:92895 misc:4044 imb:1448 pmb:5849 smb:863 d:- ref:0 ;
in:2841 out:2843 type:b dur:2 cpbdur:2 q:29.09 aq:28.46 tex:138609 mv:71171 misc:6396 imb:854 pmb:5248 smb:2058 d:- ref:0 ;
in:2843 out:2844 type:b dur:2 cpbdur:2 q:29.11 aq:28.37 tex:136041 mv:61726 misc:6689 imb:623 pmb:4994 smb:2543 d:- ref:0 ;
in:2848 out:2845 type:P dur:2 cpbdur:2 q:29.17 aq:26.78 tex:588318 mv:84179 misc:911 imb:3969 pmb:4155 smb:36 d:- ref:0 ;
in:2846 out:2846 type:B dur:2 cpbdur:2 q:29.15 aq:27.36 tex:268035 mv:93871 misc:4062 imb:1197 pmb:5959 smb:1004 d:- ref:0 ;
in:2845 out:2847 type:b dur:2 cpbdur:2 q:29.13 aq:28.26 tex:119051 mv:53935 misc:7102 imb:421 pmb:4534 smb:3205 d:- ref:0 ;
in:2847 out:2848 type:b dur:2 cpbdur:2 q:29.16 aq:28.30 tex:151278 mv:69530 misc:6320 imb:753 pmb:5096 smb:2311 d:- ref:0 ;
in:2852 out:2849 type:P dur:2 cpbdur:2 q:29.23 aq:26.51 tex:653230 mv:86302 misc:924 imb:4113 pmb:4016 smb:31 d:- ref:0 ;
in:2850 out:2850 type:B dur:2 cpbdur:2 q:29.20 aq:27.49 tex:366044 mv:103877 misc:3095 imb:1660 pmb:5874 smb:626 d:- ref:0 ;
in:2849 out:2851 type:b dur:2 cpbdur:2 q:29.19 aq:28.28 tex:165989 mv:71864 misc:6227 imb:709 pmb:5318 smb:2133 d:- ref:0 ;
in:2851 out:2852 type:b dur:2 cpbdur:2 q:29.21 aq:28.57 tex:165878 mv:69817 misc:6329 imb:770 pmb:4963 smb:2427 d:- ref:0 ;
in:2856 out:2853 type:P dur:2 cpbdur:2 q:29.30 aq:26.82 tex:619379 mv:85955 misc:1514 imb:3606 pmb:4377 smb:177 d:- ref:0 ;
in:2854 out:2854 type:B dur:2 cpbdur:2 q:29.26 aq:27.46 tex:303272 mv:91616 misc:4560 imb:1019 pmb:5840 smb:1301 d:- ref:0 ;
in:2853 out:2855 type:b dur:2 cpbdur:2 q:29.24 aq:28.58 tex:155807 mv:58585 misc:6544 imb:445 pmb:4595 smb:3120 d:- ref:0 ;
in:2855 out:2856 type:b dur:2 cpbdur:2 q:29.28 aq:28.79 tex:153391 mv:59747 misc:6590 imb:407 pmb:4843 smb:2910 d:- ref:0 ;
in:2860 out:2857 type:P dur:2 cpbdur:2 q:29.37 aq:26.79 tex:639770 mv:86030 misc:1384 imb:3718 pmb:4290 smb:152 d:- ref:0 ;
in:2858 out:2858 type:B dur:2 cpbdur:2 q:29.33 aq:27.59 tex:343403 mv:98853 misc:4248 imb:1090 pmb:5890 smb:1180 d:- ref:0 ;
in:2857 out:2859 type:b dur:2 cpbdur:2 q:29.32 aq:28.83 tex:173760 mv:69397 misc:6155 imb:528 pmb:5162 smb:2470 d:- ref:0 ;
in:2859 out:2860 type:b dur:2 cpbdur:2 q:29.35 aq:28.93 tex:151025 mv:58013 misc:6722 imb:371 pmb:4607 smb:3182 d:- ref:0 ;
in:2864 out:2861 type:P dur:2 cpbdur:2 q:29.46 aq:26.75 tex:652840 mv:87509 misc:1267 imb:3546 pmb:4485 smb:129 d:- ref:0 ;
in:2862 out:2862 type:B dur:2 cpbdur:2 q:29.42 aq:27.70 tex:308846 mv:93617 misc:4649 imb:1006 pmb:5842 smb:1312 d:- ref:0 ;
in:2861 out:2863 type:b dur:2 cpbdur:2 q:29.40 aq:28.96 tex:162214 mv:68188 misc:6382 imb:432 pmb:5172 smb:2556 d:- ref:0 ;
in:2863 out:2864 type:b dur:2 cpbdur:2 q:29.44 aq:29.03 tex:145998 mv:53188 misc:6582 imb:268 pmb:4415 smb:3477 d:- ref:0 ;
in:2868 out:2865 type:P dur:2 cpbdur:2 q:29.56 aq:26.94 tex:635667 mv:86138 misc:1779 imb:3207 pmb:4687 smb:266 d:- ref:0 ;
in:2866 out:2866 type:B dur:2 cpbdur:2 q:29.51 aq:28.01 tex:294934 mv:93272 misc:4786 imb:800 pmb:5882 smb:1478 d:- ref:0 ;
in:2865 out:2867 type:b dur:2 cpbdur:2 q:29.49 aq:29.01 tex:139361 mv:53512 misc:6711 imb:264 pmb:4382 smb:3514 d:- ref:0 ;
in:2867 out:2868 type:b dur:2 cpbdur:2 q:29.54 aq:29.13 tex:161257 mv:64437 misc:6450 imb:335 pmb:5005 smb:2820 d:- ref:0 ;
in:2872 out:2869 type:P dur:2 cpbdur:2 q:29.67 aq:27.11 tex:640835 mv:86147 misc:1290 imb:3605 pmb:4407 smb:148 d:- ref:0 ;
in:2870 out:2870 type:B dur:2 cpbdur:2 q:29.62 aq:28.14 tex:323975 mv:98176 misc:4513 imb:933 pmb:5979 smb:1248 d:- ref:0 ;
in:2869 out:2871 type:b dur:2 cpbdur:2 q:29.59 aq:29.37 tex:147457 mv:56539 misc:6716 imb:322 pmb:4501 smb:3337 d:- ref:0 ;
in:2871 out:2872 type:b dur:2 cpbdur:2 q:29.64 aq:29.40 tex:172468 mv:68685 misc:6167 imb:595 pmb:5135 smb:2430 d:- ref:0 ;
in:2876 out:2873 type:P dur:2 cpbdur:2 q:29.76 aq:27.32 tex:623651 mv:86486 misc:1439 imb:3279 pmb:4713 smb:168 d:- ref:0 ;
in:2874 out:2874 type:B dur:2 cpbdur:2 q:29.72 aq:28.18 tex:323040 mv:96049 misc:4655 imb:754 pmb:6086 smb:1320 d:- ref:0 ;
in:2873 out:2875 type:b dur:2 cpbdur:2 q:29.69 aq:29.46 tex:143750 mv:58168 misc:6738 imb:311 pmb:4670 smb:3179 d:- ref:0 ;
in:2875 out:2876 type:b dur:2 cpbdur:2 q:29.74 aq:29.78 tex:153097 mv:58386 misc:6397 imb:297 pmb:4781 smb:3082 d:- ref:0 ;
in:2880 out:2877 type:P dur:2 cpbdur:2 q:29.85 aq:27.46 tex:662495 mv:86472 misc:833 imb:3729 pmb:4401 smb:30 d:- ref:0 ;
in:2878 out:2878 type:B dur:2 cpbdur:2 q:29.81 aq:28.02 tex:324184 mv:100013 misc:4219 imb:901 pmb:6241 smb:1018 d:- ref:0 ;
in:2877 out:2879 type:b dur:2 cpbdur:2 q:29.79 aq:29.64 tex:152946 mv:66447 misc:6471 imb:382 pmb:5012 smb:2766 d:- ref:0 ;
in:2879 out:2880 type:b dur:2 cpbdur:2 q:29.83 aq:29.64 tex:156712 mv:60352 misc:6512 imb:397 pmb:5127 smb:2636 d:- ref:0 ;
in:2884 out:2881 type:P dur:2 cpbdur:2 q:29.94 aq:28.04 tex:624585 mv:87547 misc:1148 imb:3734 pmb:4326 smb:100 d:- ref:0 ;
in:2882 out:2882 type:B dur:2 cpbdur:2 q:29.89 aq:28.71 tex:304639 mv:100134 misc:4691 imb:848 pmb:6016 smb:1296 d:- ref:0 ;
in:2881 out:2883 type:b dur:2 cpbdur:2 q:29.87 aq:30.08 tex:156144 mv:67118 misc:6226 imb:320 pmb:4955 smb:2885 d:- ref:0 ;
in:2883 out:2884 type:b dur:2 cpbdur:2 q:29.92 aq:29.87 tex:146500 mv:60971 misc:6577 imb:378 pmb:4791 smb:2991 d:- ref:0 ;
in:2888 out:2885 type:P dur:2 cpbdur:2 q:30.01 aq:28.01 tex:609761 mv:87375 misc:1056 imb:4203 pmb:3904 smb:53 d:- ref:0 w:7,125,0,7,125,3,118,10 ;
in:2886 out:2886 type:B dur:2 cpbdur:2 q:29.97 aq:28.79 tex:321237 mv:103077 misc:4526 imb:1129 pmb:5863 smb:1168 d:- ref:0 ;
in:2885 out:2887 type:b dur:2 cpbdur:2 q:29.96 aq:29.96 tex:145266 mv:60914 misc:6636 imb:418 pmb:4576 smb:3166 d:- ref:0 ;
in:2887 out:2888 type:b dur:2 cpbdur:2 q:29.99 aq:29.61 tex:159355 mv:74443 misc:6346 imb:593 pmb:5123 smb:2444 d:- ref:0 ;
in:2892 out:2889 type:P dur:2 cpbdur:2 q:30.09 aq:27.83 tex:613412 mv:87305 misc:1027 imb:4358 pmb:3738 smb:64 d:- ref:0 ;
in:2890 out:2890 type:B dur:2 cpbdur:2 q:30.05 aq:28.48 tex:322225 mv:106270 misc:4281 imb:1081 pmb:6016 smb:1063 d:- ref:0 ;
in:2889 out:2891 type:b dur:2 cpbdur:2 q:30.03 aq:29.68 tex:147030 mv:68785 misc:6393 imb:543 pmb:4947 smb:2670 d:- ref:0 ;
in:2891 out:2892 type:b dur:2 cpbdur:2 q:30.07 aq:29.55 tex:175166 mv:72576 misc:6314 imb:669 pmb:5105 smb:2386 d:- ref:0 ;
in:2896 out:2893 type:P dur:2 cpbdur:2 q:30.17 aq:28.08 tex:533619 mv:86722 misc:1203 imb:4076 pmb:3978 smb:106 d:- ref:0 ;
in:2894 out:2894 type:B dur:2 cpbdur:2 q:30.13 aq:28.37 tex:287017 mv:99516 misc:4627 imb:1072 pmb:5881 smb:1207 d:- ref:0 ;
in:2893 out:2895 type:b dur:2 cpbdur:2 q:30.11 aq:29.71 tex:145795 mv:67767 misc:6430 imb:517 pmb:4818 smb:2825 d:- ref:0 ;
in:2895 out:2896 type:b dur:2 cpbdur:2 q:30.15 aq:29.52 tex:124368 mv:63224 misc:6816 imb:557 pmb:4490 smb:3113 d:- ref:0 ;
in:2900 out:2897 type:P dur:2 cpbdur:2 q:30.24 aq:27.77 tex:562981 mv:86677 misc:894 imb:4664 pmb:3442 smb:54 d:- ref:0 ;
in:2898 out:2898 type:B dur:2 cpbdur:2 q:30.20 aq:28.17 tex:300221 mv:106587 misc:4088 imb:1223 pmb:5919 smb:1018 d:- ref:0 ;
in:2897 out:2899 type:b dur:2 cpbdur:2 q:30.19 aq:29.50 tex:143017 mv:75130 misc:6405 imb:601 pmb:5200 smb:2359 d:- ref:0 ;
in:2899 out:2900 type:b dur:2 cpbdur:2 q:30.22 aq:29.31 tex:122432 mv:62215 misc:6825 imb:487 pmb:4545 smb:3128 d:- ref:0 ;
in:2904 out:2901 type:P dur:2 cpbdur:2 q:30.31 aq:27.63 tex:514799 mv:86457 misc:984 imb:4594 pmb:3500 smb:66 d:- ref:0 ;
in:2902 out:2902 type:B dur:2 cpbdur:2 q:30.27 aq:28.15 tex:258256 mv:104375 misc:4505 imb:1091 pmb:5896 smb:1173 d:- ref:0 ;
in:2901 out:2903 type:b dur:2 cpbdur:2 q:30.25 aq:29.31 tex:131639 mv:71905 misc:6632 imb:536 pmb:4940 smb:2684 d:- ref:0 ;
in:2903 out:2904 type:b dur:2 cpbdur:2 q:30.29 aq:29.23 tex:106565 mv:58298 misc:7097 imb:363 pmb:4411 smb:3386 d:- ref:0 ;
in:2908 out:2905 type:P dur:2 cpbdur:2 q:30.37 aq:27.53 tex:484535 mv:86843 misc:1062 imb:4703 pmb:3375 smb:82 d:- ref:0 ;
in:2906 out:2906 type:B dur:2 cpbdur:2 q:30.34 aq:27.95 tex:246926 mv:101662 misc:4908 imb:1148 pmb:5738 smb:1274 d:- ref:0 ;
in:2905 out:2907 type:b dur:2 cpbdur:2 q:30.32 aq:28.84 tex:102430 mv:59572 misc:7134 imb:448 pmb:4341 smb:3371 d:- ref:0 ;
in:2907 out:2908 type:b dur:2 cpbdur:2 q:30.36 aq:28.94 tex:120418 mv:70249 misc:6869 imb:646 pmb:4922 smb:2592 d:- ref:0 ;
in:2912 out:2909 type:P dur:2 cpbdur:2 q:30.44 aq:26.91 tex:437810 mv:82987 misc:747 imb:5041 pmb:3100 smb:19 d:- ref:0 ;
in:2910 out:2910 type:B dur:2 cpbdur:2 q:30.41 aq:27.45 tex:258813 mv:98288 misc:3995 imb:1544 pmb:5759 smb:857 d:- ref:0 ;
in:2909 out:2911 type:b dur:2 cpbdur:2 q:30.39 aq:28.65 tex:103191 mv:59555 misc:7230 imb:502 pmb:4476 smb:3182 d:- ref:0 ;
in:2911 out:2912 type:b dur:2 cpbdur:2 q:30.42 aq:28.49 tex:101839 mv:61220 misc:6813 imb:701 pmb:4419 smb:3040 d:- ref:0 ;
in:2916 out:2913 type:P dur:2 cpbdur:2 q:30.50 aq:26.73 tex:385918 mv:82716 misc:1166 imb:4777 pmb:3244 smb:139 d:- ref:0 ;
in:2914 out:2914 type:B dur:2 cpbdur:2 q:30.47 aq:27.07 tex:203648 mv:83631 misc:5961 imb:1065 pmb:5207 smb:1888 d:- ref:0 ;
in:2913 out:2915 type:b dur:2 cpbdur:2 q:30.45 aq:28.04 tex:80687 mv:51327 misc:7122 imb:473 pmb:3828 smb:3859 d:- ref:0 ;
in:2915 out:2916 type:b dur:2 cpbdur:2 q:30.48 aq:27.99 tex:89357 mv:51536 misc:7195 imb:513 pmb:3904 smb:3743 d:- ref:0 ;
in:2920 out:2917 type:P dur:2 cpbdur:2 q:30.55 aq:26.33 tex:361729 mv:80971 misc:1204 imb:5200 pmb:2839 smb:121 d:- ref:0 ;
in:2918 out:2918 type:B dur:2 cpbdur:2 q:30.52 aq:26.69 tex:209421 mv:90358 misc:5597 imb:1235 pmb:5280 smb:1645 d:- ref:0 ;
in:2917 out:2919 type:b dur:2 cpbdur:2 q:30.51 aq:27.74 tex:86972 mv:57811 misc:7145 imb:452 pmb:4224 smb:3484 d:- ref:0 ;
in:2919 out:2920 type:b dur:2 cpbdur:2 q:30.53 aq:27.32 tex:87367 mv:52556 misc:7277 imb:544 pmb:3934 smb:3682 d:- ref:0 ;
in:2924 out:2921 type:P dur:2 cpbdur:2 q:30.58 aq:25.87 tex:325874 mv:77527 misc:1175 imb:5374 pmb:2670 smb:116 d:- ref:0 ;
in:2922 out:2922 type:B dur:2 cpbdur:2 q:30.56 aq:26.19 tex:199416 mv:88188 misc:5604 imb:1595 pmb:5062 smb:1503 d:- ref:0 ;
in:2921 out:2923 type:b dur:2 cpbdur:2 q:30.55 aq:27.10 tex:83471 mv:58145 misc:7304 imb:701 pmb:4202 smb:3257 d:- ref:0 ;
in:2923 out:2924 type:b dur:2 cpbdur:2 q:30.57 aq:26.94 tex:83384 mv:49442 misc:7430 imb:561 pmb:3880 smb:3719 d:- ref:0 ;
in:2928 out:2925 type:P dur:2 cpbdur:2 q:30.61 aq:25.09 tex:289837 mv:73506 misc:1193 imb:5565 pmb:2481 smb:114 d:- ref:0 ;
in:2926 out:2926 type:B dur:2 cpbdur:2 q:30.60 aq:25.51 tex:182496 mv:78962 misc:5966 imb:1512 pmb:4756 smb:1892 d:- ref:0 ;
in:2925 out:2927 type:b dur:2 cpbdur:2 q:30.59 aq:26.55 tex:73209 mv:50161 misc:7654 imb:653 pmb:3736 smb:3771 d:- ref:0 ;
in:2927 out:2928 type:b dur:2 cpbdur:2 q:30.61 aq:26.19 tex:83518 mv:54334 misc:7532 imb:790 pmb:3953 smb:3417 d:- ref:0 ;
in:2932 out:2929 type:P dur:2 cpbdur:2 q:30.63 aq:23.35 tex:273345 mv:63622 misc:1025 imb:6250 pmb:1840 smb:70 d:- ref:0 ;
in:2930 out:2930 type:B dur:2 cpbdur:2 q:30.62 aq:24.46 tex:188463 mv:78401 misc:6056 imb:1868 pmb:4501 smb:1791 d:- ref:0 ;
in:2929 out:2931 type:b dur:2 cpbdur:2 q:30.62 aq:25.71 tex:79649 mv:52638 misc:7649 imb:842 pmb:3823 smb:3495 d:- ref:0 ;
in:2931 out:2932 type:b dur:2 cpbdur:2 q:30.63 aq:25.17 tex:88699 mv:54312 misc:7445 imb:1022 pmb:4010 smb:3128 d:- ref:0 ;
in:2936 out:2933 type:P dur:2 cpbdur:2 q:30.64 aq:20.20 tex:239960 mv:58483 misc:1013 imb:6251 pmb:1803 smb:106 d:- ref:0 ;
in:2934 out:2934 type:B dur:2 cpbdur:2 q:30.64 aq:22.88 tex:155127 mv:65281 misc:5160 imb:1317 pmb:3688 smb:3155 d:- ref:0 ;
in:2933 out:2935 type:b dur:2 cpbdur:2 q:30.64 aq:23.96 tex:78359 mv:50150 misc:7283 imb:949 pmb:3827 smb:3384 d:- ref:0 ;
in:2935 out:2936 type:b dur:2 cpbdur:2 q:30.64 aq:23.93 tex:74462 mv:42486 misc:5964 imb:421 pmb:3293 smb:4446 d:- ref:0 ;
in:2939 out:2937 type:P dur:2 cpbdur:2 q:30.65 aq:21.99 tex:171831 mv:45008 misc:3649 imb:2143 pmb:2169 smb:3848 d:- ref:0 ;
in:2937 out:2938 type:B dur:2 cpbdur:2 q:30.65 aq:24.16 tex:75250 mv:40852 misc:4922 imb:417 pmb:2650 smb:5093 d:- ref:0 ;
in:2938 out:2939 type:b dur:2 cpbdur:2 q:30.65 aq:25.50 tex:68068 mv:35079 misc:4837 imb:211 pmb:2643 smb:5306 d:- ref:0 ;
in:2940 out:2940 type:I dur:2 cpbdur:2 q:27.56 aq:17.28 tex:302865 mv:119144 misc:367 imb:8160 pmb:0 smb:0 d:- ref:;
in:2944 out:2941 type:P dur:2 cpbdur:2 q:30.66 aq:19.74 tex:204471 mv:46318 misc:4867 imb:3446 pmb:1783 smb:2931 d:- ref:0 ;
in:2942 out:2942 type:B dur:2 cpbdur:2 q:30.66 aq:23.33 tex:126642 mv:48528 misc:4838 imb:523 pmb:3130 smb:4507 d:- ref:0 ;
in:2941 out:2943 type:b dur:2 cpbdur:2 q:30.66 aq:24.84 tex:49841 mv:35653 misc:5210 imb:267 pmb:2490 smb:5403 d:- ref:0 ;
in:2943 out:2944 type:b dur:2 cpbdur:2 q:30.66 aq:25.87 tex:57531 mv:34599 misc:4734 imb:234 pmb:2501 smb:5425 d:- ref:0 ;
in:2948 out:2945 type:P dur:2 cpbdur:2 q:30.67 aq:20.29 tex:204725 mv:45717 misc:3294 imb:2418 pmb:1995 smb:3747 d:- ref:0 ;
in:2946 out:2946 type:B dur:2 cpbdur:2 q:30.67 aq:23.54 tex:130737 mv:48842 misc:4253 imb:484 pmb:3036 smb:4640 d:- ref:0 ;
in:2945 out:2947 type:b dur:2 cpbdur:2 q:30.67 aq:24.91 tex:56783 mv:35410 misc:4671 imb:243 pmb:2506 smb:5411 d:- ref:0 ;
in:2947 out:2948 type:b dur:2 cpbdur:2 q:30.67 aq:26.22 tex:58000 mv:34960 misc:4144 imb:206 pmb:2438 smb:5516 d:- ref:0 ;
in:2952 out:2949 type:P dur:2 cpbdur:2 q:30.68 aq:21.57 tex:202823 mv:42528 misc:2833 imb:2111 pmb:1831 smb:4218 d:- ref:0 ;
in:2950 out:2950 type:B dur:2 cpbdur:2 q:30.68 aq:24.75 tex:133175 mv:49617 misc:3712 imb:488 pmb:2844 smb:4828 d:- ref:0 ;
in:2949 out:2951 type:b dur:2 cpbdur:2 q:30.67 aq:26.92 tex:57763 mv:35871 misc:4166 imb:250 pmb:2330 smb:5580 d:- ref:0 ;
in:2951 out:2952 type:b dur:2 cpbdur:2 q:30.68 aq:26.81 tex:60083 mv:35854 misc:3999 imb:251 pmb:2411 smb:5498 d:- ref:0 ;
in:2956 out:2953 type:P dur:2 cpbdur:2 q:30.68 aq:21.01 tex:217418 mv:42067 misc:2883 imb:2231 pmb:1664 smb:4265 d:- ref:0 ;
in:2954 out:2954 type:B dur:2 cpbdur:2 q:30.68 aq:24.16 tex:143686 mv:51060 misc:3414 imb:515 pmb:2896 smb:4749 d:- ref:0 ;
in:2953 out:2955 type:b dur:2 cpbdur:2 q:30.68 aq:26.30 tex:57103 mv:37177 misc:4120 imb:236 pmb:2414 smb:5510 d:- ref:0 ;
in:2955 out:2956 type:b dur:2 cpbdur:2 q:30.68 aq:26.40 tex:69713 mv:38439 misc:3832 imb:346 pmb:2483 smb:5331 d:- ref:0 ;
in:2960 out:2957 type:P dur:2 cpbdur:2 q:30.69 aq:21.10 tex:210248 mv:41839 misc:2649 imb:2086 pmb:1723 smb:4351 d:- ref:0 ;
in:2958 out:2958 type:B dur:2 cpbdur:2 q:30.68 aq:24.08 tex:136125 mv:49692 misc:3383 imb:541 pmb:2747 smb:4872 d:- ref:0 ;
in:2957 out:2959 type:b dur:2 cpbdur:2 q:30.68 aq:26.52 tex:59802 mv:35762 misc:3900 imb:251 pmb:2345 smb:5564 d:- ref:0 ;
in:2959 out:2960 type:b dur:2 cpbdur:2 q:30.68 aq:26.14 tex:61953 mv:36277 misc:3762 imb:301 pmb:2381 smb:5478 d:- ref:0 ;
in:2964 out:2961 type:P dur:2 cpbdur:2 q:30.67 aq:21.41 tex:208312 mv:41380 misc:2468 imb:2129 pmb:1692 smb:4339 d:- ref:0 ;
in:2962 out:2962 type:B dur:2 cpbdur:2 q:30.68 aq:23.88 tex:138524 mv:49792 misc:3388 imb:579 pmb:2692 smb:4889 d:- ref:0 ;
in:2961 out:2963 type:b dur:2 cpbdur:2 q:30.68 aq:26.66 tex:58881 mv:36246 misc:3889 imb:291 pmb:2323 smb:5546 d:- ref:0 ;
in:2963 out:2964 type:b dur:2 cpbdur:2 q:30.68 aq:25.79 tex:61139 mv:36871 misc:3614 imb:326 pmb:2445 smb:5389 d:- ref:0 ;
in:2968 out:2965 type:P dur:2 cpbdur:2 q:30.65 aq:21.60 tex:203626 mv:41863 misc:2663 imb:2044 pmb:1810 smb:4306 d:- ref:0 ;
in:2966 out:2966 type:B dur:2 cpbdur:2 q:30.66 aq:23.84 tex:123491 mv:46717 misc:3520 imb:494 pmb:2728 smb:4938 d:- ref:0 ;
in:2965 out:2967 type:b dur:2 cpbdur:2 q:30.67 aq:25.64 tex:52973 mv:33845 misc:4198 imb:246 pmb:2317 smb:5597 d:- ref:0 ;
in:2967 out:2968 type:b dur:2 cpbdur:2 q:30.66 aq:25.56 tex:52046 mv:33294 misc:4020 imb:242 pmb:2274 smb:5644 d:- ref:0 ;
in:2972 out:2969 type:P dur:2 cpbdur:2 q:30.63 aq:19.58 tex:208036 mv:48869 misc:2231 imb:3309 pmb:2084 smb:2767 d:- ref:0 ;
in:2970 out:2970 type:B dur:2 cpbdur:2 q:30.64 aq:21.21 tex:139430 mv:51098 misc:5232 imb:640 pmb:3940 smb:3580 d:- ref:0 ;
in:2969 out:2971 type:b dur:2 cpbdur:2 q:30.65 aq:23.35 tex:54830 mv:35513 misc:5161 imb:206 pmb:2909 smb:5045 d:- ref:0 ;
in:2971 out:2972 type:b dur:2 cpbdur:2 q:30.64 aq:25.01 tex:50704 mv:32209 misc:4695 imb:214 pmb:2412 smb:5534 d:- ref:0 ;
in:2976 out:2973 type:P dur:2 cpbdur:2 q:30.62 aq:20.63 tex:178337 mv:41128 misc:2903 imb:1847 pmb:1906 smb:4407 d:- ref:0 ;
in:2974 out:2974 type:B dur:2 cpbdur:2 q:30.63 aq:23.25 tex:101989 mv:43430 misc:3709 imb:358 pmb:2664 smb:5138 d:- ref:0 ;
in:2973 out:2975 type:b dur:2 cpbdur:2 q:30.63 aq:25.60 tex:40083 mv:29657 misc:4252 imb:173 pmb:2080 smb:5907 d:- ref:0 ;
in:2975 out:2976 type:b dur:2 cpbdur:2 q:30.62 aq:25.69 tex:42746 mv:28960 misc:4190 imb:167 pmb:2117 smb:5876 d:- ref:0 ;
in:2980 out:2977 type:P dur:2 cpbdur:2 q:30.60 aq:20.64 tex:180072 mv:41924 misc:3300 imb:1818 pmb:1992 smb:4350 d:- ref:0 ;
in:2978 out:2978 type:B dur:2 cpbdur:2 q:30.61 aq:22.75 tex:100039 mv:44026 misc:3991 imb:373 pmb:2742 smb:5045 d:- ref:0 ;
in:2977 out:2979 type:b dur:2 cpbdur:2 q:30.62 aq:24.76 tex:35515 mv:29335 misc:4526 imb:130 pmb:2148 smb:5882 d:- ref:0 ;
in:2979 out:2980 type:b dur:2 cpbdur:2 q:30.61 aq:25.11 tex:38400 mv:28282 misc:4390 imb:129 pmb:2147 smb:5884 d:- ref:0 ;
in:2984 out:2981 type:P dur:2 cpbdur:2 q:30.58 aq:19.94 tex:185879 mv:42799 misc:3114 imb:1951 pmb:1936 smb:4273 d:- ref:0 ;
in:2982 out:2982 type:B dur:2 cpbdur:2 q:30.59 aq:22.89 tex:101076 mv:44204 misc:4024 imb:388 pmb:2764 smb:5008 d:- ref:0 ;
in:2981 out:2983 type:b dur:2 cpbdur:2 q:30.60 aq:25.00 tex:41227 mv:30004 misc:4321 imb:138 pmb:2209 smb:5813 d:- ref:0 ;
in:2983 out:2984 type:b dur:2 cpbdur:2 q:30.59 aq:25.15 tex:42180 mv:30794 misc:4146 imb:198 pmb:2155 smb:5807 d:- ref:0 ;
in:2988 out:2985 type:P dur:2 cpbdur:2 q:30.57 aq:20.75 tex:172083 mv:42356 misc:3289 imb:1922 pmb:2046 smb:4192 d:- ref:0 ;
in:2986 out:2986 type:B dur:2 cpbdur:2 q:30.58 aq:23.01 tex:94757 mv:42391 misc:4132 imb:337 pmb:2798 smb:5025 d:- ref:0 ;
in:2985 out:2987 type:b dur:2 cpbdur:2 q:30.58 aq:25.11 tex:36131 mv:27422 misc:4447 imb:174 pmb:2026 smb:5960 d:- ref:0 ;
in:2987 out:2988 type:b dur:2 cpbdur:2 q:30.57 aq:24.77 tex:43790 mv:28252 misc:4502 imb:204 pmb:2240 smb:5716 d:- ref:0 ;
in:2992 out:2989 type:P dur:2 cpbdur:2 q:30.54 aq:20.36 tex:159378 mv:42046 misc:3336 imb:1790 pmb:2140 smb:4230 d:- ref:0 ;
in:2990 out:2990 type:B dur:2 cpbdur:2 q:30.55 aq:22.66 tex:84210 mv:41098 misc:4292 imb:330 pmb:2754 smb:5076 d:- ref:0 ;
in:2989 out:2991 type:b dur:2 cpbdur:2 q:30.56 aq:24.74 tex:36342 mv:26745 misc:4641 imb:143 pmb:2069 smb:5948 d:- ref:0 ;
in:2991 out:2992 type:b dur:2 cpbdur:2 q:30.54 aq:25.78 tex:37949 mv:27549 misc:4214 imb:166 pmb:2059 smb:5935 d:- ref:0 ;
in:2996 out:2993 type:P dur:2 cpbdur:2 q:30.51 aq:21.27 tex:162695 mv:42318 misc:3251 imb:2281 pmb:1922 smb:3957 d:- ref:0 ;
in:2994 out:2994 type:B dur:2 cpbdur:2 q:30.52 aq:22.65 tex:97657 mv:44448 misc:4399 imb:466 pmb:2933 smb:4761 d:- ref:0 ;
in:2993 out:2995 type:b dur:2 cpbdur:2 q:30.53 aq:25.07 tex:40663 mv:28301 misc:4468 imb:188 pmb:2120 smb:5852 d:- ref:0 ;
in:2995 out:2996 type:b dur:2 cpbdur:2 q:30.51 aq:24.71 tex:45417 mv:30602 misc:4717 imb:235 pmb:2387 smb:5538 d:- ref:0 ;
in:3000 out:2997 type:P dur:2 cpbdur:2 q:30.48 aq:20.33 tex:208266 mv:50634 misc:1652 imb:6225 pmb:1619 smb:316 d:- ref:0 ;
in:2998 out:2998 type:B dur:2 cpbdur:2 q:30.49 aq:21.38 tex:116376 mv:53369 misc:5087 imb:1078 pmb:4677 smb:2405 d:- ref:0 ;
in:2997 out:2999 type:b dur:2 cpbdur:2 q:30.50 aq:23.75 tex:47034 mv:32206 misc:5592 imb:375 pmb:2667 smb:5118 d:- ref:0 ;
in:2999 out:3000 type:b dur:2 cpbdur:2 q:30.49 aq:22.74 tex:59063 mv:36687 misc:6330 imb:582 pmb:3631 smb:3947 d:- ref:0 ;
in:3004 out:3001 type:P dur:2 cpbdur:2 q:30.45 aq:21.12 tex:201324 mv:50238 misc:3526 imb:4807 pmb:1523 smb:1830 d:- ref:0 ;
in:3002 out:3002 type:B dur:2 cpbdur:2 q:30.47 aq:23.28 tex:113087 mv:56977 misc:5288 imb:1027 pmb:3460 smb:3673 d:- ref:0 ;
in:3001 out:3003 type:b dur:2 cpbdur:2 q:30.47 aq:25.56 tex:47705 mv:36681 misc:6110 imb:425 pmb:2738 smb:4997 d:- ref:0 ;
in:3003 out:3004 type:b dur:2 cpbdur:2 q:30.46 aq:25.93 tex:55340 mv:38909 misc:5983 imb:428 pmb:3058 smb:4674 d:- ref:0 ;
in:3008 out:3005 type:P dur:2 cpbdur:2 q:30.43 aq:22.50 tex:210362 mv:52179 misc:2907 imb:4570 pmb:1568 smb:2022 d:- ref:0 ;
in:3006 out:3006 type:B dur:2 cpbdur:2 q:30.44 aq:24.38 tex:121523 mv:59774 misc:5223 imb:1096 pmb:3574 smb:3490 d:- ref:0 ;
in:3005 out:3007 type:b dur:2 cpbdur:2 q:30.45 aq:25.54 tex:52841 mv:40525 misc:5986 imb:467 pmb:2930 smb:4763 d:- ref:0 ;
in:3007 out:3008 type:b dur:2 cpbdur:2 q:30.43 aq:25.44 tex:60606 mv:42793 misc:6033 imb:523 pmb:3229 smb:4408 d:- ref:0 ;
in:3012 out:3009 type:P dur:2 cpbdur:2 q:30.40 aq:22.80 tex:232154 mv:56919 misc:2271 imb:5357 pmb:1572 smb:1231 d:- ref:0 ;
in:3010 out:3010 type:B dur:2 cpbdur:2 q:30.42 aq:23.36 tex:137375 mv:64553 misc:5552 imb:1293 pmb:4236 smb:2631 d:- ref:0 ;
in:3009 out:3011 type:b dur:2 cpbdur:2 q:30.42 aq:24.85 tex:66362 mv:45004 misc:6514 imb:481 pmb:3722 smb:3957 d:- ref:0 ;
in:3011 out:3012 type:b dur:2 cpbdur:2 q:30.41 aq:24.68 tex:65746 mv:44828 misc:6778 imb:565 pmb:3681 smb:3914 d:- ref:0 ;
in:3016 out:3013 type:P dur:2 cpbdur:2 q:30.39 aq:22.21 tex:233987 mv:61410 misc:2803 imb:5072 pmb:2043 smb:1045 d:- ref:0 ;
in:3014 out:3014 type:B dur:2 cpbdur:2 q:30.40 aq:23.54 tex:123551 mv:61719 misc:6050 imb:1103 pmb:4222 smb:2835 d:- ref:0 ;
in:3013 out:3015 type:b dur:2 cpbdur:2 q:30.40 aq:24.49 tex:62361 mv:43516 misc:7107 imb:571 pmb:3467 smb:4122 d:- ref:0 ;
in:3015 out:3016 type:b dur:2 cpbdur:2 q:30.40 aq:25.51 tex:52375 mv:36758 misc:6235 imb:367 pmb:2981 smb:4812 d:- ref:0 ;
in:3020 out:3017 type:P dur:2 cpbdur:2 q:30.39 aq:22.53 tex:207997 mv:57299 misc:3728 imb:3977 pmb:2130 smb:2053 d:- ref:0 ;
in:3018 out:3018 type:B dur:2 cpbdur:2 q:30.39 aq:24.24 tex:116241 mv:59115 misc:5692 imb:938 pmb:3697 smb:3525 d:- ref:0 ;
in:3017 out:3019 type:b dur:2 cpbdur:2 q:30.39 aq:25.88 tex:53584 mv:37305 misc:5935 imb:345 pmb:2863 smb:4952 d:- ref:0 ;
in:3019 out:3020 type:b dur:2 cpbdur:2 q:30.39 aq:25.43 tex:54997 mv:37720 misc:5859 imb:430 pmb:2879 smb:4851 d:- ref:0 ;
in:3024 out:3021 type:P dur:2 cpbdur:2 q:30.39 aq:22.60 tex:184943 mv:54593 misc:3912 imb:3629 pmb:2174 smb:2357 d:- ref:0 ;
in:3022 out:3022 type:B dur:2 cpbdur:2 q:30.39 aq:24.26 tex:96600 mv:55303 misc:5641 imb:936 pmb:3459 smb:3765 d:- ref:0 ;
in:3021 out:3023 type:b dur:2 cpbdur:2 q:30.39 aq:25.64 tex:45767 mv:35214 misc:5979 imb:356 pmb:2684 smb:5120 d:- ref:0 ;
in:3023 out:3024 type:b dur:2 cpbdur:2 q:30.39 aq:25.38 tex:44675 mv:35184 misc:5845 imb:447 pmb:2632 smb:5081 d:- ref:0 ;
in:3028 out:3025 type:P dur:2 cpbdur:2 q:30.40 aq:22.99 tex:176786 mv:54647 misc:3655 imb:3710 pmb:2213 smb:2237 d:- ref:0 ;
in:3026 out:3026 type:B dur:2 cpbdur:2 q:30.40 aq:24.47 tex:91830 mv:56136 misc:5818 imb:890 pmb:3614 smb:3656 d:- ref:0 ;
in:3025 out:3027 type:b dur:2 cpbdur:2 q:30.40 aq:25.49 tex:38664 mv:33929 misc:6079 imb:358 pmb:2637 smb:5165 d:- ref:0 ;
in:3027 out:3028 type:b dur:2 cpbdur:2 q:30.40 aq:25.39 tex:42934 mv:36024 misc:6122 imb:428 pmb:2841 smb:4891 d:- ref:0 ;
in:3032 out:3029 type:P dur:2 cpbdur:2 q:30.40 aq:21.59 tex:177818 mv:59887 misc:2263 imb:5505 pmb:2183 smb:472 d:- ref:0 ;
in:3030 out:3030 type:B dur:2 cpbdur:2 q:30.40 aq:22.72 tex:107697 mv:59298 misc:6053 imb:1389 pmb:3988 smb:2783 d:- ref:0 ;
in:3029 out:3031 type:b dur:2 cpbdur:2 q:30.40 aq:23.72 tex:49485 mv:40291 misc:7400 imb:532 pmb:3850 smb:3778 d:- ref:0 ;
in:3031 out:3032 type:b dur:2 cpbdur:2 q:30.40 aq:25.33 tex:41262 mv:39006 misc:6332 imb:501 pmb:2845 smb:4814 d:- ref:0 ;
in:3036 out:3033 type:P dur:2 cpbdur:2 q:30.39 aq:22.39 tex:160256 mv:54327 misc:3745 imb:3655 pmb:2150 smb:2355 d:- ref:0 ;
in:3034 out:3034 type:B dur:2 cpbdur:2 q:30.39 aq:24.31 tex:80667 mv:55938 misc:5403 imb:1022 pmb:3364 smb:3774 d:- ref:0 ;
in:3033 out:3035 type:b dur:2 cpbdur:2 q:30.40 aq:25.60 tex:35188 mv:35366 misc:6054 imb:476 pmb:2602 smb:5082 d:- ref:0 ;
in:3035 out:3036 type:b dur:2 cpbdur:2 q:30.39 aq:25.12 tex:38818 mv:36753 misc:6053 imb:535 pmb:2703 smb:4922 d:- ref:0 ;
in:3040 out:3037 type:P dur:2 cpbdur:2 q:30.37 aq:22.31 tex:159226 mv:54553 misc:3765 imb:3857 pmb:2153 smb:2150 d:- ref:0 ;
in:3038 out:3038 type:B dur:2 cpbdur:2 q:30.38 aq:24.28 tex:78070 mv:56187 misc:5535 imb:1032 pmb:3486 smb:3642 d:- ref:0 ;
in:3037 out:3039 type:b dur:2 cpbdur:2 q:30.38 aq:25.52 tex:33155 mv:35276 misc:6017 imb:449 pmb:2596 smb:5115 d:- ref:0 ;
in:3039 out:3040 type:b dur:2 cpbdur:2 q:30.37 aq:25.46 tex:35384 mv:38171 misc:6085 imb:474 pmb:2798 smb:4888 d:- ref:0 ;
in:3044 out:3041 type:P dur:2 cpbdur:2 q:30.35 aq:21.93 tex:161927 mv:53262 misc:3619 imb:4010 pmb:2000 smb:2150 d:- ref:0 ;
in:3042 out:3042 type:B dur:2 cpbdur:2 q:30.36 aq:23.66 tex:82503 mv:58507 misc:5382 imb:1051 pmb:3566 smb:3543 d:- ref:0 ;
in:3041 out:3043 type:b dur:2 cpbdur:2 q:30.36 aq:25.11 tex:36592 mv:37975 misc:5969 imb:455 pmb:2787 smb:4918 d:- ref:0 ;
in:3043 out:3044 type:b dur:2 cpbdur:2 q:30.35 aq:24.86 tex:36256 mv:39086 misc:5994 imb:511 pmb:2764 smb:4885 d:- ref:0 ;
in:3048 out:3045 type:P dur:2 cpbdur:2 q:30.32 aq:22.01 tex:152444 mv:52981 misc:3287 imb:3971 pmb:2004 smb:2185 d:- ref:0 ;
in:3046 out:3046 type:B dur:2 cpbdur:2 q:30.33 aq:23.99 tex:76171 mv:55615 misc:5550 imb:970 pmb:3452 smb:3738 d:- ref:0 ;
in:3045 out:3047 type:b dur:2 cpbdur:2 q:30.34 aq:24.75 tex:32613 mv:36242 misc:5985 imb:446 pmb:2634 smb:5080 d:- ref:0 ;
in:3047 out:3048 type:b dur:2 cpbdur:2 q:30.33 aq:24.92 tex:33596 mv:36992 misc:5924 imb:491 pmb:2710 smb:4959 d:- ref:0 ;
in:3052 out:3049 type:P dur:2 cpbdur:2 q:30.30 aq:22.17 tex:153385 mv:53342 misc:3441 imb:3747 pmb:2045 smb:2368 d:- ref:0 ;
in:3050 out:3050 type:B dur:2 cpbdur:2 q:30.31 aq:23.87 tex:75664 mv:54441 misc:5375 imb:871 pmb:3435 smb:3854 d:- ref:0 ;
in:3049 out:3051 type:b dur:2 cpbdur:2 q:30.32 aq:25.33 tex:28469 mv:33640 misc:5851 imb:368 pmb:2515 smb:5277 d:- ref:0 ;
in:3051 out:3052 type:b dur:2 cpbdur:2 q:30.30 aq:25.41 tex:36306 mv:36789 misc:6001 imb:478 pmb:2707 smb:4975 d:- ref:0 ;
in:3056 out:3053 type:P dur:2 cpbdur:2 q:30.27 aq:22.07 tex:156439 mv:53335 misc:3218 imb:4016 pmb:1947 smb:2197 d:- ref:0 ;
in:3054 out:3054 type:B dur:2 cpbdur:2 q:30.29 aq:23.84 tex:78030 mv:55294 misc:5460 imb:980 pmb:3398 smb:3782 d:- ref:0 ;
in:3053 out:3055 type:b dur:2 cpbdur:2 q:30.29 aq:25.57 tex:29639 mv:35399 misc:6026 imb:419 pmb:2557 smb:5184 d:- ref:0 ;
in:3055 out:3056 type:b dur:2 cpbdur:2 q:30.28 aq:25.26 tex:34789 mv:37149 misc:5830 imb:495 pmb:2594 smb:5071 d:- ref:0 ;
in:3060 out:3057 type:P dur:2 cpbdur:2 q:30.25 aq:21.20 tex:175911 mv:56314 misc:2807 imb:5059 pmb:2112 smb:989 d:- ref:0 ;
in:3058 out:3058 type:B dur:2 cpbdur:2 q:30.26 aq:22.57 tex:90946 mv:57622 misc:5944 imb:1025 pmb:4080 smb:3055 d:- ref:0 ;
in:3057 out:3059 type:b dur:2 cpbdur:2 q:30.27 aq:25.39 tex:32686 mv:36547 misc:5703 imb:433 pmb:2566 smb:5161 d:- ref:0 ;
in:3059 out:3060 type:b dur:2 cpbdur:2 q:30.26 aq:23.29 tex:47018 mv:40173 misc:6897 imb:563 pmb:3527 smb:4070 d:- ref:0 ;
in:3064 out:3061 type:P dur:2 cpbdur:2 q:30.23 aq:21.95 tex:154653 mv:50177 misc:3674 imb:3512 pmb:1949 smb:2699 d:- ref:0 ;
in:3062 out:3062 type:B dur:2 cpbdur:2 q:30.24 aq:24.48 tex:87228 mv:56588 misc:5192 imb:1036 pmb:3319 smb:3805 d:- ref:0 ;
in:3061 out:3063 type:b dur:2 cpbdur:2 q:30.25 aq:25.02 tex:36022 mv:36871 misc:6083 imb:480 pmb:2634 smb:5046 d:- ref:0 ;
in:3063 out:3064 type:b dur:2 cpbdur:2 q:30.24 aq:25.52 tex:43061 mv:39628 misc:5415 imb:545 pmb:2686 smb:4929 d:- ref:0 ;
in:3068 out:3065 type:P dur:2 cpbdur:2 q:30.21 aq:22.56 tex:151580 mv:48949 misc:3087 imb:3162 pmb:1935 smb:3063 d:- ref:0 ;
in:3066 out:3066 type:B dur:2 cpbdur:2 q:30.22 aq:24.26 tex:84109 mv:54332 misc:4391 imb:1105 pmb:3001 smb:4054 d:- ref:0 ;
in:3065 out:3067 type:b dur:2 cpbdur:2 q:30.22 aq:25.54 tex:39440 mv:38441 misc:5175 imb:561 pmb:2496 smb:5103 d:- ref:0 ;
in:3067 out:3068 type:b dur:2 cpbdur:2 q:30.21 aq:26.04 tex:39172 mv:38855 misc:5165 imb:541 pmb:2604 smb:5015 d:- ref:0 ;
in:3072 out:3069 type:P dur:2 cpbdur:2 q:30.18 aq:22.45 tex:150085 mv:49375 misc:3308 imb:3219 pmb:1924 smb:3017 d:- ref:0 ;
in:3070 out:3070 type:B dur:2 cpbdur:2 q:30.20 aq:24.11 tex:80216 mv:53612 misc:4692 imb:967 pmb:3093 smb:4100 d:- ref:0 ;
in:3069 out:3071 type:b dur:2 cpbdur:2 q:30.20 aq:25.03 tex:31590 mv:35459 misc:5375 imb:413 pmb:2447 smb:5300 d:- ref:0 ;
in:3071 out:3072 type:b dur:2 cpbdur:2 q:30.19 aq:25.38 tex:37544 mv:37601 misc:5423 imb:470 pmb:2600 smb:5090 d:- ref:0 ;
in:3076 out:3073 type:P dur:2 cpbdur:2 q:30.16 aq:22.02 tex:156334 mv:47993 misc:3257 imb:3334 pmb:1844 smb:2982 d:- ref:0 ;
in:3074 out:3074 type:B dur:2 cpbdur:2 q:30.17 aq:23.99 tex:84102 mv:53776 misc:4778 imb:1005 pmb:3085 smb:4070 d:- ref:0 ;
in:3073 out:3075 type:b dur:2 cpbdur:2 q:30.18 aq:24.79 tex:33470 mv:35799 misc:5211 imb:395 pmb:2474 smb:5291 d:- ref:0 ;
in:3075 out:3076 type:b dur:2 cpbdur:2 q:30.17 aq:25.40 tex:38882 mv:37861 misc:5273 imb:500 pmb:2569 smb:5091 d:- ref:0 ;
in:3080 out:3077 type:P dur:2 cpbdur:2 q:30.14 aq:22.52 tex:149780 mv:46929 misc:3323 imb:3074 pmb:1891 smb:3195 d:- ref:0 ;
in:3078 out:3078 type:B dur:2 cpbdur:2 q:30.15 aq:23.86 tex:79591 mv:52608 misc:4601 imb:1006 pmb:2986 smb:4168 d:- ref:0 ;
in:3077 out:3079 type:b dur:2 cpbdur:2 q:30.16 aq:25.16 tex:32550 mv:34350 misc:5268 imb:423 pmb:2392 smb:5345 d:- ref:0 ;
in:3079 out:3080 type:b dur:2 cpbdur:2 q:30.15 aq:24.74 tex:36505 mv:36194 misc:5125 imb:493 pmb:2434 smb:5233 d:- ref:0 ;
in:3084 out:3081 type:P dur:2 cpbdur:2 q:30.12 aq:21.90 tex:151925 mv:49017 misc:3506 imb:2895 pmb:2120 smb:3145 d:- ref:0 ;
in:3082 out:3082 type:B dur:2 cpbdur:2 q:30.13 aq:23.91 tex:80683 mv:51891 misc:4738 imb:939 pmb:3028 smb:4193 d:- ref:0 ;
in:3081 out:3083 type:b dur:2 cpbdur:2 q:30.14 aq:24.63 tex:31485 mv:35170 misc:5297 imb:403 pmb:2458 smb:5299 d:- ref:0 ;
in:3083 out:3084 type:b dur:2 cpbdur:2 q:30.13 aq:24.88 tex:36452 mv:36713 misc:5435 imb:459 pmb:2643 smb:5058 d:- ref:0 ;
in:3088 out:3085 type:P dur:2 cpbdur:2 q:30.10 aq:21.92 tex:138389 mv:47154 misc:3497 imb:2952 pmb:2047 smb:3161 d:- ref:0 ;
in:3086 out:3086 type:B dur:2 cpbdur:2 q:30.11 aq:23.76 tex:69165 mv:49272 misc:4795 imb:831 pmb:3022 smb:4307 d:- ref:0 ;
in:3085 out:3087 type:b dur:2 cpbdur:2 q:30.12 aq:25.37 tex:28604 mv:32708 misc:5400 imb:403 pmb:2327 smb:5430 d:- ref:0 ;
in:3087 out:3088 type:b dur:2 cpbdur:2 q:30.11 aq:24.98 tex:31005 mv:32372 misc:5335 imb:369 pmb:2436 smb:5355 d:- ref:0 ;
in:3092 out:3089 type:P dur:2 cpbdur:2 q:30.08 aq:20.83 tex:148372 mv:52632 misc:3628 imb:4193 pmb:2147 smb:1820 d:- ref:0 ;
in:3090 out:3090 type:B dur:2 cpbdur:2 q:30.09 aq:22.04 tex:80673 mv:51269 misc:5866 imb:980 pmb:3727 smb:3453 d:- ref:0 ;
in:3089 out:3091 type:b dur:2 cpbdur:2 q:30.09 aq:23.33 tex:31698 mv:32273 misc:6397 imb:340 pmb:2813 smb:5007 d:- ref:0 ;
in:3091 out:3092 type:b dur:2 cpbdur:2 q:30.08 aq:24.76 tex:30660 mv:33552 misc:5876 imb:399 pmb:2561 smb:5200 d:- ref:0 ;
in:3096 out:3093 type:P dur:2 cpbdur:2 q:30.05 aq:21.77 tex:140050 mv:46406 misc:3848 imb:2982 pmb:1953 smb:3225 d:- ref:0 ;
in:3094 out:3094 type:B dur:2 cpbdur:2 q:30.06 aq:23.71 tex:66857 mv:47487 misc:4984 imb:827 pmb:2970 smb:4363 d:- ref:0 ;
in:3093 out:3095 type:b dur:2 cpbdur:2 q:30.07 aq:24.45 tex:27297 mv:30264 misc:5527 imb:377 pmb:2319 smb:5464 d:- ref:0 ;
in:3095 out:3096 type:b dur:2 cpbdur:2 q:30.06 aq:25.19 tex:31031 mv:32004 misc:5285 imb:423 pmb:2357 smb:5380 d:- ref:0 ;
in:3099 out:3097 type:P dur:2 cpbdur:2 q:30.03 aq:22.62 tex:105725 mv:43941 misc:3966 imb:2476 pmb:2170 smb:3514 d:- ref:0 ;
in:3097 out:3098 type:B dur:2 cpbdur:2 q:30.04 aq:24.75 tex:35700 mv:36875 misc:5033 imb:608 pmb:2497 smb:5055 d:- ref:0 ;
in:3098 out:3099 type:b dur:2 cpbdur:2 q:30.03 aq:24.85 tex:28237 mv:30362 misc:5337 imb:421 pmb:2343 smb:5396 d:- ref:0 ;
in:3100 out:3100 type:I dur:2 cpbdur:2 q:27.23 aq:17.74 tex:246801 mv:103430 misc:377 imb:8160 pmb:0 smb:0 d:- ref:;
in:3104 out:3101 type:P dur:2 cpbdur:2 q:30.01 aq:21.53 tex:131697 mv:45944 misc:3615 imb:3058 pmb:1905 smb:3197 d:- ref:0 ;
in:3102 out:3102 type:B dur:2 cpbdur:2 q:30.01 aq:23.78 tex:57984 mv:46179 misc:5245 imb:813 pmb:2864 smb:4483 d:- ref:0 ;
in:3101 out:3103 type:b dur:2 cpbdur:2 q:30.01 aq:24.80 tex:21501 mv:28678 misc:5509 imb:383 pmb:2066 smb:5711 d:- ref:0 ;
in:3103 out:3104 type:b dur:2 cpbdur:2 q:30.01 aq:25.04 tex:27074 mv:31179 misc:5419 imb:412 pmb:2277 smb:5471 d:- ref:0 ;
in:3108 out:3105 type:P dur:2 cpbdur:2 q:29.99 aq:21.52 tex:142119 mv:46954 misc:3431 imb:3181 pmb:1919 smb:3060 d:- ref:0 ;
in:3106 out:3106 type:B dur:2 cpbdur:2 q:30.00 aq:23.54 tex:70629 mv:49157 misc:5150 imb:874 pmb:3040 smb:4246 d:- ref:0 ;
in:3105 out:3107 type:b dur:2 cpbdur:2 q:30.01 aq:24.62 tex:29166 mv:31657 misc:5433 imb:410 pmb:2346 smb:5404 d:- ref:0 ;
in:3107 out:3108 type:b dur:2 cpbdur:2 q:29.99 aq:24.22 tex:32830 mv:33395 misc:5543 imb:444 pmb:2426 smb:5290 d:- ref:0 ;
in:3112 out:3109 type:P dur:2 cpbdur:2 q:29.96 aq:21.70 tex:135953 mv:46856 misc:3399 imb:3066 pmb:1963 smb:3131 d:- ref:0 ;
in:3110 out:3110 type:B dur:2 cpbdur:2 q:29.97 aq:23.18 tex:64302 mv:49597 misc:4965 imb:933 pmb:2985 smb:4242 d:- ref:0 ;
in:3109 out:3111 type:b dur:2 cpbdur:2 q:29.98 aq:24.23 tex:26754 mv:29595 misc:5515 imb:392 pmb:2223 smb:5545 d:- ref:0 ;
in:3111 out:3112 type:b dur:2 cpbdur:2 q:29.96 aq:24.26 tex:29911 mv:31705 misc:5344 imb:453 pmb:2342 smb:5365 d:- ref:0 ;
in:3116 out:3113 type:P dur:2 cpbdur:2 q:29.92 aq:21.84 tex:140925 mv:47549 misc:3342 imb:3103 pmb:1939 smb:3118 d:- ref:0 ;
in:3114 out:3114 type:B dur:2 cpbdur:2 q:29.94 aq:23.07 tex:69604 mv:50926 misc:4886 imb:943 pmb:3067 smb:4150 d:- ref:0 ;
in:3113 out:3115 type:b dur:2 cpbdur:2 q:29.95 aq:24.17 tex:26942 mv:31865 misc:5337 imb:413 pmb:2350 smb:5397 d:- ref:0 ;
in:3115 out:3116 type:b dur:2 cpbdur:2 q:29.93 aq:23.78 tex:34605 mv:36246 misc:5677 imb:509 pmb:2650 smb:5001 d:- ref:0 ;
in:3120 out:3117 type:P dur:2 cpbdur:2 q:29.89 aq:20.55 tex:159236 mv:50188 misc:3744 imb:4227 pmb:1984 smb:1949 d:- ref:0 ;
in:3118 out:3118 type:B dur:2 cpbdur:2 q:29.91 aq:22.07 tex:76916 mv:53032 misc:5508 imb:981 pmb:3481 smb:3698 d:- ref:0 ;
in:3117 out:3119 type:b dur:2 cpbdur:2 q:29.91 aq:24.66 tex:28902 mv:32982 misc:5644 imb:400 pmb:2515 smb:5245 d:- ref:0 ;
in:3119 out:3120 type:b dur:2 cpbdur:2 q:29.90 aq:22.92 tex:38763 mv:37092 misc:6185 imb:506 pmb:2946 smb:4708 d:- ref:0 ;
in:3124 out:3121 type:P dur:2 cpbdur:2 q:29.86 aq:21.47 tex:140978 mv:48068 misc:3618 imb:3122 pmb:2012 smb:3026 d:- ref:0 ;
in:3122 out:3122 type:B dur:2 cpbdur:2 q:29.88 aq:22.66 tex:72749 mv:52223 misc:5156 imb:943 pmb:3235 smb:3982 d:- ref:0 ;
in:3121 out:3123 type:b dur:2 cpbdur:2 q:29.89 aq:24.53 tex:28779 mv:34127 misc:5822 imb:415 pmb:2507 smb:5238 d:- ref:0 ;
in:3123 out:3124 type:b dur:2 cpbdur:2 q:29.87 aq:23.42 tex:32501 mv:35716 misc:5631 imb:493 pmb:2645 smb:5022 d:- ref:0 ;
in:3128 out:3125 type:P dur:2 cpbdur:2 q:29.83 aq:21.11 tex:146533 mv:45749 misc:3558 imb:3091 pmb:1851 smb:3218 d:- ref:0 ;
in:3126 out:3126 type:B dur:2 cpbdur:2 q:29.85 aq:22.69 tex:71895 mv:50165 misc:4908 imb:934 pmb:2969 smb:4257 d:- ref:0 ;
in:3125 out:3127 type:b dur:2 cpbdur:2 q:29.86 aq:23.82 tex:29771 mv:33024 misc:5213 imb:442 pmb:2378 smb:5340 d:- ref:0 ;
in:3127 out:3128 type:b dur:2 cpbdur:2 q:29.84 aq:23.53 tex:32246 mv:34699 misc:5431 imb:498 pmb:2509 smb:5153 d:- ref:0 ;
in:3132 out:3129 type:P dur:2 cpbdur:2 q:29.80 aq:20.90 tex:140881 mv:46754 misc:3437 imb:3104 pmb:1941 smb:3115 d:- ref:0 ;
in:3130 out:3130 type:B dur:2 cpbdur:2 q:29.82 aq:22.83 tex:70231 mv:48155 misc:4854 imb:958 pmb:2976 smb:4226 d:- ref:0 ;
in:3129 out:3131 type:b dur:2 cpbdur:2 q:29.82 aq:23.72 tex:27026 mv:31383 misc:5351 imb:401 pmb:2358 smb:5401 d:- ref:0 ;
in:3131 out:3132 type:b dur:2 cpbdur:2 q:29.81 aq:23.93 tex:33037 mv:35474 misc:5385 imb:485 pmb:2582 smb:5093 d:- ref:0 ;
in:3136 out:3133 type:P dur:2 cpbdur:2 q:29.78 aq:21.01 tex:134524 mv:44853 misc:3623 imb:2872 pmb:1950 smb:3338 d:- ref:0 ;
in:3134 out:3134 type:B dur:2 cpbdur:2 q:29.79 aq:22.86 tex:65894 mv:47455 misc:4811 imb:851 pmb:2947 smb:4362 d:- ref:0 ;
in:3133 out:3135 type:b dur:2 cpbdur:2 q:29.80 aq:23.74 tex:28102 mv:31972 misc:5278 imb:464 pmb:2315 smb:5381 d:- ref:0 ;
in:3135 out:3136 type:b dur:2 cpbdur:2 q:29.78 aq:23.80 tex:33236 mv:33285 misc:5215 imb:510 pmb:2418 smb:5232 d:- ref:0 ;
in:3140 out:3137 type:P dur:2 cpbdur:2 q:29.76 aq:20.80 tex:139871 mv:45034 misc:3655 imb:2917 pmb:1935 smb:3308 d:- ref:0 ;
in:3138 out:3138 type:B dur:2 cpbdur:2 q:29.77 aq:22.34 tex:71292 mv:49108 misc:4784 imb:966 pmb:2974 smb:4220 d:- ref:0 ;
in:3137 out:3139 type:b dur:2 cpbdur:2 q:29.77 aq:23.90 tex:29544 mv:33174 misc:5282 imb:453 pmb:2402 smb:5305 d:- ref:0 ;
in:3139 out:3140 type:b dur:2 cpbdur:2 q:29.76 aq:23.89 tex:34831 mv:34777 misc:5112 imb:528 pmb:2430 smb:5202 d:- ref:0 ;
in:3144 out:3141 type:P dur:2 cpbdur:2 q:29.73 aq:20.69 tex:144235 mv:45376 misc:3605 imb:2891 pmb:1940 smb:3329 d:- ref:0 ;
in:3142 out:3142 type:B dur:2 cpbdur:2 q:29.74 aq:22.47 tex:68294 mv:49604 misc:4694 imb:918 pmb:2964 smb:4278 d:- ref:0 ;
in:3141 out:3143 type:b dur:2 cpbdur:2 q:29.75 aq:23.89 tex:31020 mv:33989 misc:5007 imb:512 pmb:2336 smb:5312 d:- ref:0 ;
in:3143 out:3144 type:b dur:2 cpbdur:2 q:29.74 aq:23.96 tex:34177 mv:35439 misc:5008 imb:572 pmb:2414 smb:5174 d:- ref:0 ;
in:3148 out:3145 type:P dur:2 cpbdur:2 q:29.71 aq:20.40 tex:144798 mv:45955 misc:3695 imb:3073 pmb:1952 smb:3135 d:- ref:0 ;
in:3146 out:3146 type:B dur:2 cpbdur:2 q:29.72 aq:22.75 tex:72446 mv:49352 misc:4906 imb:895 pmb:3077 smb:4188 d:- ref:0 ;
in:3145 out:3147 type:b dur:2 cpbdur:2 q:29.72 aq:24.02 tex:30259 mv:33982 misc:5087 imb:454 pmb:2401 smb:5305 d:- ref:0 ;
in:3147 out:3148 type:b dur:2 cpbdur:2 q:29.71 aq:23.21 tex:34313 mv:35602 misc:5445 imb:570 pmb:2559 smb:5031 d:- ref:0 ;
in:3152 out:3149 type:P dur:2 cpbdur:2 q:29.68 aq:19.76 tex:151832 mv:50279 misc:3761 imb:4032 pmb:2133 smb:1995 d:- ref:0 ;
in:3150 out:3150 type:B dur:2 cpbdur:2 q:29.69 aq:21.74 tex:81699 mv:50768 misc:5605 imb:1250 pmb:3563 smb:3347 d:- ref:0 ;
in:3149 out:3151 type:b dur:2 cpbdur:2 q:29.70 aq:22.54 tex:32609 mv:34300 misc:6339 imb:491 pmb:2835 smb:4834 d:- ref:0 ;
in:3151 out:3152 type:b dur:2 cpbdur:2 q:29.68 aq:23.32 tex:33505 mv:34589 misc:5906 imb:446 pmb:2716 smb:4998 d:- ref:0 ;
in:3156 out:3153 type:P dur:2 cpbdur:2 q:29.65 aq:20.17 tex:137378 mv:45177 misc:3893 imb:3014 pmb:1990 smb:3156 d:- ref:0 ;
in:3154 out:3154 type:B dur:2 cpbdur:2 q:29.66 aq:21.64 tex:68576 mv:48502 misc:5194 imb:909 pmb:3148 smb:4103 d:- ref:0 ;
in:3153 out:3155 type:b dur:2 cpbdur:2 q:29.67 aq:23.39 tex:29023 mv:32049 misc:5608 imb:441 pmb:2441 smb:5278 d:- ref:0 ;
in:3155 out:3156 type:b dur:2 cpbdur:2 q:29.66 aq:22.36 tex:30850 mv:32635 misc:5387 imb:466 pmb:2458 smb:5236 d:- ref:0 ;
in:3160 out:3157 type:P dur:2 cpbdur:2 q:29.62 aq:20.79 tex:140417 mv:44738 misc:3669 imb:2743 pmb:1972 smb:3445 d:- ref:0 ;
in:3158 out:3158 type:B dur:2 cpbdur:2 q:29.64 aq:22.10 tex:67063 mv:47444 misc:4733 imb:768 pmb:2921 smb:4471 d:- ref:0 ;
in:3157 out:3159 type:b dur:2 cpbdur:2 q:29.64 aq:23.47 tex:28548 mv:31883 misc:5177 imb:406 pmb:2301 smb:5453 d:- ref:0 ;
in:3159 out:3160 type:b dur:2 cpbdur:2 q:29.63 aq:24.02 tex:28481 mv:32007 misc:4992 imb:361 pmb:2389 smb:5410 d:- ref:0 ;
in:3164 out:3161 type:P dur:2 cpbdur:2 q:29.60 aq:20.94 tex:142283 mv:45575 misc:3678 imb:2756 pmb:2038 smb:3366 d:- ref:0 ;
in:3162 out:3162 type:B dur:2 cpbdur:2 q:29.61 aq:21.56 tex:70275 mv:48885 misc:4776 imb:947 pmb:2930 smb:4283 d:- ref:0 ;
in:3161 out:3163 type:b dur:2 cpbdur:2 q:29.62 aq:23.67 tex:25152 mv:31339 misc:5037 imb:375 pmb:2304 smb:5481 d:- ref:0 ;
in:3163 out:3164 type:b dur:2 cpbdur:2 q:29.60 aq:23.08 tex:35661 mv:35455 misc:5460 imb:512 pmb:2607 smb:5041 d:- ref:0 ;
in:3168 out:3165 type:P dur:2 cpbdur:2 q:29.57 aq:21.12 tex:145784 mv:46252 misc:3740 imb:2856 pmb:2017 smb:3287 d:- ref:0 ;
in:3166 out:3166 type:B dur:2 cpbdur:2 q:29.58 aq:22.30 tex:68386 mv:48243 misc:4851 imb:808 pmb:3033 smb:4319 d:- ref:0 ;
in:3165 out:3167 type:b dur:2 cpbdur:2 q:29.59 aq:23.38 tex:30452 mv:32835 misc:5161 imb:405 pmb:2416 smb:5339 d:- ref:0 ;
in:3167 out:3168 type:b dur:2 cpbdur:2 q:29.58 aq:23.41 tex:33315 mv:33833 misc:5188 imb:475 pmb:2478 smb:5207 d:- ref:0 ;
in:3172 out:3169 type:P dur:2 cpbdur:2 q:29.55 aq:22.51 tex:119787 mv:44833 misc:3540 imb:2931 pmb:1975 smb:3254 d:- ref:0 ;
in:3170 out:3170 type:B dur:2 cpbdur:2 q:29.56 aq:22.16 tex:70055 mv:50397 misc:4892 imb:862 pmb:3127 smb:4171 d:- ref:0 ;
in:3169 out:3171 type:b dur:2 cpbdur:2 q:29.57 aq:23.52 tex:30072 mv:34020 misc:5236 imb:408 pmb:2545 smb:5207 d:- ref:0 ;
in:3171 out:3172 type:b dur:2 cpbdur:2 q:29.55 aq:23.30 tex:32831 mv:34663 misc:5506 imb:456 pmb:2621 smb:5083 d:- ref:0 ;
